customer_number,CreditScore,Age,Tenure,Balance,NumOfProducts,HasCrCard,IsActiveMember,EstimatedSalary,Geography,Gender,Exited
C000000,743,70,1,459534.61,1,0,0,566296.87,Karachi,Male,1
C000001,746,31,4,288949.69,2,1,0,548483.2,Lahore,Female,0
C000002,790,34,1,363751.0,4,1,0,364554.67,Lahore,Female,0
C000003,607,36,4,439785.17,1,1,0,117814.76,Islamabad,Male,0
C000004,670,30,6,453029.12,2,1,0,297496.41,Karachi,Female,0
C000005,435,48,6,264512.58,2,0,1,446092.05,Karachi,Male,0
C000006,446,29,8,270471.04,4,0,1,572972.52,Karachi,Male,1
C000007,813,27,2,425469.42,3,0,1,243744.47,Quetta,Male,0
C000008,775,57,3,403742.72,3,0,0,479416.03,Peshawar,Male,0
C000009,791,71,8,349429.3,1,1,1,422670.82,Lahore,Female,1
C000010,826,45,7,302232.15,4,1,1,83843.96,Peshawar,Male,0
C000011,615,24,6,308607.55,1,1,0,352467.04,Karachi,Male,1
C000012,412,47,7,181455.67,4,1,1,142764.95,Karachi,Female,0
C000013,452,57,8,420458.87,1,0,1,422787.6,Islamabad,Male,0
C000014,603,42,3,308889.85,1,0,1,381647.51,Karachi,Male,0
C000015,804,34,4,111764.03,4,1,1,584906.93,Karachi,Male,0
C000016,666,32,8,119921.64,3,0,0,563814.29,Peshawar,Female,0
C000017,350,29,6,430801.51,1,0,1,45248.79,Lahore,Male,0
C000018,503,67,3,312853.77,4,1,0,84816.48,Quetta,Male,1
C000019,842,67,5,199352.06,4,0,0,470715.21,Karachi,Female,0
C000020,610,69,10,93550.38,4,0,1,423960.12,Lahore,Female,0
C000021,384,35,0,305107.99,2,1,0,488529.54,Karachi,Female,1
C000022,730,54,0,92155.19,4,1,0,189416.36,Peshawar,Male,0
C000023,746,23,8,235083.52,4,1,0,515620.75,Karachi,Female,0
C000024,376,22,7,338755.27,2,0,0,287754.9,Lahore,Female,0
C000025,745,32,0,282707.72,2,1,1,186668.75,Karachi,Female,0
C000026,699,27,10,461049.95,3,1,1,45940.34,Islamabad,Female,0
C000027,655,53,1,19860.6,4,0,0,527963.86,Karachi,Male,0
C000028,573,36,3,139897.44,1,0,0,339792.56,Karachi,Female,0
C000029,536,33,0,28543.05,2,1,0,586213.97,Lahore,Female,0
C000030,508,58,1,97302.12,2,0,0,440221.58,Lahore,Male,1
C000031,418,50,4,61991.67,3,0,1,85033.6,Karachi,Male,0
C000032,514,65,7,366330.81,3,1,0,369387.06,Karachi,Male,0
C000033,607,43,5,184687.97,3,1,1,49589.74,Peshawar,Female,0
C000034,451,67,5,462522.14,4,0,0,352357.84,Karachi,Female,0
C000035,804,35,3,11688.86,4,1,0,236112.93,Karachi,Male,0
C000036,542,40,1,326462.09,4,0,0,400245.67,Karachi,Female,0
C000037,608,26,2,485272.4,2,0,1,343281.56,Quetta,Female,0
C000038,753,56,5,87919.36,3,0,1,186356.18,Karachi,Female,0
C000039,735,46,5,221216.12,2,0,1,130916.34,Islamabad,Male,0
C000040,647,71,4,350944.95,1,1,0,266638.43,Peshawar,Male,0
C000041,648,59,5,316569.0,4,0,1,592628.34,Lahore,Female,0
C000042,370,30,10,283013.57,2,1,0,283991.24,Karachi,Male,1
C000043,394,28,5,163378.06,1,0,0,459320.8,Islamabad,Male,1
C000044,829,39,0,364099.98,2,0,1,71905.17,Islamabad,Male,1
C000045,845,23,5,326627.64,1,1,0,252164.83,Islamabad,Female,0
C000046,625,31,4,81400.14,2,1,1,364980.9,Islamabad,Male,0
C000047,520,65,7,482045.37,2,0,0,460670.05,Karachi,Male,1
C000048,527,23,8,277836.45,4,0,0,335894.85,Islamabad,Male,0
C000049,572,66,5,262730.8,2,1,0,328565.51,Karachi,Male,0
C000050,648,29,9,424118.34,2,1,0,467787.87,Lahore,Female,1
C000051,830,28,3,320206.76,3,1,0,215441.12,Lahore,Male,0
C000052,373,56,2,37239.64,2,0,1,90741.89,Karachi,Female,0
C000053,687,44,9,253294.69,4,1,0,234404.26,Karachi,Male,1
C000054,433,29,0,390298.25,2,0,0,129037.89,Karachi,Male,0
C000055,409,42,6,349990.06,4,1,1,580928.75,Lahore,Female,0
C000056,637,54,4,485384.36,3,1,1,363406.47,Peshawar,Female,0
C000057,471,68,3,12458.14,4,1,0,290096.24,Lahore,Male,0
C000058,354,22,8,130609.48,3,0,1,550749.05,Islamabad,Male,0
C000059,735,33,6,274578.23,3,1,0,544202.38,Karachi,Male,0
C000060,503,32,9,309744.9,3,1,1,272790.48,Karachi,Male,0
C000061,630,69,7,137177.99,3,0,1,529847.32,Karachi,Female,1
C000062,783,51,3,413400.83,3,1,0,75854.52,Karachi,Male,0
C000063,691,25,9,82173.9,4,0,1,536002.72,Lahore,Female,1
C000064,772,55,9,424.55,3,0,0,213926.78,Peshawar,Female,0
C000065,435,44,7,476195.7,3,0,0,356468.48,Lahore,Male,0
C000066,424,53,3,195778.4,3,1,0,191025.61,Lahore,Female,0
C000067,616,24,0,478744.9,3,1,1,591487.75,Karachi,Female,0
C000068,540,49,10,138965.8,3,0,0,80196.79,Karachi,Female,0
C000069,601,25,7,31724.32,1,0,1,290294.96,Karachi,Female,0
C000070,842,71,0,386259.8,2,0,0,387753.37,Islamabad,Female,0
C000071,417,33,2,417909.77,2,1,1,384742.86,Lahore,Female,0
C000072,702,45,6,246043.45,3,0,1,453704.7,Karachi,Female,0
C000073,495,54,2,36925.17,3,0,1,445672.58,Lahore,Female,0
C000074,828,24,7,327067.04,1,1,1,484159.91,Lahore,Male,0
C000075,713,25,4,91071.99,3,1,0,171200.95,Karachi,Male,0
C000076,471,51,2,424690.77,1,0,0,247483.64,Lahore,Female,0
C000077,761,27,4,137011.56,2,0,0,253938.54,Islamabad,Male,0
C000078,391,70,4,423853.2,4,0,0,575270.21,Karachi,Male,0
C000079,665,51,7,213462.27,2,0,1,269214.64,Islamabad,Male,0
C000080,499,29,8,298243.92,4,1,0,164246.76,Karachi,Female,0
C000081,773,39,5,394781.26,4,0,1,394112.88,Islamabad,Female,0
C000082,411,37,9,20219.62,4,1,1,279269.47,Peshawar,Male,0
C000083,604,27,2,410583.0,3,1,0,180044.84,Lahore,Male,0
C000084,480,45,1,69324.02,1,0,0,440475.87,Karachi,Female,0
C000085,676,49,10,179209.18,4,1,0,147478.16,Lahore,Female,1
C000086,796,53,2,236390.52,1,0,0,394678.26,Karachi,Female,0
C000087,726,46,8,447713.29,2,1,0,281097.2,Karachi,Male,0
C000088,369,49,6,11220.31,4,0,1,218733.61,Islamabad,Female,0
C000089,840,42,10,279601.3,2,1,0,569750.07,Karachi,Female,0
C000090,548,29,10,321261.25,1,1,0,221668.2,Karachi,Male,0
C000091,676,57,8,158291.15,1,0,0,234604.13,Islamabad,Female,0
C000092,570,30,5,145243.39,2,1,1,527557.48,Islamabad,Male,0
C000093,759,61,7,245234.58,1,1,0,112264.28,Karachi,Female,1
C000094,774,42,9,93550.21,2,1,1,100518.5,Islamabad,Female,0
C000095,480,22,10,234059.46,1,1,1,198316.36,Peshawar,Male,0
C000096,520,25,8,382512.66,3,1,1,371316.12,Karachi,Female,0
C000097,494,31,2,422697.75,2,1,0,255208.09,Lahore,Male,0
C000098,837,47,6,192580.69,4,1,1,380790.51,Islamabad,Female,0
C000099,689,61,8,308650.86,4,1,1,129460.35,Islamabad,Male,0
C000100,703,24,1,10.26,4,1,1,186412.48,Karachi,Male,0
C000101,530,65,6,275176.24,1,0,0,356490.91,Karachi,Male,0
C000102,785,30,4,487618.15,2,1,1,161603.55,Islamabad,Male,0
C000103,510,53,7,156132.51,1,1,0,276770.59,Quetta,Female,0
C000104,813,24,3,297388.06,4,0,1,360682.81,Islamabad,Female,0
C000105,409,25,0,381141.83,3,1,1,585244.51,Quetta,Male,1
C000106,564,27,10,304466.51,4,1,0,84736.53,Lahore,Male,1
C000107,417,30,9,209249.99,4,0,1,297831.83,Peshawar,Male,0
C000108,789,47,7,76287.79,4,1,1,261911.74,Islamabad,Female,0
C000109,710,23,5,231850.7,3,0,1,501575.1,Peshawar,Male,0
C000110,541,23,7,147392.1,3,0,0,544166.39,Karachi,Male,1
C000111,837,71,2,347960.14,2,1,0,547927.37,Islamabad,Female,0
C000112,574,42,7,220956.38,3,0,0,250078.02,Karachi,Male,0
C000113,741,43,7,424939.88,2,0,1,210606.88,Karachi,Male,0
C000114,546,24,0,96661.22,3,1,1,291516.86,Lahore,Male,0
C000115,510,56,3,208860.06,2,1,1,232632.33,Karachi,Male,1
C000116,598,71,6,278752.49,4,0,0,442556.55,Karachi,Male,1
C000117,758,59,10,63007.34,3,1,0,159599.79,Quetta,Female,0
C000118,804,54,0,293955.04,1,0,0,408863.09,Islamabad,Male,0
C000119,460,36,2,145460.7,1,0,1,559113.02,Peshawar,Male,0
C000120,740,32,2,114768.59,2,1,0,196751.6,Quetta,Male,0
C000121,408,31,5,70955.37,3,0,0,419058.75,Lahore,Female,0
C000122,382,57,4,174940.96,3,1,1,120394.23,Karachi,Female,0
C000123,390,35,10,464491.21,1,1,0,107975.01,Karachi,Female,1
C000124,510,23,6,15502.93,3,1,1,104760.91,Lahore,Male,0
C000125,378,66,2,426078.1,3,1,1,117575.78,Lahore,Female,0
C000126,604,69,10,198680.45,2,0,0,161052.33,Lahore,Male,0
C000127,841,65,0,280800.82,4,1,0,355185.08,Lahore,Male,1
C000128,772,58,10,256406.15,1,1,1,469511.96,Karachi,Male,0
C000129,534,50,2,462870.13,4,1,0,111039.93,Lahore,Male,0
C000130,710,56,7,385064.63,3,0,1,527208.37,Karachi,Male,0
C000131,573,41,4,492411.77,3,1,0,511921.12,Peshawar,Male,0
C000132,706,42,2,397214.98,2,0,0,447337.29,Karachi,Male,0
C000133,841,55,7,147944.25,4,0,1,278540.85,Lahore,Female,0
C000134,570,70,5,481441.84,4,0,1,40872.05,Karachi,Female,0
C000135,669,64,2,491782.9,2,0,0,451468.37,Islamabad,Female,1
C000136,435,54,4,61546.85,4,1,0,532232.24,Karachi,Male,0
C000137,415,40,0,450522.09,2,1,1,227760.37,Karachi,Female,0
C000138,463,29,5,332101.09,2,0,0,442073.03,Lahore,Female,1
C000139,727,52,8,460996.89,3,0,0,74746.66,Peshawar,Female,0
C000140,614,32,6,457869.51,3,1,0,437317.13,Peshawar,Male,0
C000141,634,29,10,445686.52,3,0,1,78252.77,Karachi,Female,0
C000142,446,46,7,442637.8,2,0,0,368824.35,Islamabad,Male,0
C000143,679,70,5,58823.12,3,0,0,374629.84,Karachi,Male,0
C000144,473,41,10,71757.85,1,1,0,209207.67,Karachi,Male,0
C000145,505,59,4,58889.71,1,0,1,84308.73,Lahore,Female,0
C000146,459,28,5,45514.54,3,0,1,571627.47,Karachi,Male,1
C000147,402,34,6,176642.64,2,0,0,339923.35,Islamabad,Male,0
C000148,523,60,8,341979.21,1,1,1,364664.55,Peshawar,Female,0
C000149,516,64,7,177346.31,3,0,1,384411.7,Karachi,Male,0
C000150,425,31,4,360150.17,1,1,0,538986.84,Karachi,Female,1
C000151,663,29,6,410141.56,1,1,0,73743.16,Lahore,Female,0
C000152,563,63,7,333107.37,1,1,1,540241.15,Lahore,Male,1
C000153,531,64,0,232552.36,4,1,0,174218.84,Peshawar,Male,0
C000154,739,41,7,147758.72,1,0,0,83652.14,Peshawar,Male,0
C000155,394,38,10,62201.68,3,0,0,408068.88,Lahore,Female,1
C000156,773,32,6,246825.91,1,1,0,587106.36,Karachi,Female,0
C000157,500,37,10,359799.48,3,0,1,72055.56,Islamabad,Male,0
C000158,466,58,1,274121.61,1,0,1,278628.22,Karachi,Male,0
C000159,471,63,1,360740.96,1,1,0,336679.33,Quetta,Male,1
C000160,831,53,5,167609.84,4,1,0,181186.62,Karachi,Female,0
C000161,519,47,2,33398.03,1,0,1,590408.4,Lahore,Male,0
C000162,515,58,0,385548.96,3,0,0,398939.4,Karachi,Male,0
C000163,749,30,7,109862.06,4,0,0,512836.38,Lahore,Female,0
C000164,679,56,6,308142.53,4,0,0,272835.5,Lahore,Male,0
C000165,780,24,3,402146.37,1,1,1,238215.3,Islamabad,Male,0
C000166,498,52,0,69555.0,1,1,0,349768.42,Islamabad,Female,0
C000167,849,63,1,299247.36,2,1,0,283755.93,Lahore,Female,0
C000168,423,28,8,344687.18,1,0,0,440370.91,Karachi,Male,1
C000169,808,23,3,373265.43,2,1,0,188858.13,Peshawar,Female,1
C000170,498,46,2,73833.31,3,0,0,291770.98,Islamabad,Male,0
C000171,374,61,7,412558.08,1,1,1,541274.34,Karachi,Female,0
C000172,729,33,3,47074.28,1,0,0,463420.42,Islamabad,Female,0
C000173,410,51,6,259791.73,2,0,1,134119.29,Quetta,Female,0
C000174,703,51,4,221706.35,2,1,1,536644.3,Lahore,Female,0
C000175,403,50,4,110883.04,4,1,0,369849.29,Karachi,Female,0
C000176,572,62,10,150965.37,4,0,0,420400.82,Lahore,Male,0
C000177,568,32,5,82217.89,1,0,0,204783.68,Karachi,Male,0
C000178,822,44,3,212863.1,3,1,0,287264.79,Islamabad,Male,0
C000179,665,38,1,17755.46,4,0,0,491814.99,Lahore,Female,0
C000180,519,34,5,444457.64,4,0,0,225178.68,Peshawar,Male,0
C000181,538,54,4,81743.67,4,0,0,132434.5,Lahore,Male,1
C000182,381,22,2,443008.88,2,1,0,251850.75,Karachi,Female,0
C000183,402,61,3,431788.7,1,0,0,78762.45,Islamabad,Male,1
C000184,777,34,2,225838.6,2,0,0,441999.62,Karachi,Female,0
C000185,488,59,2,248862.86,3,0,1,122737.71,Karachi,Male,0
C000186,723,24,3,150956.77,2,1,0,199670.51,Lahore,Male,0
C000187,396,37,1,498437.3,1,1,0,533405.36,Karachi,Male,0
C000188,439,63,3,335386.1,2,1,0,342678.69,Quetta,Male,1
C000189,665,28,9,475904.14,3,0,1,219949.53,Lahore,Male,0
C000190,385,24,10,207398.42,1,0,1,346693.46,Islamabad,Male,1
C000191,834,35,1,441508.29,1,0,1,162235.49,Karachi,Male,0
C000192,793,37,9,224117.32,1,0,0,54096.95,Islamabad,Female,0
C000193,766,25,7,433414.44,1,0,1,378090.19,Lahore,Male,0
C000194,574,52,9,65463.28,3,0,0,439910.52,Lahore,Female,0
C000195,391,34,4,318427.21,1,1,0,532677.79,Quetta,Female,0
C000196,577,48,6,339351.76,3,0,1,472254.68,Lahore,Male,0
C000197,618,22,10,328085.35,3,1,0,558939.51,Islamabad,Male,0
C000198,747,46,3,223513.81,2,0,1,592133.95,Karachi,Male,0
C000199,535,58,9,341958.06,2,0,1,457163.85,Karachi,Female,0
C000200,720,71,5,119731.55,1,1,1,526037.05,Peshawar,Female,0
C000201,706,65,9,297924.3,4,1,0,417289.64,Islamabad,Male,0
C000202,584,32,3,277117.46,4,0,0,135725.16,Lahore,Female,1
C000203,471,30,5,159169.76,1,0,0,141753.36,Peshawar,Female,0
C000204,773,28,0,389431.9,3,0,0,101745.3,Lahore,Female,0
C000205,670,35,5,40436.03,2,1,1,568065.84,Lahore,Male,0
C000206,738,51,5,85719.83,1,0,0,416740.95,Lahore,Male,0
C000207,763,45,1,235575.02,1,0,1,482349.46,Lahore,Male,0
C000208,466,24,9,445868.35,3,1,0,225448.11,Karachi,Female,0
C000209,815,69,9,287579.78,2,1,1,297836.16,Lahore,Female,0
C000210,778,60,8,421033.43,4,0,1,62276.54,Quetta,Male,0
C000211,706,48,5,258784.86,4,0,0,537844.14,Karachi,Male,0
C000212,791,22,10,392727.98,1,1,1,517681.92,Karachi,Female,0
C000213,388,59,6,162898.7,1,0,0,479494.35,Karachi,Female,1
C000214,745,47,1,407571.16,1,1,0,72649.16,Karachi,Male,0
C000215,511,27,1,200843.04,1,1,1,137579.85,Lahore,Male,0
C000216,458,63,1,279415.58,1,0,0,227135.57,Karachi,Male,1
C000217,363,33,9,87940.75,4,1,1,187315.1,Lahore,Male,0
C000218,515,59,10,460216.51,1,1,0,509537.51,Lahore,Male,1
C000219,749,67,8,350729.56,2,0,1,149108.02,Islamabad,Male,0
C000220,711,56,2,429427.41,3,1,1,337989.7,Quetta,Female,0
C000221,794,31,3,103931.45,4,1,0,359973.41,Lahore,Female,0
C000222,792,30,0,33842.18,3,0,0,278006.63,Karachi,Male,0
C000223,680,44,0,168604.63,3,0,1,174785.24,Karachi,Female,0
C000224,830,51,3,258342.7,1,1,0,577764.8,Islamabad,Female,0
C000225,684,43,1,401184.94,3,0,1,271503.58,Islamabad,Male,0
C000226,461,68,7,198863.21,2,1,0,447293.6,Karachi,Female,1
C000227,583,30,3,134979.16,1,1,1,143066.03,Karachi,Female,0
C000228,551,40,2,186272.56,4,1,0,500774.25,Islamabad,Female,0
C000229,672,29,2,351803.71,2,0,1,160899.42,Lahore,Male,0
C000230,488,25,5,168109.05,4,1,0,418171.71,Lahore,Male,0
C000231,616,26,5,489582.81,1,1,0,323637.76,Karachi,Male,0
C000232,621,40,5,87489.54,1,0,1,122072.0,Lahore,Male,0
C000233,515,67,5,376548.06,4,0,1,53971.55,Islamabad,Female,0
C000234,763,39,7,294581.81,3,0,1,561219.03,Peshawar,Female,0
C000235,518,50,7,116547.8,4,0,1,110386.69,Islamabad,Female,0
C000236,606,40,8,376806.82,2,1,1,434772.8,Lahore,Male,1
C000237,473,27,0,223770.11,3,0,1,405503.58,Islamabad,Male,0
C000238,387,26,9,341199.14,1,0,0,231363.22,Lahore,Female,0
C000239,719,64,7,331128.62,2,1,0,143814.42,Karachi,Male,0
C000240,598,26,4,55321.72,2,1,1,139863.82,Peshawar,Male,0
C000241,586,29,2,419991.51,1,0,0,367783.6,Lahore,Female,1
C000242,447,48,10,340737.45,3,0,1,346275.92,Lahore,Female,1
C000243,409,58,9,390293.36,1,0,0,530523.61,Quetta,Female,0
C000244,368,64,2,223882.92,2,0,1,398401.72,Quetta,Male,0
C000245,473,66,5,97530.86,2,1,1,498793.99,Lahore,Male,1
C000246,575,59,7,163106.76,2,0,0,58151.31,Karachi,Female,1
C000247,792,58,9,450734.61,1,1,1,415756.16,Lahore,Female,1
C000248,449,39,1,469009.3,4,1,0,170876.84,Peshawar,Female,0
C000249,673,47,8,240933.2,2,0,0,181589.82,Karachi,Male,0
C000250,743,63,4,149397.79,2,1,0,443522.86,Quetta,Female,1
C000251,366,37,4,365155.56,3,0,0,484322.46,Karachi,Male,0
C000252,597,43,0,382996.51,4,0,0,248171.87,Lahore,Male,0
C000253,429,67,5,407733.15,3,0,0,482443.02,Lahore,Male,0
C000254,434,44,10,15541.91,2,0,0,288497.02,Karachi,Female,0
C000255,697,68,10,4866.94,4,1,0,520281.4,Peshawar,Male,0
C000256,805,24,4,178577.81,3,0,0,53946.11,Lahore,Male,0
C000257,378,24,6,76248.31,1,1,0,86757.24,Karachi,Female,1
C000258,483,33,6,402490.93,3,0,1,474757.01,Lahore,Male,0
C000259,827,44,3,266421.93,4,1,0,389490.19,Islamabad,Male,0
C000260,543,68,4,412674.06,3,1,0,353051.34,Karachi,Female,0
C000261,468,32,9,88456.54,4,0,1,383828.13,Peshawar,Female,0
C000262,727,63,7,313611.35,4,0,1,560906.75,Karachi,Male,0
C000263,716,68,1,290086.05,3,1,1,407100.74,Karachi,Female,0
C000264,540,71,0,170189.15,3,1,1,402586.63,Karachi,Male,0
C000265,764,67,5,258540.65,1,1,0,465303.69,Karachi,Female,0
C000266,502,50,10,294513.77,3,0,0,525307.6,Karachi,Female,0
C000267,692,27,3,444743.9,4,0,0,186670.99,Quetta,Male,0
C000268,840,67,9,27819.19,2,0,1,385379.36,Karachi,Female,0
C000269,754,37,2,411686.93,3,0,1,367025.98,Karachi,Male,0
C000270,621,55,6,490078.19,3,1,0,115515.71,Karachi,Male,0
C000271,481,58,7,365887.53,4,1,1,331377.51,Lahore,Female,0
C000272,712,32,10,368673.49,2,1,0,78948.29,Islamabad,Male,0
C000273,779,32,3,108987.15,1,1,1,143577.37,Islamabad,Male,0
C000274,357,46,9,261536.64,2,1,1,551259.33,Karachi,Male,0
C000275,483,40,10,352970.16,4,0,0,106776.18,Islamabad,Male,0
C000276,730,53,10,301140.5,4,0,0,364193.13,Lahore,Female,0
C000277,733,71,5,192565.8,4,1,0,221149.19,Lahore,Female,0
C000278,658,29,10,470059.21,4,0,1,350975.44,Lahore,Male,0
C000279,724,33,10,256993.37,2,0,1,171585.18,Islamabad,Male,0
C000280,541,62,1,484937.93,2,0,0,288852.49,Karachi,Male,0
C000281,440,56,7,281937.84,2,0,0,525706.72,Karachi,Male,0
C000282,784,27,5,396691.72,3,0,0,250681.51,Karachi,Male,1
C000283,598,42,10,371011.55,4,1,1,237697.33,Lahore,Male,0
C000284,833,47,8,330411.89,3,1,1,289826.12,Karachi,Male,0
C000285,601,22,10,7230.42,3,0,0,96275.99,Lahore,Female,0
C000286,833,38,5,38714.58,3,1,0,256914.33,Peshawar,Female,0
C000287,412,56,5,290742.14,1,1,0,43864.14,Lahore,Female,0
C000288,565,48,1,455890.71,3,0,1,321902.4,Lahore,Female,0
C000289,483,71,4,300570.83,4,0,1,514847.0,Islamabad,Male,0
C000290,795,71,8,117998.0,3,0,0,349160.94,Islamabad,Female,1
C000291,456,23,0,160109.2,4,0,1,380326.1,Lahore,Female,0
C000292,510,57,3,311579.94,1,1,0,57115.49,Lahore,Female,1
C000293,607,22,9,298527.23,2,0,0,521328.39,Islamabad,Male,0
C000294,774,31,9,477851.46,4,0,0,255601.99,Karachi,Female,0
C000295,365,52,2,264542.28,3,1,1,585917.5,Lahore,Female,0
C000296,707,58,0,177507.44,4,0,0,107460.61,Karachi,Male,0
C000297,724,26,0,262496.38,3,1,0,569016.26,Quetta,Female,0
C000298,408,62,0,393116.99,2,1,1,395202.91,Karachi,Male,0
C000299,358,67,0,270181.9,4,0,0,69310.57,Karachi,Male,1
C000300,848,34,1,163026.28,3,1,0,584151.48,Lahore,Male,0
C000301,546,66,10,169310.53,4,0,0,47768.92,Peshawar,Male,0
C000302,466,45,4,378405.91,2,1,0,449192.09,Lahore,Female,1
C000303,359,48,1,33224.14,2,0,1,538136.77,Islamabad,Male,0
C000304,699,22,3,137377.64,2,0,1,138454.47,Islamabad,Male,0
C000305,356,70,8,76518.8,4,1,0,232280.03,Lahore,Female,1
C000306,698,41,2,472337.82,4,0,1,354288.43,Islamabad,Male,0
C000307,543,29,1,45047.13,3,1,1,420693.2,Karachi,Female,0
C000308,753,24,3,379091.8,2,1,1,528250.49,Peshawar,Female,1
C000309,472,70,8,315212.78,3,0,1,466199.46,Islamabad,Male,0
C000310,412,53,3,316402.2,4,1,1,243465.44,Peshawar,Female,0
C000311,353,65,4,381716.51,1,0,1,500163.09,Islamabad,Female,0
C000312,633,46,3,200243.99,2,1,1,581002.96,Peshawar,Female,0
C000313,677,46,7,200371.68,3,0,1,167112.26,Karachi,Female,0
C000314,599,71,3,144352.89,2,1,0,81493.53,Karachi,Female,0
C000315,768,35,1,298875.02,3,1,0,278907.05,Karachi,Male,0
C000316,479,64,3,464902.63,3,1,0,533582.38,Karachi,Male,0
C000317,774,48,1,461991.6,1,1,0,124163.24,Islamabad,Female,1
C000318,761,69,8,351480.34,4,1,0,536046.99,Karachi,Female,0
C000319,424,53,10,453092.89,2,0,0,595639.29,Karachi,Male,0
C000320,833,48,7,481759.41,4,0,0,70241.25,Islamabad,Male,0
C000321,678,25,8,397552.47,3,1,0,317343.57,Peshawar,Male,0
C000322,707,71,3,203916.66,4,0,1,224175.88,Islamabad,Female,0
C000323,734,60,0,241612.48,1,0,0,260460.72,Islamabad,Male,0
C000324,603,32,2,465628.46,4,0,0,292915.46,Lahore,Female,0
C000325,760,69,6,335004.04,3,1,1,454234.22,Peshawar,Female,0
C000326,672,69,0,410346.98,3,0,1,371127.83,Lahore,Male,1
C000327,516,24,10,58057.02,1,0,0,578272.61,Quetta,Male,0
C000328,550,46,7,96950.71,2,1,0,226348.18,Karachi,Female,0
C000329,517,45,8,172054.23,1,1,0,343242.29,Islamabad,Male,0
C000330,633,30,7,94120.33,2,1,1,495463.98,Lahore,Male,0
C000331,818,29,4,453232.53,3,1,0,248895.91,Lahore,Male,0
C000332,697,60,10,108445.27,4,1,1,300567.55,Islamabad,Female,0
C000333,842,52,8,278591.86,3,0,0,423585.75,Islamabad,Male,0
C000334,757,38,3,42726.94,1,0,1,522016.76,Peshawar,Female,0
C000335,687,64,8,77480.92,1,0,1,272781.62,Karachi,Female,0
C000336,400,52,0,123707.57,4,1,1,337892.26,Karachi,Female,0
C000337,405,25,10,491446.7,1,0,0,586068.48,Karachi,Male,1
C000338,422,25,2,398531.88,3,1,0,63782.73,Karachi,Male,0
C000339,631,58,3,336777.53,4,0,1,291008.08,Karachi,Male,0
C000340,437,29,10,458130.99,2,0,1,396149.84,Islamabad,Male,0
C000341,401,63,9,478104.33,1,1,1,44719.38,Lahore,Male,0
C000342,474,70,0,226786.46,2,0,0,374200.44,Islamabad,Female,0
C000343,611,27,5,163844.72,4,0,1,71471.97,Lahore,Female,0
C000344,792,30,3,157657.66,1,1,0,520232.7,Lahore,Male,1
C000345,722,63,3,17864.55,4,0,0,491968.21,Karachi,Male,0
C000346,617,29,0,139819.05,1,0,1,58062.88,Islamabad,Male,0
C000347,412,53,4,177522.98,1,0,1,67330.25,Islamabad,Male,0
C000348,385,36,8,18449.42,1,1,0,462023.8,Karachi,Female,0
C000349,358,39,5,441302.41,4,1,0,246945.14,Karachi,Male,0
C000350,679,44,7,423928.37,4,0,0,362014.44,Karachi,Male,0
C000351,672,26,10,125750.46,3,0,1,191383.83,Islamabad,Male,0
C000352,590,71,3,401279.45,3,1,0,136862.57,Islamabad,Male,0
C000353,634,48,8,398105.94,4,1,0,205803.19,Lahore,Female,0
C000354,676,54,6,167506.38,4,1,1,178159.67,Karachi,Male,0
C000355,439,23,6,348534.02,1,0,0,291052.17,Karachi,Female,0
C000356,613,63,7,144928.92,3,0,1,458138.65,Karachi,Male,0
C000357,648,59,1,35138.12,3,1,1,350312.47,Karachi,Female,1
C000358,554,49,5,252398.92,4,1,1,381139.85,Karachi,Female,0
C000359,640,45,6,219163.52,3,0,1,303244.01,Karachi,Female,0
C000360,560,42,2,69076.46,4,1,1,221850.84,Lahore,Male,0
C000361,715,52,7,245276.67,3,0,1,120364.94,Lahore,Female,0
C000362,627,32,0,474687.87,2,1,1,238556.66,Lahore,Male,0
C000363,813,71,0,365696.57,2,1,1,412511.23,Lahore,Male,0
C000364,556,49,9,369436.15,3,0,1,450915.36,Islamabad,Female,0
C000365,671,69,2,378775.4,4,1,0,302741.66,Lahore,Female,0
C000366,707,61,5,372316.9,2,1,1,401198.47,Karachi,Male,0
C000367,754,25,6,9950.72,1,0,0,157903.01,Islamabad,Female,0
C000368,443,64,1,462345.47,4,0,0,521637.14,Peshawar,Male,1
C000369,548,63,5,415068.88,2,0,1,524924.41,Karachi,Male,0
C000370,700,37,4,137289.7,1,0,1,219383.64,Karachi,Female,0
C000371,518,33,5,276371.75,2,0,1,346718.85,Peshawar,Male,0
C000372,646,43,0,307502.96,2,1,0,379730.74,Peshawar,Male,0
C000373,782,56,9,65972.51,1,1,1,304560.82,Karachi,Male,1
C000374,576,64,6,126981.69,1,0,0,550239.61,Karachi,Female,0
C000375,353,37,7,11625.22,3,0,0,454241.49,Islamabad,Male,0
C000376,447,45,6,431975.86,2,1,0,416605.88,Karachi,Male,0
C000377,542,56,8,12452.53,1,0,1,331252.2,Peshawar,Male,1
C000378,615,49,0,159347.92,3,0,1,87514.5,Karachi,Female,0
C000379,699,63,9,39123.25,1,0,0,100379.97,Peshawar,Female,0
C000380,573,50,8,390702.96,3,1,0,207444.96,Karachi,Female,0
C000381,416,42,10,462491.39,3,0,0,158452.47,Karachi,Female,0
C000382,487,69,10,281407.81,1,1,0,573417.34,Quetta,Male,1
C000383,678,46,2,69783.41,1,1,1,269495.01,Karachi,Female,0
C000384,750,60,1,279080.43,2,0,1,530899.05,Karachi,Male,0
C000385,588,52,5,385170.62,2,0,0,498124.62,Peshawar,Male,0
C000386,800,36,10,359208.1,3,0,0,495039.35,Karachi,Male,0
C000387,824,68,4,370859.5,1,1,0,160796.21,Karachi,Female,1
C000388,658,63,3,139586.92,2,0,1,290500.22,Karachi,Male,0
C000389,768,56,3,36868.76,3,1,1,218053.12,Lahore,Male,0
C000390,353,59,7,74481.82,2,1,0,583430.16,Islamabad,Male,0
C000391,673,71,9,477753.24,3,1,1,530976.81,Peshawar,Male,0
C000392,718,43,2,306756.99,2,0,1,179957.25,Lahore,Male,0
C000393,701,26,0,363949.8,1,1,0,215571.4,Lahore,Female,0
C000394,451,69,4,449532.3,4,1,1,336189.17,Lahore,Male,0
C000395,744,34,7,426377.28,4,0,1,196019.24,Islamabad,Male,0
C000396,393,53,2,109200.92,3,0,1,501736.78,Islamabad,Female,0
C000397,468,24,1,29030.02,4,0,1,498769.52,Peshawar,Female,0
C000398,537,36,0,462564.1,4,1,1,445630.65,Quetta,Female,0
C000399,580,48,3,490834.15,3,1,1,426013.71,Karachi,Male,0
C000400,842,48,10,283672.1,4,0,0,346488.84,Lahore,Female,0
C000401,803,51,1,444200.96,2,1,0,234382.86,Lahore,Male,1
C000402,539,27,7,115908.02,2,1,0,508685.53,Karachi,Female,0
C000403,832,46,10,55519.35,2,0,1,520946.02,Karachi,Male,0
C000404,459,49,9,249908.47,1,1,1,67725.3,Peshawar,Male,0
C000405,765,43,8,405591.71,2,1,1,263226.87,Lahore,Female,0
C000406,651,25,9,327326.81,4,0,0,54911.45,Lahore,Male,0
C000407,628,36,0,318660.08,4,0,0,510107.34,Lahore,Male,1
C000408,455,47,1,8729.45,2,1,1,139172.22,Islamabad,Female,1
C000409,514,39,5,158746.45,1,1,1,417365.39,Karachi,Male,0
C000410,475,30,9,469747.89,2,0,1,240130.46,Lahore,Female,0
C000411,695,25,6,67136.77,1,0,1,496996.65,Lahore,Female,0
C000412,447,69,1,363182.97,1,0,1,325424.66,Peshawar,Male,0
C000413,835,71,7,379655.58,2,0,0,221665.08,Lahore,Male,0
C000414,680,26,9,366416.62,1,0,0,221367.57,Peshawar,Female,1
C000415,719,66,8,494642.45,4,0,1,223079.26,Lahore,Male,0
C000416,791,27,7,204604.11,2,0,0,481604.36,Quetta,Female,0
C000417,469,33,8,341096.7,4,0,1,438224.74,Peshawar,Male,0
C000418,690,52,5,96827.56,1,1,0,218759.9,Lahore,Female,0
C000419,648,68,10,199854.96,3,0,1,314516.53,Lahore,Male,0
C000420,693,30,6,245780.3,2,0,1,82645.9,Lahore,Female,0
C000421,492,28,5,107413.77,3,0,1,503400.15,Islamabad,Male,0
C000422,544,50,6,453405.37,3,1,1,188934.69,Lahore,Female,0
C000423,479,35,2,358098.92,3,1,0,537966.08,Lahore,Male,0
C000424,804,41,3,141878.88,3,0,1,374206.15,Lahore,Female,0
C000425,738,69,8,67478.22,4,0,1,357979.29,Islamabad,Male,0
C000426,786,53,2,143933.66,2,1,1,131122.5,Karachi,Male,0
C000427,778,43,1,311492.69,4,0,1,78939.8,Karachi,Female,0
C000428,453,57,10,413204.32,1,1,0,349465.29,Karachi,Male,1
C000429,442,65,6,251584.13,2,0,0,302073.91,Karachi,Male,0
C000430,646,39,5,51247.34,2,0,0,107022.5,Lahore,Male,0
C000431,796,61,2,124657.43,4,1,1,507929.12,Islamabad,Female,0
C000432,829,70,5,172571.96,1,1,0,273654.47,Lahore,Male,0
C000433,571,46,6,318068.13,3,1,1,185856.37,Karachi,Male,0
C000434,549,52,5,123321.69,1,1,0,481432.37,Lahore,Female,0
C000435,637,56,0,116964.2,4,1,0,551315.93,Quetta,Male,1
C000436,711,47,0,143100.93,4,1,1,211339.11,Karachi,Male,0
C000437,607,25,8,296264.52,4,1,0,474531.94,Quetta,Female,0
C000438,359,63,5,246315.14,3,1,1,405411.01,Karachi,Male,0
C000439,520,69,1,420817.98,2,1,0,594247.56,Karachi,Female,1
C000440,724,41,10,348966.16,1,0,1,154235.92,Islamabad,Male,0
C000441,776,55,0,333410.94,1,0,1,577980.24,Lahore,Female,0
C000442,450,33,10,77325.03,3,0,1,216552.35,Islamabad,Female,0
C000443,459,37,1,27613.9,4,0,1,270694.41,Peshawar,Male,0
C000444,596,63,7,254999.43,1,0,0,240942.46,Karachi,Female,0
C000445,672,26,4,35820.83,2,1,1,190332.39,Islamabad,Female,0
C000446,593,65,6,182008.96,1,0,0,428204.65,Lahore,Male,1
C000447,372,56,6,13056.17,4,0,1,369921.38,Peshawar,Male,1
C000448,703,65,1,88404.49,1,0,1,211187.49,Lahore,Female,0
C000449,815,48,3,55183.93,4,1,1,114038.98,Karachi,Male,0
C000450,574,22,1,400492.5,2,1,1,217730.36,Lahore,Male,0
C000451,702,55,6,173063.08,3,1,0,253489.53,Quetta,Female,0
C000452,793,64,4,39423.26,4,0,0,253165.93,Karachi,Female,0
C000453,814,53,0,132740.1,4,0,1,240065.34,Karachi,Male,0
C000454,611,65,1,341404.04,1,0,0,67284.6,Karachi,Male,0
C000455,618,60,5,372817.64,3,0,0,299858.54,Islamabad,Male,0
C000456,370,54,3,59932.56,4,0,1,508276.53,Karachi,Female,0
C000457,828,52,6,389283.22,1,0,0,141005.12,Karachi,Female,1
C000458,663,34,1,185279.58,2,1,1,121568.11,Lahore,Male,0
C000459,469,66,1,339691.33,3,1,1,304236.59,Karachi,Female,0
C000460,818,23,5,335753.89,1,1,0,247537.69,Karachi,Male,0
C000461,830,51,7,396796.36,3,1,0,354317.16,Lahore,Female,1
C000462,761,31,0,348591.39,4,0,1,570361.61,Lahore,Male,0
C000463,469,44,4,19434.18,1,0,1,466096.3,Karachi,Male,1
C000464,547,54,0,259740.56,2,0,1,424752.57,Karachi,Male,0
C000465,485,60,10,83090.59,2,0,0,272924.69,Lahore,Male,1
C000466,426,66,5,484982.27,1,0,1,200921.51,Islamabad,Male,0
C000467,703,50,6,127917.27,1,0,1,342547.9,Lahore,Male,0
C000468,407,51,5,210053.68,3,0,1,535848.38,Lahore,Female,0
C000469,773,55,8,98351.08,1,0,1,530975.81,Karachi,Female,0
C000470,435,60,2,67294.57,3,1,1,289488.37,Karachi,Female,0
C000471,350,38,7,300464.8,4,0,0,177883.4,Peshawar,Male,0
C000472,426,43,2,246589.82,1,1,0,166192.89,Karachi,Male,0
C000473,798,26,10,187329.87,4,0,0,59033.51,Lahore,Male,0
C000474,359,32,6,42709.51,2,0,0,511891.98,Peshawar,Male,1
C000475,793,43,4,367979.68,3,1,0,188309.3,Islamabad,Male,0
C000476,418,53,0,2928.15,3,0,1,241039.52,Islamabad,Male,0
C000477,497,45,10,228830.79,2,0,0,493161.04,Islamabad,Male,1
C000478,411,32,3,316285.99,4,1,1,107213.47,Karachi,Female,1
C000479,362,32,10,215355.42,3,0,0,298291.08,Quetta,Female,0
C000480,535,38,8,63104.49,2,1,0,108511.17,Peshawar,Male,1
C000481,514,53,7,389124.94,2,0,1,287435.2,Karachi,Female,0
C000482,359,40,2,161971.98,2,0,0,66398.16,Islamabad,Male,0
C000483,608,48,1,67377.78,1,1,0,329868.78,Lahore,Male,0
C000484,511,53,10,275132.91,4,0,1,485597.44,Islamabad,Male,0
C000485,639,46,8,9585.78,2,1,0,418726.14,Karachi,Female,1
C000486,763,49,0,162031.85,4,0,0,325134.65,Lahore,Male,1
C000487,770,61,8,375321.18,3,0,0,504104.88,Karachi,Female,0
C000488,545,48,6,456355.66,1,1,1,167561.27,Lahore,Male,0
C000489,383,35,1,295863.73,2,0,0,505245.92,Karachi,Male,0
C000490,509,63,10,108805.79,2,1,0,194763.55,Lahore,Male,0
C000491,434,60,4,110000.08,2,0,1,242992.35,Islamabad,Female,0
C000492,407,23,1,301935.83,3,1,0,111920.91,Peshawar,Male,1
C000493,710,38,4,203380.85,1,1,1,96982.66,Karachi,Female,0
C000494,757,22,6,88632.15,4,1,1,561982.45,Peshawar,Male,0
C000495,614,66,4,393698.52,4,1,1,146387.82,Lahore,Male,0
C000496,646,53,1,100121.52,4,0,1,226645.85,Islamabad,Female,0
C000497,757,40,10,160820.42,4,1,0,336324.95,Lahore,Male,0
C000498,374,35,4,30714.72,4,0,0,234805.59,Peshawar,Male,1
C000499,385,52,9,350686.06,4,0,1,527274.64,Islamabad,Male,0
C000500,613,39,5,137638.96,4,0,0,544400.27,Lahore,Female,0
C000501,731,35,4,116433.48,1,1,0,222554.66,Karachi,Female,0
C000502,463,68,1,151679.14,1,1,0,91535.51,Quetta,Male,1
C000503,454,35,5,437065.27,3,0,1,157688.61,Islamabad,Female,0
C000504,442,45,5,259009.29,2,0,0,305660.04,Lahore,Female,1
C000505,438,26,1,78942.36,1,0,1,201549.38,Karachi,Male,0
C000506,792,37,3,387240.44,2,1,1,293944.45,Islamabad,Male,0
C000507,512,26,6,104226.62,3,1,0,464873.96,Quetta,Female,0
C000508,387,34,0,206238.07,1,1,0,275557.52,Karachi,Female,0
C000509,441,37,0,284037.91,3,0,1,150318.58,Peshawar,Male,0
C000510,468,36,10,292221.46,1,1,1,240461.88,Karachi,Female,0
C000511,560,52,10,34516.06,1,1,1,456069.48,Quetta,Male,0
C000512,509,26,5,418402.25,4,1,0,277474.79,Islamabad,Female,0
C000513,450,42,6,239715.38,2,1,1,179741.2,Karachi,Male,0
C000514,718,51,4,494630.35,3,0,0,279350.52,Karachi,Male,1
C000515,528,44,9,358721.2,4,0,0,294691.75,Lahore,Male,0
C000516,633,59,7,496284.45,1,0,0,205971.23,Lahore,Male,1
C000517,789,50,10,226737.62,1,0,0,597583.65,Peshawar,Male,0
C000518,704,34,3,70390.7,3,1,1,469870.57,Islamabad,Female,0
C000519,741,53,2,363654.69,2,0,1,427774.79,Lahore,Female,0
C000520,646,69,6,388880.14,3,0,1,518725.51,Peshawar,Female,0
C000521,723,63,3,426417.63,1,0,1,413194.75,Lahore,Male,0
C000522,372,48,0,150724.51,4,0,1,482948.99,Islamabad,Female,1
C000523,787,55,10,255341.99,3,0,1,271014.36,Islamabad,Male,0
C000524,837,66,7,428752.79,4,1,1,320208.19,Peshawar,Male,0
C000525,843,70,4,432368.12,2,0,0,66317.97,Karachi,Male,0
C000526,628,54,7,12841.92,2,1,1,197161.98,Lahore,Male,0
C000527,381,25,7,335458.39,4,1,0,246086.95,Lahore,Male,0
C000528,487,39,4,300843.67,2,1,0,390263.33,Lahore,Male,0
C000529,430,27,7,41668.89,4,0,1,299958.32,Lahore,Female,0
C000530,768,49,6,465068.04,4,0,1,380389.43,Islamabad,Female,1
C000531,704,65,2,222686.15,4,1,1,439463.31,Karachi,Female,0
C000532,668,48,3,337128.86,2,0,1,63922.45,Lahore,Male,0
C000533,544,47,10,441398.9,4,1,0,184635.54,Karachi,Female,1
C000534,641,41,6,65060.54,2,1,0,135706.17,Karachi,Male,1
C000535,442,34,3,427921.57,4,0,0,144974.87,Islamabad,Female,0
C000536,782,49,5,362152.81,4,0,0,321750.22,Karachi,Male,0
C000537,395,55,1,419796.16,2,1,1,454388.11,Karachi,Male,0
C000538,376,70,1,247417.85,4,0,0,192755.14,Lahore,Male,1
C000539,764,44,2,16742.43,4,1,0,501691.57,Karachi,Female,1
C000540,511,31,9,335257.92,2,1,1,539775.65,Karachi,Male,0
C000541,681,51,6,187266.21,1,0,1,236298.97,Peshawar,Female,0
C000542,450,43,2,201207.92,3,1,1,421559.66,Islamabad,Female,0
C000543,536,26,2,220631.1,2,0,0,105547.6,Karachi,Male,0
C000544,787,65,3,246454.82,4,0,1,456655.84,Karachi,Male,1
C000545,822,71,9,330967.12,3,1,1,132413.37,Peshawar,Female,0
C000546,543,30,5,363387.84,3,0,0,424952.85,Karachi,Male,0
C000547,507,64,0,388421.14,4,1,1,276264.0,Lahore,Female,0
C000548,841,25,5,335803.1,4,0,0,559935.54,Lahore,Female,0
C000549,806,63,7,401739.71,1,1,1,300097.93,Islamabad,Male,0
C000550,756,22,7,61074.6,4,1,1,57305.58,Quetta,Male,0
C000551,358,55,5,418408.83,3,1,1,309174.66,Lahore,Female,0
C000552,561,62,5,193639.54,4,0,1,485479.3,Lahore,Female,0
C000553,788,47,2,264388.34,3,1,0,402367.23,Islamabad,Male,0
C000554,734,39,1,216889.7,2,1,0,581136.51,Quetta,Male,1
C000555,661,37,6,237858.6,2,1,0,512232.59,Peshawar,Female,0
C000556,516,44,7,142713.84,3,0,1,334868.93,Islamabad,Male,0
C000557,692,67,9,84975.46,2,1,0,155651.52,Peshawar,Female,1
C000558,623,57,5,52447.37,1,1,0,42113.79,Karachi,Female,0
C000559,647,47,4,225699.42,3,1,1,589081.34,Lahore,Female,0
C000560,829,23,3,62630.5,3,0,0,565459.03,Karachi,Male,0
C000561,460,65,0,122494.24,4,1,0,193520.64,Karachi,Female,0
C000562,678,26,8,66807.94,1,0,0,397400.84,Lahore,Male,0
C000563,552,50,10,54560.62,4,0,1,448374.16,Peshawar,Male,0
C000564,597,25,9,441230.57,1,0,0,363687.54,Lahore,Male,0
C000565,414,68,3,337012.98,1,0,1,512058.54,Islamabad,Male,0
C000566,552,56,1,461879.56,1,0,1,83581.8,Karachi,Female,0
C000567,510,43,3,322006.08,3,1,0,542036.66,Islamabad,Female,0
C000568,763,70,10,421975.51,2,1,0,259530.65,Lahore,Male,0
C000569,482,29,4,277649.29,2,0,0,309186.41,Islamabad,Male,0
C000570,527,65,1,231315.03,4,0,1,289050.84,Karachi,Male,0
C000571,542,42,6,264238.7,4,1,0,337520.28,Lahore,Male,1
C000572,615,29,2,160112.75,2,1,1,374974.34,Lahore,Female,0
C000573,409,26,7,328986.2,2,1,0,437792.32,Lahore,Male,0
C000574,554,42,3,448587.45,1,0,1,333966.59,Karachi,Female,0
C000575,504,48,10,391176.72,4,1,0,423473.02,Lahore,Female,0
C000576,421,59,4,231000.01,4,1,1,229446.57,Lahore,Male,0
C000577,505,26,2,476959.54,4,0,1,564541.29,Islamabad,Male,0
C000578,522,42,10,492711.55,4,0,1,76137.37,Islamabad,Male,0
C000579,657,29,4,246550.3,2,1,0,345502.74,Peshawar,Male,1
C000580,799,43,8,432319.92,2,1,1,88941.86,Lahore,Male,0
C000581,411,39,10,2385.13,3,0,1,287949.54,Karachi,Male,1
C000582,722,25,1,33327.8,3,1,1,184246.12,Islamabad,Female,0
C000583,809,25,6,11194.7,2,1,0,564665.93,Lahore,Male,0
C000584,824,58,9,386581.5,1,1,1,47322.22,Karachi,Female,0
C000585,730,36,7,39889.56,2,1,1,259074.03,Islamabad,Male,0
C000586,554,59,2,8525.27,1,1,0,477943.94,Karachi,Male,1
C000587,409,48,10,73709.39,4,0,1,145538.39,Karachi,Male,0
C000588,435,42,3,153147.4,3,1,0,496729.39,Islamabad,Male,0
C000589,773,69,10,232350.34,1,1,0,521446.05,Islamabad,Male,0
C000590,492,67,9,32701.64,4,0,0,436481.68,Islamabad,Female,1
C000591,700,67,1,249491.12,2,1,0,157078.74,Karachi,Female,0
C000592,356,69,9,124030.73,3,1,1,192341.65,Peshawar,Female,0
C000593,644,25,8,137185.75,2,0,0,133483.45,Islamabad,Female,0
C000594,846,32,2,410951.13,4,0,1,143075.69,Islamabad,Female,0
C000595,528,40,8,493461.79,4,1,0,60435.69,Islamabad,Female,0
C000596,576,40,6,231932.01,2,0,1,520096.45,Lahore,Male,0
C000597,356,48,5,160885.35,4,1,1,335961.28,Karachi,Female,0
C000598,489,61,10,465724.09,4,1,1,223545.17,Islamabad,Female,0
C000599,363,63,10,250224.22,1,0,1,202163.12,Islamabad,Female,0
C000600,383,49,2,365176.79,2,0,1,345029.93,Karachi,Male,1
C000601,727,26,10,206870.02,2,1,0,222943.5,Islamabad,Male,0
C000602,772,69,6,101274.29,3,1,1,523682.07,Lahore,Female,0
C000603,589,46,10,327442.56,1,1,1,158136.16,Lahore,Female,0
C000604,678,24,2,332421.32,1,0,1,534089.0,Lahore,Female,0
C000605,669,47,10,230091.93,4,0,0,411891.77,Karachi,Female,0
C000606,446,31,5,134974.82,3,1,0,575712.36,Karachi,Male,0
C000607,617,45,7,415906.75,3,1,0,48460.06,Islamabad,Male,0
C000608,475,50,4,137659.06,1,1,0,73093.52,Karachi,Female,0
C000609,383,66,10,329511.99,3,1,0,320500.97,Karachi,Male,1
C000610,632,28,10,191992.81,1,1,0,550932.14,Quetta,Female,0
C000611,755,65,2,236240.34,3,1,1,449245.17,Karachi,Female,0
C000612,367,44,5,105701.33,1,1,0,388396.12,Islamabad,Male,0
C000613,779,67,7,324739.97,1,1,1,57697.21,Peshawar,Male,0
C000614,777,48,9,112912.92,4,1,1,238331.72,Lahore,Female,0
C000615,751,63,2,242857.02,4,0,1,233677.62,Islamabad,Male,0
C000616,642,30,10,164229.7,3,0,1,343567.98,Quetta,Male,0
C000617,740,65,10,481802.87,4,1,1,184383.56,Peshawar,Female,0
C000618,417,24,4,491110.55,2,1,1,189607.2,Lahore,Female,0
C000619,586,34,8,376745.65,2,0,0,387682.05,Lahore,Female,0
C000620,429,27,9,491958.75,3,0,1,568957.82,Lahore,Male,0
C000621,435,59,9,56775.32,1,0,0,409700.3,Islamabad,Male,0
C000622,409,42,2,496162.33,4,0,1,414152.87,Peshawar,Female,1
C000623,397,40,10,51777.96,3,1,1,592280.3,Islamabad,Female,0
C000624,528,46,1,207725.89,2,1,1,125947.77,Lahore,Female,0
C000625,705,60,10,119473.79,1,0,1,58947.47,Lahore,Male,0
C000626,433,25,7,476922.98,4,1,0,457487.81,Karachi,Male,0
C000627,444,43,6,317894.97,1,1,0,285720.96,Karachi,Male,0
C000628,657,26,8,298563.77,1,1,0,280141.08,Islamabad,Male,0
C000629,601,22,3,498719.25,4,0,0,166169.89,Karachi,Male,0
C000630,830,71,2,306213.05,4,0,1,323843.3,Karachi,Female,0
C000631,682,38,9,323079.94,2,1,1,287616.51,Islamabad,Male,0
C000632,529,30,4,22387.15,2,0,0,233452.0,Karachi,Male,0
C000633,433,30,10,429525.3,1,0,1,287937.29,Peshawar,Male,0
C000634,659,45,0,485044.72,1,0,1,254947.47,Karachi,Female,0
C000635,774,31,4,480155.58,2,1,0,566341.96,Peshawar,Female,0
C000636,775,41,2,110552.8,2,1,0,588940.93,Lahore,Female,1
C000637,835,38,0,112957.67,1,1,1,510344.52,Karachi,Female,0
C000638,499,34,2,183023.56,3,0,0,594631.89,Islamabad,Female,0
C000639,388,50,4,155105.04,3,0,1,188802.88,Peshawar,Female,0
C000640,628,57,4,152807.32,3,1,1,512038.06,Lahore,Male,0
C000641,653,44,9,302608.36,4,0,1,267712.25,Islamabad,Male,0
C000642,462,48,7,402804.0,2,0,1,457836.38,Quetta,Male,0
C000643,725,39,10,468384.08,3,0,1,152779.88,Karachi,Male,0
C000644,766,39,0,33930.24,3,0,1,494695.41,Islamabad,Female,0
C000645,476,30,6,138989.24,2,1,1,86740.08,Karachi,Male,1
C000646,390,24,4,127506.89,4,1,0,191512.32,Lahore,Female,1
C000647,507,28,2,178719.83,3,0,0,500293.47,Karachi,Male,0
C000648,555,36,3,212167.13,4,1,0,458409.16,Lahore,Male,0
C000649,396,51,2,194585.74,4,1,0,320698.18,Karachi,Male,0
C000650,833,30,7,476073.6,1,1,0,416763.95,Karachi,Female,0
C000651,534,62,3,218564.53,2,0,1,143921.45,Lahore,Female,0
C000652,421,48,2,275796.29,1,1,1,413947.63,Lahore,Female,0
C000653,406,57,1,374316.64,3,0,0,44466.65,Lahore,Female,1
C000654,588,39,2,362542.4,1,1,1,506600.89,Lahore,Male,0
C000655,411,52,6,291482.28,2,1,0,329121.06,Karachi,Male,1
C000656,691,38,5,430416.01,4,1,1,568571.93,Peshawar,Female,0
C000657,406,27,9,312090.65,4,1,1,307771.99,Lahore,Female,0
C000658,801,60,4,437379.42,3,0,1,282528.88,Karachi,Male,0
C000659,592,46,7,151382.88,2,1,0,292029.57,Lahore,Male,0
C000660,832,63,10,66011.84,4,1,1,241448.03,Islamabad,Female,0
C000661,677,63,0,409760.23,3,1,0,133338.05,Karachi,Male,1
C000662,831,59,2,191258.95,2,1,1,511555.13,Karachi,Female,0
C000663,473,59,1,325542.29,2,1,0,257887.83,Islamabad,Female,1
C000664,819,52,1,368655.6,1,0,0,336300.72,Lahore,Male,0
C000665,502,50,10,163355.24,4,0,0,51136.67,Lahore,Male,0
C000666,604,61,0,252581.69,2,0,1,73742.17,Peshawar,Female,0
C000667,566,30,4,447463.26,4,0,1,374422.61,Karachi,Female,0
C000668,773,22,4,439896.62,4,1,1,532367.73,Lahore,Female,0
C000669,581,37,2,374678.54,2,0,1,316301.66,Karachi,Female,1
C000670,366,59,8,381369.77,4,0,0,132385.77,Karachi,Female,1
C000671,429,44,5,448842.22,1,1,1,105031.3,Karachi,Male,1
C000672,845,29,9,368166.19,3,0,0,543881.28,Lahore,Female,0
C000673,525,68,5,169792.68,3,0,0,432917.2,Karachi,Male,0
C000674,388,33,9,60391.34,2,1,1,581069.51,Lahore,Male,0
C000675,492,31,5,210942.05,1,0,0,86115.23,Quetta,Male,0
C000676,366,37,1,43671.71,3,0,1,545463.2,Islamabad,Male,0
C000677,598,68,10,57885.39,1,0,1,513554.1,Karachi,Male,1
C000678,384,64,9,475086.05,2,0,1,540183.7,Karachi,Female,1
C000679,638,45,9,337943.48,1,1,0,43227.26,Lahore,Male,0
C000680,837,60,7,425804.35,2,0,1,455465.95,Lahore,Female,0
C000681,836,29,5,321449.6,3,1,0,347405.34,Quetta,Female,0
C000682,495,32,2,209270.01,3,1,1,360980.48,Quetta,Male,0
C000683,763,62,9,12579.39,3,1,1,302753.11,Lahore,Male,0
C000684,564,47,8,477918.52,3,1,1,455899.07,Karachi,Male,0
C000685,514,28,1,35466.24,4,0,0,599910.0,Peshawar,Male,0
C000686,460,36,6,305081.53,1,0,0,437901.48,Islamabad,Male,0
C000687,484,36,2,51101.61,1,0,0,419708.23,Lahore,Male,0
C000688,423,69,5,142073.84,1,1,1,406485.12,Lahore,Male,0
C000689,813,24,4,92908.73,2,1,1,429318.54,Lahore,Male,0
C000690,505,37,5,276858.46,3,1,0,231582.98,Peshawar,Male,0
C000691,564,36,7,443537.67,3,0,1,219323.06,Karachi,Female,0
C000692,703,46,2,317811.15,4,0,1,479229.27,Islamabad,Male,0
C000693,623,54,1,332094.01,4,0,1,69729.29,Karachi,Male,0
C000694,780,35,7,454465.75,3,0,1,465178.73,Peshawar,Male,0
C000695,628,45,0,374712.61,1,0,0,495751.29,Lahore,Male,1
C000696,848,32,1,432977.92,1,0,0,332094.86,Karachi,Female,0
C000697,497,24,9,208196.05,3,1,0,549682.93,Karachi,Male,0
C000698,380,30,0,432678.17,2,1,0,304928.96,Lahore,Male,1
C000699,363,27,4,322930.69,1,0,1,139728.53,Karachi,Female,1
C000700,372,52,7,67803.89,3,1,0,242383.24,Lahore,Male,0
C000701,351,37,1,19356.25,3,0,0,547285.8,Karachi,Male,0
C000702,762,32,3,122017.21,4,1,1,596493.44,Karachi,Male,0
C000703,527,71,3,189174.82,4,0,0,276238.22,Lahore,Male,0
C000704,678,38,10,418783.93,3,0,1,133434.07,Lahore,Male,0
C000705,408,70,10,370622.28,2,0,1,200344.4,Lahore,Female,1
C000706,638,24,6,477687.86,3,1,0,349845.95,Lahore,Male,0
C000707,525,40,0,279587.4,1,0,0,360373.71,Lahore,Female,0
C000708,521,45,8,373870.83,2,1,0,392833.27,Lahore,Female,0
C000709,745,68,2,137641.69,2,0,1,507797.89,Karachi,Female,1
C000710,432,63,5,339788.95,4,1,1,438279.92,Karachi,Female,0
C000711,775,29,9,353075.6,3,1,0,186070.53,Karachi,Female,0
C000712,817,70,4,424207.66,4,0,1,261224.67,Islamabad,Male,0
C000713,834,57,3,268201.76,1,0,0,510297.29,Lahore,Male,0
C000714,572,61,8,324502.57,4,0,1,394694.3,Lahore,Female,0
C000715,384,23,10,101524.41,1,1,0,133194.11,Islamabad,Female,0
C000716,646,44,8,368379.55,3,0,1,222301.73,Karachi,Male,0
C000717,818,61,0,419205.86,3,0,1,483010.91,Lahore,Male,1
C000718,788,51,6,296868.87,4,1,0,136372.71,Karachi,Female,0
C000719,844,46,9,57837.23,4,1,1,426988.37,Islamabad,Male,0
C000720,459,28,8,156428.68,4,1,0,355580.46,Islamabad,Female,1
C000721,584,49,4,237757.33,1,0,1,122585.95,Islamabad,Male,0
C000722,746,62,0,338581.2,2,0,0,425772.2,Peshawar,Female,1
C000723,388,71,7,160163.55,2,0,0,119715.42,Islamabad,Male,1
C000724,568,38,4,420145.53,4,0,0,263123.92,Islamabad,Male,0
C000725,566,53,5,185894.9,4,1,1,212793.56,Karachi,Male,0
C000726,543,22,6,21418.17,3,1,0,426405.57,Karachi,Male,0
C000727,512,48,9,396997.21,4,1,1,478122.92,Peshawar,Male,0
C000728,465,65,6,322111.58,3,0,0,134257.29,Peshawar,Female,1
C000729,677,57,6,400978.25,1,1,1,494718.18,Lahore,Male,1
C000730,510,70,0,174444.91,1,0,0,44039.87,Lahore,Male,0
C000731,438,28,6,8815.1,1,1,1,336832.79,Peshawar,Male,0
C000732,818,24,10,36876.46,1,1,1,329401.78,Karachi,Female,0
C000733,769,51,2,55900.39,4,0,1,389340.0,Karachi,Male,0
C000734,490,22,4,402573.79,4,1,0,174232.3,Lahore,Female,0
C000735,661,55,9,150717.38,3,1,0,45519.82,Karachi,Female,0
C000736,523,59,4,498949.25,4,0,1,294667.23,Lahore,Female,0
C000737,550,64,7,379194.2,3,1,1,79987.48,Islamabad,Male,0
C000738,704,57,6,300577.48,1,0,1,539628.58,Karachi,Female,0
C000739,651,54,6,491809.71,3,1,0,137253.14,Peshawar,Male,0
C000740,705,64,5,158154.59,3,1,0,278130.46,Quetta,Female,0
C000741,462,37,6,82807.78,4,0,1,283040.22,Islamabad,Male,0
C000742,716,59,6,368636.48,1,0,0,349604.2,Quetta,Female,0
C000743,777,32,4,139041.69,2,0,0,478218.12,Lahore,Male,0
C000744,523,29,4,480518.46,4,1,0,304402.96,Lahore,Male,0
C000745,848,22,3,494034.66,4,1,0,54421.83,Islamabad,Male,0
C000746,423,35,3,463202.2,2,0,0,471821.83,Lahore,Male,1
C000747,674,51,4,472380.88,1,0,1,86017.06,Lahore,Female,0
C000748,636,42,9,307827.41,2,0,1,399269.84,Lahore,Female,0
C000749,474,42,8,346059.32,3,0,0,489920.52,Islamabad,Female,1
C000750,373,55,10,47123.08,2,1,1,198306.5,Islamabad,Male,0
C000751,381,59,5,381525.08,1,1,0,291499.63,Islamabad,Male,0
C000752,603,47,7,101031.68,1,0,1,48028.07,Islamabad,Male,0
C000753,846,62,8,420163.03,2,0,0,490170.11,Islamabad,Male,0
C000754,462,35,3,480765.91,4,1,0,433826.21,Lahore,Female,0
C000755,544,61,6,106188.81,2,1,0,169576.94,Karachi,Male,1
C000756,365,56,4,39015.56,3,1,1,258526.67,Islamabad,Female,0
C000757,790,63,3,241945.07,2,1,1,429377.24,Karachi,Female,1
C000758,838,39,6,395774.69,2,1,1,240571.35,Quetta,Female,0
C000759,846,41,2,385320.08,2,1,0,130952.27,Islamabad,Female,0
C000760,561,30,0,348409.25,3,0,0,330363.1,Islamabad,Male,0
C000761,457,62,6,410348.0,2,0,1,445197.84,Quetta,Male,1
C000762,373,66,8,87494.18,4,1,1,219653.32,Lahore,Female,1
C000763,639,54,1,325968.88,3,0,0,108192.47,Karachi,Female,0
C000764,733,70,6,302839.66,4,0,0,504544.73,Lahore,Male,0
C000765,657,25,9,76715.86,3,1,0,181569.05,Karachi,Male,0
C000766,653,25,1,207213.54,1,1,1,327176.37,Lahore,Female,0
C000767,692,69,2,426264.86,1,0,0,427152.16,Lahore,Male,0
C000768,468,37,9,485900.9,3,1,0,217562.11,Islamabad,Female,1
C000769,530,68,9,332715.09,3,1,0,403236.46,Lahore,Male,0
C000770,788,47,2,460970.52,3,0,0,297437.32,Lahore,Female,0
C000771,387,27,3,66024.62,1,0,1,359444.53,Karachi,Female,0
C000772,735,58,5,487530.26,3,0,0,370722.62,Lahore,Female,0
C000773,582,43,2,16753.25,1,1,1,501524.38,Karachi,Male,0
C000774,418,63,8,263629.64,1,0,0,407542.71,Karachi,Female,0
C000775,431,60,1,145504.16,3,1,1,188011.75,Islamabad,Female,0
C000776,467,28,6,406954.55,3,1,1,73378.43,Karachi,Female,0
C000777,658,63,5,108771.82,3,0,1,41111.9,Karachi,Male,0
C000778,399,51,1,5765.02,1,0,1,546473.74,Karachi,Male,1
C000779,506,31,10,207304.73,2,1,0,567581.63,Lahore,Male,0
C000780,423,36,2,32054.0,3,1,1,92702.43,Islamabad,Male,0
C000781,839,27,5,145046.28,2,1,1,312750.03,Quetta,Female,0
C000782,532,45,9,321873.85,2,1,0,124893.31,Islamabad,Male,0
C000783,455,23,3,147351.59,2,0,1,571299.49,Lahore,Female,0
C000784,538,61,0,122896.61,4,0,1,178226.21,Karachi,Male,0
C000785,655,36,0,77747.83,2,0,0,320922.37,Karachi,Male,0
C000786,621,42,2,67586.14,2,0,1,132747.31,Lahore,Female,0
C000787,436,39,7,262928.69,1,1,0,226346.21,Lahore,Female,0
C000788,699,26,10,340753.51,4,1,1,189411.56,Islamabad,Female,0
C000789,675,46,3,226366.6,1,0,1,306238.58,Karachi,Female,0
C000790,521,57,10,61801.55,1,0,1,275077.9,Karachi,Female,0
C000791,601,31,0,323878.15,2,1,0,225246.76,Karachi,Female,0
C000792,705,67,7,278560.95,1,1,1,99291.47,Islamabad,Female,0
C000793,817,44,9,190637.73,3,1,0,311312.73,Karachi,Female,0
C000794,493,45,5,165023.44,2,0,1,516116.49,Lahore,Male,0
C000795,633,66,0,91576.45,3,0,1,448925.07,Karachi,Female,0
C000796,534,31,9,73149.73,2,1,1,443521.94,Lahore,Female,0
C000797,503,27,9,169385.85,2,0,1,245011.37,Karachi,Male,0
C000798,691,34,5,20815.56,2,1,0,436714.69,Karachi,Male,0
C000799,467,42,0,218313.71,4,0,0,300697.63,Karachi,Female,0
C000800,616,53,9,300786.96,2,1,0,124154.61,Karachi,Male,1
C000801,734,64,9,470827.14,3,0,1,274667.86,Karachi,Female,0
C000802,674,36,2,312914.07,2,1,0,114333.63,Islamabad,Male,0
C000803,604,23,1,312038.02,2,0,0,104110.38,Karachi,Male,1
C000804,590,36,3,187207.4,1,1,1,52913.21,Karachi,Male,0
C000805,520,38,1,66658.58,2,1,0,198398.41,Lahore,Male,1
C000806,779,41,10,223468.83,2,1,1,225289.88,Islamabad,Female,0
C000807,454,71,4,299338.16,2,1,1,431688.48,Karachi,Female,0
C000808,839,27,3,362016.8,2,0,0,341282.68,Lahore,Male,0
C000809,385,36,5,413043.39,2,1,0,520731.84,Islamabad,Male,0
C000810,415,38,6,127964.05,2,1,1,138823.55,Karachi,Male,0
C000811,534,47,1,120610.04,4,1,1,188935.72,Lahore,Female,0
C000812,739,43,1,282649.93,3,0,1,567002.62,Karachi,Male,0
C000813,539,30,7,283007.59,4,1,1,288665.34,Karachi,Male,0
C000814,504,33,8,108973.9,3,0,0,481868.53,Quetta,Male,0
C000815,730,43,4,293737.66,4,1,1,315613.88,Karachi,Female,0
C000816,759,44,6,172939.42,2,1,0,303807.97,Karachi,Male,0
C000817,576,58,8,319657.46,4,1,1,122945.12,Quetta,Male,1
C000818,490,35,0,145522.36,3,1,0,516671.78,Islamabad,Female,1
C000819,425,45,7,296145.9,1,0,1,83878.96,Lahore,Female,1
C000820,495,29,9,384155.02,1,0,1,213746.21,Islamabad,Female,0
C000821,387,47,9,490079.39,2,1,0,417142.12,Islamabad,Male,0
C000822,839,53,8,455534.03,2,1,1,324064.23,Islamabad,Male,0
C000823,611,49,8,251769.37,3,1,0,533571.86,Karachi,Female,0
C000824,475,53,9,244174.54,1,0,1,62006.85,Lahore,Male,1
C000825,441,43,6,218850.0,2,1,1,403668.21,Karachi,Male,0
C000826,633,70,9,13875.3,4,0,1,307380.66,Karachi,Male,0
C000827,694,30,2,82977.25,4,0,0,126414.62,Lahore,Female,0
C000828,610,24,4,29594.54,1,1,1,456221.07,Lahore,Female,0
C000829,792,46,1,348177.54,3,0,0,270331.84,Karachi,Female,0
C000830,812,60,10,206617.33,2,1,1,337685.87,Karachi,Male,0
C000831,716,33,9,31884.94,2,0,0,581669.0,Lahore,Female,0
C000832,457,50,2,345287.54,2,1,0,312288.85,Lahore,Male,0
C000833,806,24,9,322217.93,1,1,1,501088.8,Peshawar,Male,0
C000834,394,62,6,359981.42,4,1,1,470963.41,Islamabad,Female,0
C000835,717,67,0,299917.06,3,1,1,411142.57,Quetta,Male,0
C000836,786,44,2,80769.78,1,1,1,542214.8,Lahore,Male,0
C000837,351,44,4,30696.15,1,1,0,180896.92,Islamabad,Female,0
C000838,782,39,10,408570.49,2,0,0,499631.89,Peshawar,Male,0
C000839,550,32,3,107904.5,4,0,1,251560.99,Islamabad,Female,0
C000840,439,57,2,271264.62,3,0,0,494994.9,Islamabad,Female,1
C000841,564,47,5,242608.51,3,1,1,316521.66,Lahore,Female,0
C000842,464,29,5,460526.27,2,1,1,520317.18,Karachi,Female,0
C000843,668,49,3,276219.88,3,1,1,541112.38,Peshawar,Female,0
C000844,441,39,8,290008.44,4,1,1,374680.57,Islamabad,Male,0
C000845,675,34,10,159752.52,2,1,1,324271.1,Islamabad,Male,0
C000846,535,57,5,479347.35,2,1,0,478636.88,Karachi,Female,1
C000847,609,63,8,306186.91,4,0,1,189512.27,Karachi,Male,0
C000848,507,61,10,2490.19,3,1,0,48595.26,Lahore,Female,0
C000849,406,65,9,278041.13,4,1,1,267972.97,Islamabad,Male,0
C000850,396,33,9,181932.69,3,1,1,324353.51,Peshawar,Male,0
C000851,751,43,1,16056.1,3,1,1,206467.12,Karachi,Male,0
C000852,571,23,5,215774.89,3,1,1,254682.65,Islamabad,Male,0
C000853,824,61,3,386783.24,4,0,0,114512.61,Karachi,Female,1
C000854,457,49,1,251894.73,4,1,0,195282.35,Lahore,Female,1
C000855,700,34,4,319729.54,1,1,1,174453.39,Lahore,Male,0
C000856,649,54,2,319870.73,4,0,1,208552.64,Islamabad,Female,0
C000857,529,24,5,335509.65,2,0,1,207470.3,Peshawar,Female,0
C000858,526,55,10,193798.1,2,1,1,353022.29,Karachi,Female,0
C000859,836,44,7,185002.42,2,0,0,180334.29,Lahore,Female,1
C000860,763,53,3,2292.27,2,0,0,566938.31,Lahore,Male,0
C000861,529,41,3,77111.23,1,1,1,326313.91,Karachi,Male,0
C000862,386,49,4,475405.11,4,0,0,112220.96,Quetta,Female,0
C000863,412,29,5,421208.36,4,1,0,196579.51,Peshawar,Female,0
C000864,617,24,10,137554.22,3,0,1,448664.2,Karachi,Female,0
C000865,622,51,6,200595.97,4,1,0,47649.06,Lahore,Female,0
C000866,639,46,5,469960.66,3,1,1,565178.07,Karachi,Female,0
C000867,761,51,6,125222.24,3,0,0,289299.08,Lahore,Female,0
C000868,737,50,8,266266.48,2,0,0,331804.25,Islamabad,Female,0
C000869,703,68,3,11039.89,1,1,1,593510.85,Karachi,Male,0
C000870,651,51,9,309867.42,1,1,0,321905.73,Peshawar,Male,0
C000871,619,55,0,465036.8,4,0,0,570736.64,Lahore,Female,1
C000872,618,46,8,442371.69,3,1,0,552529.42,Quetta,Male,0
C000873,846,38,6,250984.61,2,0,0,567136.7,Karachi,Male,1
C000874,791,45,3,324820.99,3,0,0,494928.91,Islamabad,Female,0
C000875,654,59,9,284899.1,2,0,1,205982.93,Islamabad,Male,0
C000876,595,49,7,33487.12,3,1,1,233974.19,Karachi,Female,0
C000877,527,54,6,79361.74,4,1,0,244391.08,Karachi,Female,0
C000878,416,57,1,481908.66,4,0,1,588341.27,Peshawar,Male,0
C000879,626,28,0,127984.35,3,0,0,242023.08,Lahore,Male,0
C000880,557,44,8,192224.61,1,1,0,100866.01,Lahore,Female,0
C000881,656,67,6,254472.15,2,1,1,475864.18,Peshawar,Male,0
C000882,387,47,9,489566.06,1,1,0,244995.44,Karachi,Male,0
C000883,468,35,0,344996.75,1,0,1,387724.11,Lahore,Female,0
C000884,375,63,3,314799.25,3,0,0,557641.83,Islamabad,Female,0
C000885,355,49,4,262199.99,2,1,0,362283.12,Lahore,Male,0
C000886,623,45,4,350337.21,2,0,1,397112.1,Karachi,Female,0
C000887,582,28,4,332007.95,4,0,0,400003.04,Lahore,Female,0
C000888,463,69,10,451420.45,3,1,1,382943.54,Islamabad,Male,0
C000889,483,57,2,270917.65,3,0,1,129470.85,Lahore,Female,0
C000890,774,60,4,210751.29,3,1,0,295592.63,Islamabad,Male,0
C000891,662,36,3,403581.01,4,1,0,44291.85,Karachi,Male,0
C000892,527,70,4,399891.67,4,1,1,390708.29,Islamabad,Female,0
C000893,374,24,6,84918.22,2,1,0,362200.65,Lahore,Female,0
C000894,397,69,4,118396.0,4,0,0,218156.84,Quetta,Male,1
C000895,629,23,7,479319.13,3,1,1,333381.48,Karachi,Female,0
C000896,763,28,7,222054.77,3,1,0,316112.36,Lahore,Male,0
C000897,692,37,2,259830.35,1,1,0,180512.52,Karachi,Male,0
C000898,650,42,4,155080.06,4,0,1,204241.03,Lahore,Male,0
C000899,648,30,3,240535.51,3,0,0,467022.96,Karachi,Male,1
C000900,421,33,4,371678.3,3,0,0,463210.1,Islamabad,Male,0
C000901,789,50,7,241172.55,2,0,0,303078.0,Peshawar,Female,0
C000902,846,45,3,157392.34,4,1,0,441805.01,Karachi,Male,0
C000903,550,54,4,48000.5,3,0,0,292448.72,Karachi,Male,0
C000904,675,35,6,464130.76,2,0,0,516769.46,Peshawar,Female,0
C000905,382,64,2,435828.91,1,0,1,226371.74,Lahore,Male,1
C000906,446,39,5,395682.47,1,1,0,559283.8,Lahore,Female,0
C000907,394,26,8,347035.48,2,1,0,343678.84,Karachi,Male,1
C000908,612,36,10,257754.94,4,1,0,339985.2,Lahore,Male,0
C000909,711,28,3,448698.39,3,1,1,415653.82,Karachi,Female,0
C000910,751,46,3,395850.76,4,0,0,230879.37,Islamabad,Male,0
C000911,419,35,5,408005.42,2,0,1,445624.56,Lahore,Male,0
C000912,650,61,5,154775.24,3,0,1,219438.06,Islamabad,Male,0
C000913,642,57,2,211729.14,3,0,1,262621.74,Karachi,Male,0
C000914,754,56,0,353401.13,3,0,1,417833.92,Lahore,Female,0
C000915,567,65,2,185531.15,4,1,1,251931.5,Karachi,Male,0
C000916,556,71,7,246987.33,4,0,0,151985.51,Peshawar,Female,0
C000917,521,45,7,323256.48,2,1,0,528264.82,Lahore,Female,0
C000918,595,36,5,218879.2,1,1,0,556407.01,Karachi,Male,1
C000919,763,32,6,396519.8,2,1,0,390969.39,Karachi,Female,1
C000920,744,45,1,58139.42,3,0,1,494244.43,Karachi,Female,0
C000921,605,32,8,359028.25,2,0,1,592525.32,Karachi,Female,0
C000922,613,65,2,72605.03,1,1,1,384273.86,Lahore,Male,1
C000923,738,38,1,468919.83,2,0,1,548923.88,Karachi,Male,0
C000924,613,27,4,157018.84,1,0,1,241182.66,Quetta,Male,0
C000925,354,42,0,397716.18,1,0,1,432264.56,Karachi,Male,0
C000926,359,29,4,260708.49,3,0,0,71251.06,Islamabad,Male,0
C000927,620,36,9,45543.53,1,1,0,481824.07,Karachi,Female,0
C000928,579,53,3,291293.43,4,0,0,504689.76,Karachi,Male,0
C000929,661,31,5,456088.87,2,0,0,264658.24,Quetta,Female,0
C000930,719,49,4,78617.2,2,0,1,397814.81,Islamabad,Male,1
C000931,404,36,8,160653.47,4,1,1,520682.22,Lahore,Female,0
C000932,736,33,4,219579.34,4,1,1,534820.57,Islamabad,Female,0
C000933,390,64,7,137526.53,3,0,0,99657.65,Quetta,Male,1
C000934,487,39,1,471889.74,2,0,0,503393.14,Lahore,Female,1
C000935,740,58,2,188750.13,4,0,0,193576.28,Karachi,Male,0
C000936,796,65,2,329031.03,3,0,0,447291.86,Karachi,Female,0
C000937,464,45,2,111958.38,2,1,0,222091.93,Islamabad,Female,0
C000938,412,58,5,109852.97,2,1,0,71544.62,Islamabad,Male,0
C000939,693,50,6,87924.67,4,1,1,157527.6,Islamabad,Female,0
C000940,759,31,6,217406.13,1,1,0,268856.19,Karachi,Male,1
C000941,383,35,6,266429.1,1,1,0,455088.03,Peshawar,Male,0
C000942,727,37,2,5374.08,4,1,0,96394.03,Lahore,Male,1
C000943,601,58,0,416461.71,1,0,1,495243.11,Lahore,Male,0
C000944,805,32,5,256376.95,2,1,0,598292.61,Karachi,Female,0
C000945,772,47,2,78604.96,3,1,0,481424.28,Quetta,Male,0
C000946,793,61,2,33646.66,3,1,1,305292.45,Lahore,Female,0
C000947,546,40,2,31599.65,4,0,0,358169.72,Lahore,Male,0
C000948,705,39,8,128821.74,3,1,0,43449.88,Peshawar,Female,0
C000949,712,51,3,249646.07,4,1,1,157193.35,Peshawar,Male,1
C000950,759,53,4,430119.77,1,1,1,543433.35,Karachi,Male,0
C000951,601,44,2,451482.71,2,1,0,52168.47,Peshawar,Female,0
C000952,411,33,9,416163.96,1,0,1,546685.17,Islamabad,Female,0
C000953,743,34,0,164281.73,4,0,1,103421.46,Karachi,Female,0
C000954,574,42,3,153278.88,2,0,0,114521.51,Karachi,Male,0
C000955,705,42,0,493729.17,2,1,1,138195.95,Lahore,Male,1
C000956,403,50,10,340640.31,2,0,1,487655.78,Lahore,Male,0
C000957,508,50,10,152475.97,1,0,0,307784.48,Islamabad,Male,0
C000958,643,71,6,164540.08,2,0,1,121310.11,Karachi,Male,1
C000959,719,48,6,217322.22,1,0,0,424609.02,Islamabad,Male,1
C000960,374,50,3,310903.35,1,0,1,566785.49,Islamabad,Female,0
C000961,586,36,4,448989.58,2,1,1,360572.83,Lahore,Female,0
C000962,810,68,9,99153.56,4,1,0,95272.0,Peshawar,Female,0
C000963,670,33,6,42201.7,2,1,1,70660.34,Islamabad,Male,0
C000964,449,62,5,202876.06,2,1,1,485688.52,Karachi,Female,1
C000965,577,40,3,122727.74,1,1,1,390606.85,Islamabad,Male,0
C000966,527,33,3,288016.34,2,1,1,556688.11,Quetta,Male,0
C000967,757,44,1,349607.42,4,0,1,346460.08,Karachi,Female,0
C000968,504,26,9,155367.98,2,0,0,74941.43,Quetta,Female,0
C000969,815,47,1,342725.64,4,1,1,266064.64,Karachi,Female,1
C000970,783,31,3,171573.63,3,1,0,408474.79,Lahore,Male,0
C000971,588,43,4,317484.07,3,1,1,255535.8,Islamabad,Female,0
C000972,783,60,3,316530.4,3,1,1,599771.18,Islamabad,Male,0
C000973,492,44,2,139079.85,2,0,0,267012.02,Islamabad,Female,1
C000974,366,32,10,317861.38,1,0,1,345892.23,Lahore,Male,0
C000975,634,49,1,190477.55,4,1,1,166219.54,Islamabad,Male,0
C000976,354,52,3,168227.47,3,1,1,125197.39,Islamabad,Male,0
C000977,360,29,10,144643.87,4,1,1,401371.1,Lahore,Male,0
C000978,557,60,4,172822.63,1,1,0,369623.14,Lahore,Male,1
C000979,785,69,0,393372.45,4,1,0,42429.76,Islamabad,Female,0
C000980,767,49,0,122589.41,4,1,1,199477.66,Karachi,Male,0
C000981,430,37,5,340993.7,3,0,0,400404.56,Lahore,Female,0
C000982,382,67,4,450310.29,4,0,0,494859.63,Karachi,Female,0
C000983,847,68,10,175214.47,3,0,1,214926.45,Islamabad,Female,1
C000984,654,52,3,14756.03,1,0,1,402564.37,Karachi,Male,0
C000985,726,62,0,12303.01,3,1,0,188544.44,Lahore,Female,0
C000986,508,69,6,69751.44,4,0,0,426612.74,Karachi,Male,0
C000987,623,37,3,55022.42,1,0,0,430850.88,Karachi,Male,0
C000988,464,26,2,374042.62,2,1,0,112925.14,Lahore,Female,0
C000989,566,56,6,147425.36,2,0,0,412450.28,Lahore,Male,0
C000990,610,46,1,326254.89,1,0,0,226797.62,Lahore,Female,1
C000991,507,34,9,21227.72,1,0,1,136653.16,Karachi,Male,0
C000992,394,50,0,147870.14,4,1,1,320202.29,Peshawar,Male,0
C000993,469,48,10,117073.12,2,1,0,293286.14,Karachi,Male,0
C000994,564,61,3,138440.26,1,1,1,473369.89,Peshawar,Female,0
C000995,477,38,7,95358.88,2,1,1,87328.69,Islamabad,Female,1
C000996,603,58,5,308958.01,2,0,0,482261.83,Karachi,Male,0
C000997,387,59,8,331336.43,4,1,0,99406.12,Lahore,Male,0
C000998,714,50,0,74232.75,1,1,0,156177.06,Quetta,Male,1
C000999,559,55,0,370572.99,3,1,1,328893.99,Lahore,Female,0
C001000,701,51,10,125022.74,1,0,0,299377.78,Karachi,Female,0
C001001,443,52,4,141461.25,2,0,1,593761.03,Lahore,Female,0
C001002,378,43,5,414404.17,3,0,1,370105.28,Lahore,Female,0
C001003,513,67,7,450582.96,3,0,0,223363.93,Islamabad,Female,0
C001004,486,46,2,412378.16,2,1,1,544083.37,Peshawar,Male,0
C001005,372,25,5,73881.41,3,0,0,214840.38,Karachi,Male,1
C001006,480,56,2,499633.82,3,1,0,193314.36,Karachi,Female,1
C001007,435,62,7,336077.71,1,0,1,316848.21,Karachi,Male,0
C001008,533,71,10,255334.31,2,1,0,551377.88,Quetta,Female,0
C001009,773,65,10,477420.7,4,0,0,436767.98,Lahore,Male,0
C001010,586,30,3,408690.2,3,0,0,419390.6,Peshawar,Male,0
C001011,533,47,1,345871.52,2,0,0,446603.27,Lahore,Male,0
C001012,663,48,8,419198.62,1,0,0,409398.74,Islamabad,Female,0
C001013,508,48,9,192733.29,1,1,0,465485.96,Karachi,Female,0
C001014,819,39,7,342219.22,1,0,1,147946.73,Peshawar,Male,0
C001015,360,51,5,95290.01,3,1,0,139264.64,Lahore,Female,0
C001016,391,66,2,494000.32,4,1,1,242811.47,Islamabad,Male,0
C001017,584,67,1,294490.85,1,0,0,516537.48,Karachi,Male,0
C001018,480,52,3,407118.62,4,0,0,440094.36,Islamabad,Male,0
C001019,534,63,3,203669.94,2,0,1,357225.07,Lahore,Female,0
C001020,363,24,0,379294.41,1,0,1,50890.56,Karachi,Male,0
C001021,651,50,8,193692.45,3,1,0,172049.28,Lahore,Female,1
C001022,603,28,9,295002.54,1,1,0,489967.81,Lahore,Female,0
C001023,496,39,7,389067.41,3,0,1,175792.55,Karachi,Male,0
C001024,729,37,6,58236.96,2,1,1,448962.51,Karachi,Male,0
C001025,409,70,5,178392.93,4,0,1,143395.19,Lahore,Female,0
C001026,764,53,2,272468.47,4,1,1,379565.83,Karachi,Female,0
C001027,641,59,3,166998.85,4,0,0,391798.37,Lahore,Male,0
C001028,509,46,1,154583.62,1,1,1,461101.09,Lahore,Male,0
C001029,796,65,6,140832.04,1,0,0,285471.74,Karachi,Male,1
C001030,375,53,1,113895.91,2,0,1,394297.83,Karachi,Male,0
C001031,414,40,9,424452.28,4,0,0,312703.08,Islamabad,Male,1
C001032,735,24,0,461844.56,2,0,1,570509.31,Karachi,Male,1
C001033,419,56,5,350084.72,3,1,0,332253.21,Islamabad,Female,1
C001034,731,71,3,14999.76,1,0,1,157374.81,Lahore,Male,0
C001035,522,50,7,393116.6,4,0,1,414019.83,Quetta,Female,0
C001036,811,32,0,265969.92,1,1,1,347141.7,Karachi,Female,0
C001037,825,27,8,379055.04,4,1,1,490144.52,Islamabad,Male,0
C001038,574,40,5,218669.19,4,0,0,139070.49,Lahore,Female,0
C001039,502,58,1,20640.96,1,1,1,186126.18,Karachi,Male,1
C001040,389,66,7,340872.49,1,1,1,556112.3,Karachi,Female,1
C001041,495,48,4,222064.25,2,0,1,560814.62,Lahore,Male,0
C001042,715,26,4,437021.75,1,0,0,287663.79,Karachi,Male,0
C001043,447,47,4,369068.97,1,0,0,66740.66,Lahore,Female,1
C001044,597,56,6,179780.87,1,0,1,211670.84,Peshawar,Male,0
C001045,361,40,6,362040.98,3,0,0,178388.69,Lahore,Male,0
C001046,824,38,9,247604.3,3,1,0,272219.04,Lahore,Male,0
C001047,373,56,10,99721.98,3,1,0,217968.35,Islamabad,Male,1
C001048,574,68,6,209943.16,2,0,1,504235.71,Islamabad,Female,0
C001049,594,70,9,111281.2,2,0,0,41700.17,Karachi,Male,0
C001050,812,34,1,2488.26,4,0,0,400993.84,Islamabad,Male,0
C001051,520,35,7,123397.89,2,0,1,411991.33,Lahore,Male,0
C001052,381,51,0,104760.66,1,1,1,409950.88,Karachi,Male,1
C001053,463,69,1,2168.45,4,1,1,331533.02,Karachi,Female,0
C001054,558,64,10,391962.68,1,0,0,382218.28,Karachi,Male,0
C001055,832,38,6,38492.47,4,1,1,493876.81,Lahore,Female,0
C001056,652,58,3,224529.54,2,1,0,479150.2,Karachi,Male,1
C001057,778,36,10,208941.59,3,0,0,59390.21,Lahore,Male,0
C001058,384,39,9,90704.06,1,0,1,57044.46,Lahore,Female,1
C001059,554,69,9,483434.25,4,1,1,509809.1,Islamabad,Female,0
C001060,727,35,8,301866.8,3,1,1,361848.63,Lahore,Male,0
C001061,733,35,10,406756.52,1,1,1,576159.31,Islamabad,Male,0
C001062,742,66,8,248070.28,1,1,1,281691.29,Peshawar,Male,1
C001063,615,54,2,361405.96,3,0,1,138975.42,Peshawar,Male,0
C001064,414,59,2,484889.6,2,1,0,305011.55,Peshawar,Male,1
C001065,792,32,8,174202.71,3,0,1,284464.81,Karachi,Female,0
C001066,447,32,9,252131.93,2,1,0,329619.33,Karachi,Female,0
C001067,534,69,7,257268.45,4,1,0,492450.45,Lahore,Female,0
C001068,587,47,0,495997.41,2,0,0,407127.03,Lahore,Female,1
C001069,834,24,5,116549.57,4,0,0,143754.18,Karachi,Female,0
C001070,822,46,6,337653.75,4,1,0,451307.26,Karachi,Female,0
C001071,819,38,10,69114.84,4,1,0,371461.88,Quetta,Female,0
C001072,615,43,7,463536.77,4,0,1,363854.01,Karachi,Male,0
C001073,823,50,1,295190.96,1,1,0,419823.85,Lahore,Male,0
C001074,752,67,0,429705.76,4,0,0,355820.66,Karachi,Male,0
C001075,581,47,3,447620.77,1,0,0,296207.69,Islamabad,Male,0
C001076,458,55,0,278554.96,1,1,1,398612.96,Lahore,Male,0
C001077,838,47,1,341003.64,4,1,0,445287.16,Karachi,Male,0
C001078,527,30,2,349360.32,2,0,0,166429.49,Quetta,Male,1
C001079,598,61,3,230240.41,2,0,1,318347.94,Islamabad,Female,0
C001080,673,32,5,217419.12,3,0,1,296576.58,Islamabad,Female,0
C001081,709,28,7,93094.11,1,0,1,62345.83,Quetta,Female,0
C001082,354,51,8,191957.28,1,0,0,507285.65,Lahore,Male,0
C001083,506,23,3,495378.47,2,0,1,251333.93,Islamabad,Female,0
C001084,579,51,0,134930.79,1,1,1,80705.97,Karachi,Female,0
C001085,465,25,4,381220.45,2,1,1,296423.49,Islamabad,Female,0
C001086,610,35,4,29673.74,3,0,0,130429.25,Karachi,Female,0
C001087,665,34,8,233734.4,4,1,1,434472.07,Karachi,Male,0
C001088,670,46,5,29205.07,4,0,0,360192.08,Lahore,Male,0
C001089,476,34,4,237899.97,4,0,0,191263.73,Karachi,Female,0
C001090,377,34,9,13776.23,3,0,1,572265.36,Lahore,Male,0
C001091,688,58,9,306647.39,1,1,0,203377.4,Lahore,Male,0
C001092,577,65,4,293254.55,3,1,0,350798.27,Lahore,Male,0
C001093,478,27,7,398921.61,1,0,0,488877.98,Karachi,Male,1
C001094,378,47,10,291643.1,1,0,1,327779.69,Karachi,Female,0
C001095,528,35,0,462999.58,4,1,0,578079.18,Lahore,Male,0
C001096,513,29,4,391552.31,2,1,1,512558.56,Islamabad,Male,0
C001097,509,45,0,66328.26,2,0,0,555770.65,Karachi,Female,0
C001098,669,43,6,132736.59,4,0,1,248713.45,Lahore,Male,0
C001099,747,61,6,13115.3,1,1,0,347079.03,Islamabad,Female,0
C001100,637,60,9,193067.0,3,1,0,510493.13,Karachi,Male,0
C001101,843,70,7,254768.13,4,0,1,545960.02,Lahore,Female,0
C001102,614,42,6,472973.12,4,0,0,568843.6,Karachi,Male,0
C001103,816,64,10,261133.72,3,0,1,532325.12,Peshawar,Male,0
C001104,744,47,8,390514.02,1,0,1,449222.75,Karachi,Male,0
C001105,781,31,7,134012.01,4,0,0,53560.29,Karachi,Female,0
C001106,784,34,7,76579.22,4,0,1,216373.93,Peshawar,Male,0
C001107,737,63,2,405418.13,1,1,0,112204.32,Karachi,Male,0
C001108,646,35,9,123712.57,3,1,1,126664.82,Lahore,Female,0
C001109,374,30,3,435667.56,3,1,1,202908.02,Karachi,Male,0
C001110,494,28,3,84924.94,2,0,1,81854.66,Quetta,Female,0
C001111,524,60,0,425793.27,2,0,0,176097.81,Islamabad,Female,0
C001112,357,52,5,386423.79,3,1,0,575908.15,Lahore,Male,1
C001113,663,71,1,305610.34,2,1,0,214688.4,Karachi,Male,1
C001114,458,37,8,425110.34,2,0,0,129439.32,Karachi,Female,0
C001115,478,29,0,165355.06,1,1,1,442248.1,Lahore,Male,0
C001116,351,69,0,83017.07,4,1,0,503962.88,Karachi,Male,0
C001117,359,36,10,78520.34,2,0,0,215861.2,Lahore,Female,1
C001118,696,46,9,135179.46,2,1,1,195958.49,Lahore,Male,0
C001119,466,68,10,223113.57,1,1,0,175385.35,Islamabad,Female,1
C001120,760,59,5,438011.43,3,1,0,260226.29,Karachi,Male,0
C001121,746,62,0,44767.83,2,0,1,88849.78,Lahore,Female,0
C001122,668,36,2,457621.02,4,0,0,414712.37,Islamabad,Male,0
C001123,360,46,9,462747.36,2,1,0,500446.74,Lahore,Male,1
C001124,747,28,1,363618.2,4,1,0,411662.08,Islamabad,Female,0
C001125,445,47,10,450141.81,3,0,0,275871.83,Karachi,Male,0
C001126,813,29,8,384993.32,2,0,0,201818.86,Islamabad,Male,0
C001127,729,39,4,264150.48,4,0,1,269289.85,Peshawar,Female,0
C001128,442,42,5,300375.11,4,0,0,277348.99,Karachi,Female,0
C001129,451,37,1,314112.24,4,0,0,412971.66,Lahore,Male,0
C001130,447,68,7,63446.64,3,1,0,559713.8,Karachi,Male,0
C001131,631,24,5,96527.07,4,0,0,79528.43,Lahore,Female,0
C001132,802,22,10,261684.36,1,1,0,573878.01,Lahore,Male,0
C001133,816,34,7,57614.16,3,1,0,549712.72,Karachi,Female,0
C001134,644,53,7,482489.65,4,0,0,105930.09,Islamabad,Male,1
C001135,697,33,0,253563.64,3,0,0,142807.62,Islamabad,Female,0
C001136,505,52,6,190043.07,3,0,1,214493.54,Peshawar,Male,0
C001137,494,62,1,78770.02,1,1,0,353412.98,Lahore,Male,1
C001138,770,23,10,208266.95,4,0,0,115306.67,Lahore,Male,0
C001139,713,62,7,151213.09,3,1,0,152187.57,Peshawar,Male,0
C001140,560,29,1,43963.59,3,0,1,545498.16,Lahore,Male,0
C001141,504,46,3,483502.65,4,1,0,101208.35,Islamabad,Male,0
C001142,591,26,1,132489.05,1,1,1,263371.83,Lahore,Female,0
C001143,425,66,6,345235.12,2,0,0,467281.0,Lahore,Male,0
C001144,672,23,4,45661.25,4,0,0,537606.55,Karachi,Female,0
C001145,727,63,10,456584.5,2,1,0,228183.84,Karachi,Male,1
C001146,801,59,10,295375.73,4,1,0,132085.0,Lahore,Female,1
C001147,524,60,8,328436.0,4,0,1,452726.53,Lahore,Female,0
C001148,460,24,4,390892.18,3,1,1,472632.34,Islamabad,Female,0
C001149,808,67,10,302957.66,4,1,0,588818.73,Lahore,Male,0
C001150,767,69,7,35453.73,1,0,0,118143.44,Karachi,Female,0
C001151,367,59,1,214791.21,1,0,0,437275.69,Lahore,Male,0
C001152,640,43,2,131015.05,4,1,0,273683.82,Karachi,Male,0
C001153,623,61,5,243358.51,3,1,1,552192.49,Karachi,Female,0
C001154,587,54,10,202162.58,3,0,0,268385.3,Karachi,Male,0
C001155,547,53,6,413266.56,2,0,1,289737.81,Karachi,Male,0
C001156,511,68,9,123523.78,4,0,1,111006.09,Karachi,Male,0
C001157,766,38,7,100650.53,2,1,1,219724.6,Karachi,Male,0
C001158,733,39,2,479043.15,3,0,0,264470.66,Islamabad,Male,0
C001159,549,24,6,474758.31,1,1,0,49804.9,Karachi,Female,0
C001160,583,27,7,496732.48,3,0,1,285041.7,Karachi,Male,0
C001161,732,70,9,284190.29,1,0,1,228338.39,Peshawar,Female,0
C001162,689,34,5,56571.98,2,1,1,490150.25,Lahore,Female,0
C001163,847,52,3,440083.87,3,0,0,99983.06,Karachi,Female,0
C001164,817,38,5,72557.49,1,1,0,465718.23,Karachi,Female,1
C001165,392,42,8,77797.16,2,0,1,439846.46,Lahore,Female,0
C001166,431,37,2,96698.78,3,0,0,175398.1,Lahore,Male,0
C001167,376,38,1,326709.42,4,0,0,86632.13,Karachi,Male,0
C001168,653,53,4,53599.53,3,0,0,511426.73,Karachi,Female,0
C001169,418,22,6,389140.81,2,0,1,179680.82,Peshawar,Female,0
C001170,548,69,2,29125.8,3,1,0,121513.67,Lahore,Female,0
C001171,755,59,4,55223.28,2,1,0,241060.5,Lahore,Male,0
C001172,767,29,3,217243.57,1,1,1,264494.38,Karachi,Male,0
C001173,776,22,10,189585.75,3,0,1,222609.27,Karachi,Male,0
C001174,810,23,6,494854.13,2,0,0,586829.42,Lahore,Female,1
C001175,721,68,1,483431.98,2,0,1,533259.57,Peshawar,Female,0
C001176,829,58,10,94840.9,4,0,1,528866.28,Karachi,Male,0
C001177,565,45,6,473332.77,1,1,0,263309.85,Quetta,Female,0
C001178,473,48,1,346130.95,4,1,1,579207.0,Karachi,Male,1
C001179,365,41,2,204421.58,4,0,1,423048.57,Lahore,Female,0
C001180,475,68,4,369815.47,3,1,0,505917.01,Karachi,Male,0
C001181,363,42,6,450070.48,2,0,0,320490.07,Lahore,Female,0
C001182,388,63,5,90070.78,2,0,0,129945.68,Lahore,Male,0
C001183,548,58,6,97992.13,2,0,1,536655.88,Islamabad,Male,0
C001184,457,56,10,204360.38,3,1,0,312398.97,Lahore,Male,1
C001185,617,59,5,84605.89,3,0,1,582390.75,Lahore,Female,0
C001186,817,36,0,180198.74,1,1,0,182722.17,Islamabad,Female,0
C001187,702,71,4,322845.76,4,1,0,595732.24,Karachi,Male,0
C001188,660,67,0,406409.06,1,0,1,164557.82,Lahore,Female,0
C001189,739,63,6,150967.47,1,1,1,246173.38,Karachi,Female,0
C001190,389,51,3,140865.34,3,0,0,372649.25,Lahore,Female,0
C001191,696,25,4,389871.48,2,1,1,428260.91,Islamabad,Male,0
C001192,618,64,0,190513.11,3,0,0,443358.01,Karachi,Male,1
C001193,418,60,7,409237.68,3,0,1,306701.35,Peshawar,Male,0
C001194,501,36,3,496690.16,3,0,0,83023.1,Peshawar,Male,0
C001195,807,44,2,489834.34,1,0,0,317786.96,Lahore,Female,0
C001196,536,62,0,331343.48,2,0,1,227425.25,Karachi,Male,0
C001197,779,36,3,187606.61,3,1,0,408287.14,Islamabad,Male,0
C001198,701,47,2,32744.93,1,0,0,142074.33,Peshawar,Male,0
C001199,806,33,7,369020.32,3,0,1,260590.9,Karachi,Male,0
C001200,590,39,8,488983.62,4,1,1,581026.73,Peshawar,Female,0
C001201,576,27,4,33992.23,2,0,0,89765.74,Peshawar,Female,0
C001202,777,39,8,3083.86,1,0,1,377307.13,Lahore,Male,0
C001203,553,71,0,415888.1,4,1,0,90763.01,Islamabad,Female,0
C001204,616,45,6,51129.48,3,0,0,127917.57,Lahore,Male,0
C001205,467,59,10,40811.49,4,1,1,378763.26,Lahore,Female,0
C001206,666,49,6,455168.03,4,1,0,288637.49,Karachi,Male,0
C001207,641,36,5,39780.41,1,1,0,347159.44,Karachi,Male,0
C001208,805,40,3,57008.83,2,0,0,532728.42,Islamabad,Female,0
C001209,743,26,10,284786.84,2,1,0,497654.54,Karachi,Female,0
C001210,811,25,8,378407.09,1,0,0,537269.61,Lahore,Male,0
C001211,571,38,2,199786.13,3,1,1,385102.76,Peshawar,Female,0
C001212,734,31,10,210294.58,4,1,1,314200.18,Karachi,Female,0
C001213,412,33,10,316312.99,2,1,0,297150.65,Karachi,Male,0
C001214,745,26,0,252712.65,2,0,1,454292.79,Lahore,Male,0
C001215,354,28,1,9314.15,4,1,1,331927.93,Karachi,Male,0
C001216,683,65,2,56791.59,3,0,1,99230.53,Islamabad,Female,0
C001217,641,44,1,290800.01,4,1,1,119485.85,Lahore,Female,0
C001218,494,23,5,396831.25,1,1,0,239966.35,Lahore,Male,0
C001219,791,51,6,381551.57,1,0,1,77981.09,Karachi,Female,0
C001220,499,70,4,370028.28,3,1,1,173969.48,Karachi,Female,0
C001221,508,66,4,385636.31,2,1,1,407584.48,Karachi,Male,0
C001222,759,58,6,22221.74,2,0,1,46960.97,Karachi,Male,0
C001223,618,26,5,447550.78,3,0,1,378292.0,Lahore,Male,0
C001224,796,41,7,444641.55,3,1,1,472519.88,Lahore,Female,0
C001225,800,47,8,265961.99,1,1,0,135286.1,Karachi,Female,1
C001226,840,65,1,124297.17,1,1,1,141342.4,Karachi,Male,1
C001227,668,65,1,296089.24,3,0,1,56159.57,Lahore,Male,0
C001228,360,60,0,278942.96,2,0,1,326972.02,Islamabad,Female,0
C001229,418,27,6,111478.6,4,1,1,406569.03,Lahore,Male,0
C001230,541,50,10,301565.09,4,0,0,295869.37,Karachi,Male,0
C001231,451,31,3,398647.06,4,0,0,258091.33,Peshawar,Male,0
C001232,801,37,8,403053.43,1,1,1,294471.18,Peshawar,Male,0
C001233,381,55,5,29848.91,3,0,1,477655.8,Karachi,Female,0
C001234,551,52,6,98581.66,2,0,1,58768.01,Lahore,Male,0
C001235,615,57,6,334111.68,1,0,1,478938.39,Lahore,Female,0
C001236,457,62,7,429915.97,3,0,0,413151.58,Peshawar,Male,0
C001237,403,26,3,260608.54,3,0,1,175198.87,Lahore,Male,0
C001238,788,54,2,353762.83,4,1,0,333854.25,Quetta,Male,0
C001239,687,64,2,10536.01,4,0,0,67602.78,Karachi,Female,0
C001240,539,40,9,304210.41,2,0,1,252569.66,Karachi,Male,0
C001241,588,53,7,480954.57,2,0,1,137463.79,Islamabad,Male,0
C001242,788,44,2,330507.3,4,0,0,52488.22,Islamabad,Female,0
C001243,692,24,7,461137.86,4,1,1,239970.12,Islamabad,Male,0
C001244,687,22,1,283004.73,3,1,0,446622.95,Peshawar,Male,0
C001245,640,57,4,421689.37,2,0,1,555772.25,Islamabad,Male,0
C001246,672,62,4,62081.2,3,1,1,410867.57,Lahore,Female,0
C001247,670,49,6,61756.63,2,0,1,265103.27,Lahore,Female,0
C001248,622,69,4,60089.66,2,1,1,599717.82,Lahore,Male,0
C001249,391,60,8,244424.78,1,0,0,198448.36,Lahore,Female,1
C001250,792,26,2,165131.78,4,0,1,144793.6,Lahore,Male,0
C001251,547,34,8,359592.93,1,1,1,299662.07,Lahore,Female,0
C001252,726,32,0,451310.96,2,0,1,322750.39,Karachi,Male,0
C001253,470,67,2,309687.41,3,1,0,238701.09,Karachi,Male,0
C001254,744,43,3,106605.28,2,0,1,429479.48,Peshawar,Female,0
C001255,683,70,5,465438.43,1,1,0,142964.07,Karachi,Male,1
C001256,846,44,9,263928.67,4,1,0,325790.27,Karachi,Male,0
C001257,633,33,7,359972.78,3,1,1,320071.1,Lahore,Female,0
C001258,644,42,6,445252.93,2,1,0,501320.4,Karachi,Female,0
C001259,531,40,7,494915.97,2,0,1,559102.19,Lahore,Male,0
C001260,449,26,5,253031.97,4,0,1,411428.89,Karachi,Female,0
C001261,360,45,5,404031.36,2,1,1,211008.09,Karachi,Female,0
C001262,720,51,5,283433.53,2,0,0,426182.17,Islamabad,Male,0
C001263,582,29,2,243226.97,4,0,0,180767.83,Islamabad,Female,0
C001264,791,23,9,268856.26,1,0,0,581264.86,Karachi,Female,0
C001265,466,70,3,242137.62,1,1,1,500522.79,Islamabad,Female,0
C001266,773,55,10,210514.06,1,1,1,281466.54,Lahore,Male,0
C001267,849,44,5,361860.35,1,0,0,479232.37,Islamabad,Male,0
C001268,737,24,6,124837.91,3,0,0,268847.16,Lahore,Male,0
C001269,413,45,2,308190.73,3,1,1,81781.69,Karachi,Male,0
C001270,525,39,3,356480.09,4,0,0,435790.57,Islamabad,Male,1
C001271,803,68,5,446045.42,4,0,1,266583.75,Lahore,Male,0
C001272,835,58,0,165938.57,4,0,1,560979.1,Karachi,Male,1
C001273,432,70,10,430299.55,3,1,0,211674.28,Lahore,Male,0
C001274,764,52,6,472645.59,2,1,1,512266.38,Islamabad,Male,0
C001275,351,35,10,324339.69,3,1,1,421045.19,Lahore,Male,0
C001276,648,22,0,385716.5,1,0,0,517861.79,Karachi,Male,0
C001277,566,35,10,202853.48,1,0,0,203453.85,Islamabad,Male,0
C001278,591,62,9,476067.71,2,0,0,298353.43,Peshawar,Male,0
C001279,646,26,10,335430.73,4,1,1,500952.25,Lahore,Female,0
C001280,409,52,10,155078.4,3,1,1,400538.54,Lahore,Female,0
C001281,717,52,8,202130.67,2,1,0,241556.26,Lahore,Female,0
C001282,552,51,9,308877.76,2,0,1,326717.55,Karachi,Female,0
C001283,779,57,8,117067.58,3,1,0,597814.93,Islamabad,Male,1
C001284,389,22,10,376957.2,2,0,1,455434.88,Islamabad,Male,0
C001285,664,24,8,112345.76,4,0,1,384132.69,Lahore,Male,0
C001286,394,41,3,295894.6,3,1,1,503630.37,Karachi,Male,0
C001287,647,64,1,348503.26,3,0,1,287536.99,Karachi,Male,0
C001288,468,69,6,429873.95,2,0,1,572035.84,Lahore,Female,0
C001289,841,64,3,366950.21,4,1,0,349131.89,Karachi,Male,0
C001290,754,42,4,399412.55,4,0,0,223048.4,Lahore,Female,0
C001291,480,51,0,456465.9,1,1,1,88171.19,Lahore,Female,1
C001292,799,63,10,298885.78,3,1,0,250389.32,Karachi,Female,0
C001293,744,65,9,423140.01,1,1,0,358437.49,Lahore,Male,0
C001294,629,51,5,115936.12,4,0,1,433818.96,Lahore,Male,0
C001295,399,26,6,407366.59,4,1,1,530065.35,Lahore,Male,1
C001296,437,31,2,110843.37,1,1,1,568618.07,Karachi,Male,0
C001297,370,45,9,467314.61,3,1,0,97374.15,Karachi,Female,0
C001298,758,66,1,164986.67,1,0,0,376506.79,Islamabad,Male,0
C001299,737,60,9,85919.0,4,0,0,413290.2,Islamabad,Male,0
C001300,581,69,6,74084.38,4,0,1,136355.74,Islamabad,Female,1
C001301,730,27,0,93636.11,2,1,1,345536.38,Karachi,Male,0
C001302,392,31,1,223770.15,2,1,1,227506.84,Karachi,Female,0
C001303,780,63,2,261074.7,1,1,1,83353.71,Lahore,Female,0
C001304,372,64,3,456892.92,2,0,1,76884.96,Peshawar,Male,1
C001305,793,31,4,190507.4,4,1,0,465159.27,Peshawar,Female,0
C001306,565,46,3,108741.15,3,1,0,384655.05,Islamabad,Female,0
C001307,626,35,9,371910.56,3,0,0,440468.14,Karachi,Male,0
C001308,543,68,2,67327.2,1,0,1,423755.77,Islamabad,Male,0
C001309,564,60,0,446141.69,2,1,1,115214.89,Peshawar,Male,0
C001310,528,34,6,204699.82,1,1,0,124876.54,Karachi,Female,0
C001311,492,32,9,306920.74,2,1,0,181390.89,Lahore,Female,0
C001312,663,60,5,93092.17,3,0,1,263496.33,Lahore,Male,0
C001313,375,32,1,72764.57,2,0,0,565938.69,Karachi,Male,1
C001314,567,67,1,399419.69,2,1,1,417379.72,Lahore,Female,1
C001315,825,70,2,214851.15,1,0,0,182896.28,Peshawar,Male,0
C001316,408,37,7,493371.41,3,0,0,71351.1,Peshawar,Female,1
C001317,695,54,7,262148.97,2,1,0,423165.4,Peshawar,Female,1
C001318,394,62,9,422826.46,3,1,0,390178.34,Lahore,Male,0
C001319,799,62,9,489981.84,2,0,1,418427.51,Lahore,Female,0
C001320,768,53,9,140575.08,3,0,1,186260.61,Islamabad,Male,0
C001321,573,31,9,400440.86,2,0,1,329499.4,Lahore,Female,0
C001322,699,36,10,11003.08,4,0,0,242553.57,Karachi,Male,0
C001323,605,37,7,339877.06,3,1,1,497911.41,Islamabad,Male,0
C001324,459,64,6,372600.55,4,0,0,78862.13,Karachi,Male,0
C001325,669,48,1,238681.86,4,1,1,194247.4,Karachi,Female,0
C001326,689,70,0,81052.61,4,0,0,377654.1,Karachi,Male,1
C001327,599,66,5,308360.27,2,1,1,154925.32,Peshawar,Male,0
C001328,426,53,10,448764.33,3,0,1,416719.52,Karachi,Male,0
C001329,632,27,7,465659.6,2,1,0,116592.6,Lahore,Male,0
C001330,436,68,0,373051.2,2,1,1,52774.88,Quetta,Female,0
C001331,599,69,2,131856.63,3,1,0,523556.94,Lahore,Male,0
C001332,557,57,0,435163.46,1,0,0,226728.86,Karachi,Female,0
C001333,508,29,9,444411.53,2,0,0,127835.43,Lahore,Female,1
C001334,361,46,8,183621.1,4,0,1,136717.05,Karachi,Female,0
C001335,574,28,6,91490.87,2,0,1,536101.42,Karachi,Female,0
C001336,707,38,7,437329.72,1,1,1,406481.59,Peshawar,Male,0
C001337,650,69,8,442548.66,4,0,1,575553.91,Karachi,Male,0
C001338,733,51,2,50453.04,2,1,1,488022.58,Islamabad,Female,0
C001339,381,23,9,483492.15,3,1,0,469823.9,Lahore,Female,0
C001340,403,38,10,266540.28,4,0,1,319899.57,Karachi,Male,0
C001341,799,25,1,496865.1,1,1,1,499650.74,Lahore,Female,0
C001342,591,47,5,222504.13,2,1,1,271085.42,Karachi,Female,0
C001343,718,35,4,266641.67,3,0,0,503120.28,Karachi,Female,0
C001344,464,29,3,133041.42,4,0,0,464335.12,Lahore,Female,1
C001345,820,26,5,449473.72,4,1,0,419925.63,Karachi,Female,1
C001346,637,26,5,221856.06,3,0,0,224641.06,Islamabad,Female,0
C001347,748,26,2,407307.03,1,1,1,393198.52,Karachi,Male,0
C001348,453,48,1,39867.14,4,0,0,323801.07,Lahore,Female,1
C001349,660,26,8,394123.31,1,0,1,298464.01,Islamabad,Male,0
C001350,646,24,7,245121.57,1,1,1,594537.95,Lahore,Male,0
C001351,476,59,3,2703.94,3,0,1,322462.78,Peshawar,Female,0
C001352,389,51,5,113131.47,4,0,0,57912.28,Lahore,Female,0
C001353,421,22,2,96865.11,2,0,1,390822.01,Quetta,Female,1
C001354,584,29,10,375882.29,3,1,0,447686.07,Karachi,Male,0
C001355,719,34,7,238601.09,3,1,0,535702.97,Peshawar,Male,0
C001356,782,41,2,79859.2,1,0,0,394303.45,Lahore,Male,1
C001357,819,27,1,128401.49,2,1,0,50895.99,Islamabad,Male,0
C001358,596,71,6,252038.4,3,1,0,107056.83,Peshawar,Female,0
C001359,643,71,2,9819.1,1,1,0,130294.43,Lahore,Male,0
C001360,596,69,8,212062.79,4,0,0,158306.36,Peshawar,Male,1
C001361,661,29,2,339030.7,1,0,1,487875.06,Lahore,Male,0
C001362,383,51,7,258877.29,2,0,0,213465.63,Lahore,Female,0
C001363,478,70,1,299049.77,2,1,1,214922.9,Lahore,Male,0
C001364,359,61,8,163309.06,1,1,0,463128.97,Karachi,Female,0
C001365,517,36,0,91537.86,4,0,1,270964.48,Lahore,Male,0
C001366,621,31,2,404870.65,2,0,1,76198.14,Quetta,Male,0
C001367,565,54,10,452817.44,2,0,1,367670.81,Islamabad,Female,0
C001368,779,30,1,255370.29,4,0,1,112837.9,Islamabad,Male,0
C001369,757,70,6,152520.61,3,1,0,360132.0,Lahore,Female,0
C001370,589,54,4,255602.41,2,0,1,476597.34,Karachi,Female,0
C001371,363,30,7,439492.76,1,1,0,560514.2,Karachi,Female,0
C001372,439,35,1,345703.17,4,0,0,77549.46,Karachi,Female,0
C001373,772,53,7,429308.04,2,0,0,210221.29,Karachi,Female,0
C001374,367,58,6,164189.71,3,1,1,405379.83,Islamabad,Female,0
C001375,689,27,10,355989.56,2,0,0,216653.68,Islamabad,Male,0
C001376,518,26,4,326524.49,3,0,1,292574.34,Karachi,Male,0
C001377,405,25,1,285808.23,2,1,0,51250.88,Karachi,Female,0
C001378,513,69,9,264112.43,2,1,1,428358.88,Karachi,Female,1
C001379,501,37,10,275488.94,1,0,0,534636.87,Karachi,Male,0
C001380,439,31,6,424835.54,4,1,1,587041.4,Lahore,Male,0
C001381,634,52,9,457997.25,4,1,1,505098.68,Karachi,Male,0
C001382,845,52,3,56430.23,1,0,0,57794.71,Karachi,Female,0
C001383,371,35,3,284385.79,4,0,0,405038.22,Peshawar,Male,1
C001384,616,34,7,459204.21,4,0,1,317569.18,Karachi,Female,0
C001385,646,25,5,67369.99,4,1,1,565221.48,Islamabad,Female,0
C001386,782,67,8,206429.69,2,1,1,545197.76,Lahore,Female,0
C001387,595,47,10,44540.09,2,0,1,593305.86,Karachi,Male,0
C001388,488,45,1,56738.2,3,0,1,522683.17,Islamabad,Female,1
C001389,401,30,4,452055.41,3,0,1,346259.59,Lahore,Female,0
C001390,416,56,5,223089.79,4,0,0,440344.29,Karachi,Male,0
C001391,434,63,7,344369.83,4,1,0,580219.25,Karachi,Male,0
C001392,599,36,3,69457.21,4,0,1,363745.37,Islamabad,Female,0
C001393,680,45,10,10973.74,1,1,0,510388.34,Lahore,Female,0
C001394,741,52,6,445241.98,2,1,1,567637.53,Lahore,Male,0
C001395,764,40,10,287272.82,4,0,0,359501.11,Karachi,Male,0
C001396,472,23,6,9993.88,4,1,1,129126.38,Karachi,Male,0
C001397,551,23,3,496169.74,2,1,1,127115.5,Islamabad,Female,0
C001398,355,62,0,246096.19,3,1,0,104577.62,Islamabad,Female,1
C001399,686,57,2,237938.25,4,0,0,306740.98,Lahore,Male,0
C001400,835,58,1,310457.09,4,0,0,308879.28,Karachi,Male,0
C001401,548,55,2,3952.27,4,0,1,385727.87,Peshawar,Female,0
C001402,573,60,4,284569.19,4,0,0,310408.78,Lahore,Female,0
C001403,362,40,10,314741.95,2,0,1,584910.81,Islamabad,Female,0
C001404,355,59,0,148476.78,2,0,0,203134.06,Karachi,Female,0
C001405,800,44,4,363426.2,2,1,0,529337.31,Lahore,Male,0
C001406,760,37,1,188715.91,3,1,0,96185.04,Peshawar,Female,0
C001407,470,67,3,358886.57,4,1,1,377073.9,Karachi,Male,1
C001408,394,65,5,71912.59,3,1,1,403062.12,Islamabad,Female,0
C001409,711,27,8,456848.91,3,1,0,472448.87,Islamabad,Female,1
C001410,375,47,9,439728.69,2,1,1,321692.44,Karachi,Female,0
C001411,353,43,5,75313.24,4,1,1,150446.72,Islamabad,Female,0
C001412,642,66,9,469226.97,4,1,0,246638.66,Karachi,Male,0
C001413,626,68,10,278890.14,3,0,0,192410.45,Islamabad,Male,0
C001414,848,45,1,350824.84,1,0,0,274699.09,Quetta,Male,1
C001415,633,67,7,420146.9,1,1,0,336782.25,Quetta,Female,0
C001416,559,61,4,41784.97,4,1,1,390039.36,Islamabad,Female,0
C001417,637,42,8,84642.18,4,0,0,513268.29,Lahore,Female,0
C001418,708,51,9,145195.46,3,0,1,549605.78,Islamabad,Female,0
C001419,530,32,8,238602.24,3,0,0,299045.52,Islamabad,Male,0
C001420,602,30,3,173027.25,2,1,0,89656.0,Karachi,Male,0
C001421,766,33,0,252923.19,3,1,0,486356.51,Karachi,Male,0
C001422,631,47,10,92958.51,3,0,0,307208.33,Lahore,Female,0
C001423,494,59,8,341077.07,1,1,0,346010.1,Karachi,Female,1
C001424,789,24,8,27867.44,1,1,0,373644.72,Peshawar,Male,0
C001425,465,54,7,180724.75,1,0,1,414005.94,Lahore,Female,0
C001426,698,36,4,89516.62,1,0,1,538456.48,Karachi,Male,0
C001427,817,68,4,364966.64,3,0,1,573201.87,Lahore,Male,0
C001428,379,26,9,441826.67,4,1,1,566494.82,Peshawar,Male,0
C001429,726,45,5,39393.1,1,0,1,493299.65,Peshawar,Male,0
C001430,591,32,0,392518.93,2,0,1,537975.66,Karachi,Female,0
C001431,354,54,8,447861.15,2,0,1,67806.67,Islamabad,Male,0
C001432,723,44,4,486985.11,3,1,0,515503.09,Lahore,Male,0
C001433,611,31,6,289693.13,2,1,1,80468.53,Lahore,Female,0
C001434,455,64,10,163695.94,1,1,0,457868.59,Islamabad,Female,0
C001435,473,49,7,160986.8,4,0,1,134843.63,Karachi,Female,0
C001436,795,60,4,189485.04,4,1,1,241661.85,Lahore,Male,0
C001437,848,38,2,306333.7,1,1,0,143142.86,Karachi,Male,0
C001438,743,65,5,245115.01,2,0,0,288338.52,Karachi,Male,0
C001439,675,47,6,326817.51,3,1,0,270578.57,Karachi,Male,1
C001440,487,46,3,19656.94,4,1,0,66915.19,Karachi,Female,0
C001441,455,57,8,52940.78,1,1,0,505078.85,Lahore,Male,1
C001442,562,33,10,488269.75,1,1,1,518344.44,Karachi,Male,0
C001443,649,24,3,497692.75,2,1,0,481004.06,Lahore,Female,0
C001444,405,71,10,373329.41,3,1,0,514659.7,Lahore,Female,0
C001445,481,50,9,128198.58,3,1,0,460492.26,Peshawar,Male,0
C001446,618,65,1,476690.87,2,1,1,564991.29,Lahore,Male,0
C001447,471,45,8,106851.4,1,0,0,362779.66,Quetta,Male,1
C001448,551,40,3,365715.66,2,0,0,366279.83,Karachi,Male,0
C001449,557,34,3,57629.16,2,0,0,521549.55,Islamabad,Male,0
C001450,624,37,9,324452.25,2,0,1,235672.71,Karachi,Female,0
C001451,803,61,0,379757.5,1,0,0,68046.12,Islamabad,Male,1
C001452,439,48,1,429820.07,4,0,1,459919.02,Lahore,Male,0
C001453,539,27,2,367153.07,1,0,1,182569.94,Lahore,Male,0
C001454,614,63,6,461742.68,4,1,0,305572.05,Karachi,Female,0
C001455,395,31,8,260461.63,4,1,1,174646.31,Karachi,Female,0
C001456,661,59,4,338714.3,2,1,1,503170.88,Islamabad,Female,0
C001457,679,29,3,184775.04,3,1,1,576644.06,Peshawar,Male,0
C001458,389,39,1,5194.72,2,1,1,70812.94,Karachi,Female,0
C001459,416,53,6,378346.48,1,0,1,170688.11,Peshawar,Male,0
C001460,462,38,5,434930.32,3,0,1,146154.79,Karachi,Male,0
C001461,688,63,6,86962.24,3,1,0,416993.97,Islamabad,Female,1
C001462,411,23,7,14320.38,1,1,1,280059.9,Quetta,Female,1
C001463,576,65,8,82250.92,1,1,1,295506.53,Karachi,Female,0
C001464,523,41,9,447644.65,2,0,0,127964.29,Lahore,Female,1
C001465,483,31,4,147755.19,1,0,1,272251.4,Karachi,Male,0
C001466,634,30,10,116852.06,4,1,0,209807.84,Lahore,Male,0
C001467,624,69,4,7294.91,4,0,0,382266.91,Islamabad,Male,0
C001468,463,60,3,148527.57,3,1,1,161653.41,Islamabad,Male,0
C001469,457,62,10,357819.54,2,1,1,384294.35,Quetta,Female,0
C001470,492,46,2,479544.64,2,0,1,251537.31,Karachi,Male,0
C001471,406,46,6,156370.62,3,1,0,233924.95,Lahore,Female,0
C001472,643,45,4,120342.66,1,0,1,211111.72,Lahore,Female,0
C001473,626,27,6,444034.51,2,1,0,417346.76,Peshawar,Male,1
C001474,841,51,1,426252.43,3,1,1,354954.31,Karachi,Male,0
C001475,400,31,8,164080.21,3,0,1,516964.15,Quetta,Male,0
C001476,772,60,8,34402.58,4,0,1,175301.7,Lahore,Female,0
C001477,820,52,8,495994.72,3,0,0,62466.96,Lahore,Female,0
C001478,625,39,4,340352.14,1,1,0,141933.15,Lahore,Male,0
C001479,583,64,9,463290.25,1,1,1,232279.56,Peshawar,Female,1
C001480,591,54,8,170937.24,1,1,0,140606.79,Lahore,Female,0
C001481,607,40,0,323842.71,1,1,1,86765.98,Islamabad,Female,1
C001482,586,44,1,337248.62,3,1,0,289389.54,Lahore,Male,1
C001483,381,26,9,436452.73,2,0,0,419082.85,Lahore,Male,1
C001484,716,47,4,496529.02,3,0,1,460879.63,Karachi,Male,0
C001485,697,50,4,54333.09,2,1,1,263287.3,Islamabad,Male,0
C001486,597,45,5,315558.42,2,0,0,307704.97,Karachi,Male,0
C001487,481,27,7,168219.97,2,0,0,463063.48,Islamabad,Male,0
C001488,612,60,0,405829.21,4,1,0,237516.38,Lahore,Female,0
C001489,608,25,9,377073.99,1,0,1,479469.08,Lahore,Male,0
C001490,630,69,8,446259.26,4,1,1,581730.6,Lahore,Female,0
C001491,717,63,3,171851.44,3,1,0,533069.15,Lahore,Female,0
C001492,599,47,7,92265.17,4,0,1,294013.39,Islamabad,Female,0
C001493,614,36,4,10900.84,2,0,0,364530.36,Islamabad,Male,0
C001494,564,34,0,127753.34,3,1,1,441198.78,Karachi,Male,0
C001495,564,61,8,183585.77,1,1,1,235608.25,Peshawar,Male,0
C001496,846,43,7,473033.49,2,1,0,487573.34,Lahore,Male,0
C001497,631,34,4,245686.32,1,0,1,284673.52,Peshawar,Female,0
C001498,837,60,10,278219.75,4,1,0,514231.27,Karachi,Male,0
C001499,669,38,3,440064.38,1,1,1,182650.98,Karachi,Male,0
C001500,367,57,7,442534.76,3,1,0,46371.71,Lahore,Male,1
C001501,821,60,8,263957.91,2,1,1,394305.5,Karachi,Male,0
C001502,696,69,6,56851.75,1,0,1,293057.91,Quetta,Female,0
C001503,842,46,3,135258.08,4,1,1,73500.95,Karachi,Female,1
C001504,351,55,6,228444.1,3,0,0,313062.92,Karachi,Female,0
C001505,350,42,5,375584.75,2,1,0,134399.11,Karachi,Male,0
C001506,653,46,10,355840.87,4,1,1,392659.53,Karachi,Female,0
C001507,813,46,2,321354.12,2,1,1,289225.52,Lahore,Female,0
C001508,796,43,9,440122.78,1,1,0,135829.86,Lahore,Female,0
C001509,712,44,2,401323.2,4,0,0,270685.81,Lahore,Male,0
C001510,565,46,0,491057.12,4,0,1,170316.93,Karachi,Male,0
C001511,513,35,4,444579.26,1,0,1,405734.2,Karachi,Male,0
C001512,540,35,7,97828.21,4,1,0,205280.29,Karachi,Female,0
C001513,424,47,5,28808.28,4,1,0,500329.72,Islamabad,Female,0
C001514,375,61,7,207255.47,4,0,0,47931.4,Islamabad,Male,0
C001515,611,51,6,308752.23,1,0,1,265914.07,Islamabad,Male,0
C001516,631,47,1,321551.75,1,0,1,385565.06,Quetta,Female,0
C001517,570,59,7,133756.38,2,1,0,52660.64,Peshawar,Female,0
C001518,392,43,3,429940.48,1,1,0,160871.47,Lahore,Female,0
C001519,471,60,10,164623.23,4,0,1,223355.18,Lahore,Female,0
C001520,478,60,4,459557.3,1,0,1,52232.95,Peshawar,Male,1
C001521,614,55,10,235800.7,4,0,1,346146.79,Lahore,Male,0
C001522,632,46,7,5195.33,4,1,1,393286.3,Karachi,Female,0
C001523,420,57,4,81020.66,4,1,0,167412.46,Lahore,Female,1
C001524,722,34,4,51159.63,1,1,1,344350.33,Quetta,Male,0
C001525,723,50,5,22012.9,4,1,1,599511.06,Islamabad,Male,0
C001526,608,63,6,357008.66,2,1,1,536674.8,Karachi,Female,0
C001527,794,30,8,96157.94,3,0,0,72850.07,Quetta,Male,0
C001528,550,36,10,419309.9,3,0,0,111614.18,Quetta,Female,0
C001529,479,52,6,132234.41,2,1,0,316865.86,Karachi,Female,0
C001530,729,65,5,16163.55,3,0,1,177312.62,Peshawar,Female,0
C001531,679,48,9,410337.67,2,1,1,85342.77,Peshawar,Female,0
C001532,430,52,3,233072.93,1,0,1,182550.52,Karachi,Male,0
C001533,603,31,10,299752.72,3,0,1,74259.73,Islamabad,Male,0
C001534,764,58,9,168113.64,2,0,0,336750.97,Karachi,Male,1
C001535,414,28,1,23020.2,2,1,1,314540.06,Islamabad,Female,0
C001536,727,53,10,185088.54,4,0,0,43542.65,Peshawar,Female,0
C001537,495,32,10,259143.19,1,1,1,310209.18,Lahore,Male,0
C001538,483,69,8,5843.3,2,0,1,331090.88,Lahore,Male,0
C001539,451,66,9,287145.02,3,0,1,379194.09,Peshawar,Male,0
C001540,838,49,10,446521.08,4,0,1,583255.85,Quetta,Female,0
C001541,391,25,4,108920.26,4,0,1,590307.76,Karachi,Male,0
C001542,716,69,4,463384.58,4,0,1,335080.41,Peshawar,Female,0
C001543,545,66,10,48804.26,1,0,0,513304.55,Karachi,Female,1
C001544,709,52,2,412718.18,2,1,0,87692.83,Karachi,Female,1
C001545,609,50,2,420162.18,1,1,0,337446.59,Islamabad,Female,0
C001546,448,54,0,128879.93,2,1,0,420184.03,Islamabad,Male,0
C001547,737,25,10,478921.7,4,1,0,356248.14,Islamabad,Female,0
C001548,414,68,4,208299.36,3,1,1,169203.76,Karachi,Male,1
C001549,646,47,2,70628.04,3,1,1,75088.47,Karachi,Male,0
C001550,776,52,10,295857.23,1,0,0,256534.8,Peshawar,Male,0
C001551,572,52,1,498307.35,4,0,1,402679.8,Karachi,Female,0
C001552,594,48,10,449645.77,2,0,1,595359.32,Karachi,Male,0
C001553,532,46,8,139301.41,1,1,1,172458.73,Islamabad,Female,0
C001554,752,69,9,288493.3,4,1,1,553962.35,Lahore,Male,0
C001555,498,57,5,57683.83,1,0,0,78226.38,Lahore,Female,1
C001556,791,70,2,230922.4,3,0,1,561353.99,Karachi,Male,1
C001557,763,52,6,261535.03,4,0,0,506125.39,Peshawar,Female,1
C001558,465,64,8,157639.15,1,0,0,51729.4,Quetta,Female,0
C001559,740,58,8,242093.54,2,1,1,206983.81,Karachi,Female,1
C001560,802,66,0,459969.23,3,0,1,68535.73,Lahore,Male,0
C001561,669,65,1,250068.82,2,1,1,597483.29,Karachi,Male,0
C001562,607,44,7,415495.16,1,1,0,279592.64,Islamabad,Female,1
C001563,720,56,10,158695.21,4,0,1,410817.17,Karachi,Male,0
C001564,800,25,0,485702.11,3,1,0,171146.72,Islamabad,Male,0
C001565,733,49,10,46731.62,2,1,1,562892.29,Lahore,Male,0
C001566,428,63,10,292793.32,2,0,0,193537.49,Lahore,Female,0
C001567,580,62,2,394943.9,4,1,0,185720.18,Peshawar,Male,1
C001568,706,63,10,407020.49,1,1,0,216176.05,Lahore,Male,0
C001569,468,34,6,99140.56,2,0,0,298993.93,Islamabad,Male,1
C001570,423,22,7,200822.94,1,0,0,50378.33,Lahore,Female,0
C001571,358,33,4,312098.09,1,0,0,374789.0,Karachi,Female,0
C001572,628,64,1,157941.35,1,0,0,57732.85,Lahore,Female,0
C001573,619,61,2,329148.01,4,0,1,341953.39,Lahore,Male,0
C001574,403,47,8,189390.34,1,1,0,296415.55,Lahore,Female,0
C001575,729,67,10,175433.16,3,0,1,175826.35,Islamabad,Male,0
C001576,394,67,9,54034.09,4,0,1,224670.09,Lahore,Male,0
C001577,574,44,6,19626.44,2,1,1,435169.49,Peshawar,Female,0
C001578,365,70,0,417636.9,4,1,0,45374.61,Lahore,Female,0
C001579,561,43,2,244772.25,2,1,0,217322.4,Karachi,Female,1
C001580,549,49,8,281436.57,3,0,1,420966.46,Karachi,Female,0
C001581,590,38,6,186110.51,1,0,0,125273.36,Peshawar,Male,0
C001582,451,27,1,68371.02,1,0,0,353815.97,Karachi,Male,1
C001583,831,35,5,224786.0,1,1,1,134602.44,Karachi,Male,0
C001584,444,71,8,114478.54,1,0,1,126666.65,Karachi,Female,0
C001585,714,38,3,418841.52,4,1,1,472476.85,Lahore,Female,0
C001586,534,59,9,493394.27,3,1,1,189254.2,Lahore,Male,1
C001587,485,26,1,444548.07,2,1,1,250430.71,Karachi,Female,1
C001588,374,34,2,264137.13,4,1,1,448810.12,Lahore,Male,1
C001589,774,69,6,314065.87,1,1,1,140530.98,Lahore,Male,0
C001590,667,30,3,474061.27,1,1,0,337772.73,Islamabad,Male,0
C001591,682,65,6,269340.97,1,0,0,553979.01,Islamabad,Female,0
C001592,751,63,4,319294.56,2,1,0,350143.02,Islamabad,Female,0
C001593,399,47,7,314614.75,2,0,1,67353.63,Lahore,Female,0
C001594,518,34,7,354060.58,4,1,0,370230.47,Karachi,Female,1
C001595,639,40,4,320142.55,3,1,1,90485.9,Islamabad,Female,0
C001596,449,69,6,335352.7,2,1,1,197989.74,Karachi,Female,0
C001597,719,38,10,362947.24,4,1,1,515818.06,Lahore,Male,0
C001598,430,37,5,404549.61,2,1,0,46198.71,Peshawar,Female,0
C001599,361,51,7,201527.48,4,1,1,83127.45,Quetta,Male,0
C001600,557,53,8,372916.99,1,1,1,243483.91,Peshawar,Female,0
C001601,426,35,4,50101.88,2,0,1,599661.69,Quetta,Female,1
C001602,424,69,6,438094.07,1,1,0,203443.79,Peshawar,Female,0
C001603,811,36,0,145022.15,3,0,0,128073.79,Islamabad,Male,0
C001604,519,33,10,201730.16,1,1,1,347676.39,Karachi,Male,0
C001605,660,58,7,401805.21,3,1,1,330782.81,Quetta,Male,0
C001606,697,32,2,318493.52,2,0,1,291786.97,Peshawar,Male,0
C001607,792,26,0,154313.99,3,0,0,570126.1,Karachi,Male,1
C001608,528,32,5,112699.56,1,1,1,196883.65,Lahore,Male,0
C001609,437,55,7,478857.22,2,0,1,204261.57,Karachi,Female,1
C001610,786,40,10,43888.18,4,1,0,118543.9,Quetta,Male,0
C001611,814,47,2,2167.55,2,0,0,430481.29,Lahore,Female,1
C001612,614,47,0,336467.45,4,0,0,219966.9,Karachi,Female,1
C001613,843,38,2,307237.21,1,0,0,489534.56,Karachi,Male,0
C001614,571,52,4,368806.98,2,0,0,584184.41,Quetta,Male,0
C001615,834,40,10,365816.92,4,0,0,64463.74,Lahore,Female,0
C001616,352,65,7,431629.56,1,1,1,596148.26,Lahore,Female,0
C001617,467,41,8,461054.3,3,0,0,182298.37,Lahore,Male,1
C001618,485,44,8,387512.29,4,0,0,275261.8,Karachi,Male,1
C001619,815,46,3,116146.4,3,0,1,475536.28,Karachi,Female,0
C001620,536,49,7,231748.09,2,1,1,412585.44,Lahore,Male,0
C001621,379,58,10,320857.62,4,1,1,475924.68,Lahore,Male,0
C001622,416,33,4,269682.63,1,0,0,301145.93,Lahore,Female,0
C001623,660,69,2,79448.76,1,1,0,552997.56,Lahore,Female,0
C001624,767,22,4,294636.52,3,1,0,482366.85,Karachi,Male,0
C001625,728,23,1,443264.32,1,1,0,213167.67,Peshawar,Female,0
C001626,648,31,10,209258.61,2,0,0,571148.92,Karachi,Female,0
C001627,761,55,10,334466.41,2,0,1,578190.35,Karachi,Female,0
C001628,770,53,10,307967.14,3,1,1,272429.99,Karachi,Male,0
C001629,566,46,5,188521.57,4,1,0,405097.87,Karachi,Male,0
C001630,507,31,0,282635.6,1,0,0,496270.38,Karachi,Male,0
C001631,420,71,5,105106.02,2,0,1,497688.4,Lahore,Male,0
C001632,667,22,4,273053.63,4,1,0,47909.19,Islamabad,Female,0
C001633,459,53,8,399414.8,2,0,1,392247.63,Karachi,Female,0
C001634,634,58,6,379473.88,2,1,1,585271.61,Lahore,Female,1
C001635,720,33,5,178977.27,4,0,1,169554.4,Peshawar,Male,0
C001636,607,70,10,56042.61,4,0,1,485540.96,Karachi,Female,1
C001637,439,39,6,399971.28,1,0,1,339178.67,Islamabad,Female,0
C001638,710,51,9,132519.54,3,0,1,164023.32,Karachi,Male,0
C001639,406,34,4,26521.88,3,1,1,68581.27,Karachi,Male,0
C001640,790,24,0,222596.48,2,0,1,465556.16,Lahore,Female,0
C001641,647,42,8,369735.26,3,0,0,217223.4,Karachi,Male,0
C001642,848,63,4,404246.67,2,0,1,250328.18,Peshawar,Male,0
C001643,398,35,3,491101.07,4,0,1,311729.39,Karachi,Male,0
C001644,534,61,5,94703.84,2,0,1,324029.15,Lahore,Female,0
C001645,548,31,4,146897.43,1,1,1,155463.92,Lahore,Male,0
C001646,367,23,0,304745.25,2,1,1,415559.51,Karachi,Female,0
C001647,547,66,1,405671.85,2,0,0,427822.39,Islamabad,Male,0
C001648,838,58,3,117037.51,1,1,1,119688.52,Lahore,Male,0
C001649,581,32,7,204957.23,1,0,0,338429.34,Islamabad,Female,0
C001650,376,22,4,204200.33,3,1,1,381185.24,Islamabad,Male,0
C001651,467,47,6,386468.37,4,0,1,144300.86,Karachi,Male,0
C001652,403,63,1,120466.1,4,0,0,540898.79,Lahore,Female,1
C001653,838,34,7,484379.28,1,1,0,310382.48,Karachi,Male,0
C001654,501,49,4,255231.91,4,0,1,104415.88,Karachi,Female,0
C001655,574,57,3,141033.42,2,0,1,227261.86,Karachi,Male,1
C001656,828,42,8,142142.03,4,0,0,307097.85,Quetta,Male,0
C001657,511,31,5,9149.99,1,0,0,45680.73,Lahore,Female,0
C001658,499,33,3,346215.45,4,0,1,57869.53,Karachi,Male,0
C001659,565,67,7,387974.15,1,1,0,71091.53,Karachi,Male,0
C001660,668,48,2,16213.89,3,1,0,341355.73,Karachi,Male,0
C001661,769,24,9,292967.27,1,1,0,228209.39,Karachi,Male,0
C001662,697,49,1,390836.33,2,1,0,540138.27,Lahore,Female,1
C001663,689,23,6,188120.02,2,0,0,353170.97,Karachi,Female,0
C001664,666,49,3,216370.79,2,0,1,465541.94,Karachi,Female,0
C001665,687,52,3,180812.45,1,1,1,424794.58,Islamabad,Male,0
C001666,391,64,9,157825.36,1,0,1,331379.61,Peshawar,Female,0
C001667,701,42,8,245570.86,2,1,1,457043.45,Lahore,Male,0
C001668,510,28,1,83050.33,4,0,1,345035.19,Islamabad,Female,0
C001669,423,71,0,220343.84,1,0,1,255855.53,Karachi,Female,1
C001670,742,52,6,470912.56,4,1,0,284050.71,Islamabad,Male,0
C001671,724,35,7,13701.05,3,1,0,509560.75,Karachi,Female,0
C001672,374,60,2,82371.71,3,1,0,355433.19,Islamabad,Female,1
C001673,746,60,1,388851.2,3,1,1,251285.84,Peshawar,Female,0
C001674,652,30,3,66028.54,3,1,0,140656.16,Islamabad,Female,0
C001675,591,44,1,135640.45,2,1,0,317400.39,Islamabad,Female,0
C001676,727,33,1,227419.46,1,1,0,181346.3,Lahore,Female,0
C001677,522,50,4,471581.13,3,0,0,575124.73,Karachi,Female,0
C001678,738,59,9,91750.59,2,1,0,314949.97,Lahore,Male,1
C001679,636,60,4,461542.3,3,1,1,45011.03,Lahore,Female,0
C001680,508,43,7,359262.26,1,1,1,92011.23,Karachi,Male,0
C001681,703,25,8,335572.46,3,0,0,199221.72,Lahore,Female,0
C001682,567,69,1,361771.26,3,0,0,91611.19,Islamabad,Female,0
C001683,804,28,0,15623.31,4,0,1,540618.85,Karachi,Female,0
C001684,774,61,2,49450.13,4,1,1,518436.88,Lahore,Female,0
C001685,464,29,5,167420.76,4,0,0,583682.44,Islamabad,Female,1
C001686,779,56,4,36983.77,4,1,0,435620.74,Karachi,Male,0
C001687,590,30,7,493794.85,3,1,1,401460.15,Lahore,Female,0
C001688,657,34,7,290206.1,3,0,1,557158.12,Quetta,Male,0
C001689,561,60,1,243671.84,4,1,0,569980.16,Peshawar,Female,0
C001690,712,41,8,392755.89,1,0,0,531393.19,Lahore,Male,0
C001691,435,42,3,488479.6,2,0,1,522424.79,Karachi,Female,0
C001692,482,68,0,477565.0,3,0,0,416153.82,Karachi,Male,0
C001693,617,40,1,396532.44,4,0,1,40899.33,Karachi,Male,0
C001694,626,23,10,188587.12,2,1,0,280529.55,Karachi,Male,0
C001695,614,65,5,32979.75,4,0,0,395971.15,Peshawar,Male,0
C001696,442,61,4,49188.49,4,0,1,346391.33,Quetta,Male,0
C001697,440,51,6,576.17,1,1,0,499830.91,Islamabad,Male,1
C001698,494,44,8,951.42,1,1,0,498585.27,Lahore,Female,1
C001699,709,61,5,468210.9,3,0,1,375261.93,Karachi,Male,0
C001700,501,34,5,463508.48,4,0,1,52316.67,Lahore,Female,0
C001701,504,54,1,333776.9,2,0,1,246824.77,Lahore,Female,0
C001702,485,53,6,363338.36,3,0,0,168137.29,Lahore,Male,1
C001703,602,49,1,256604.23,1,1,1,229721.34,Islamabad,Male,0
C001704,777,45,6,118921.13,3,0,1,385683.89,Islamabad,Female,0
C001705,667,63,7,457192.52,3,1,1,77218.67,Islamabad,Male,1
C001706,378,49,0,138845.73,4,1,1,52455.55,Lahore,Male,0
C001707,432,51,8,369835.63,2,1,0,284648.83,Islamabad,Female,0
C001708,679,62,7,122717.84,1,0,1,484401.35,Karachi,Female,0
C001709,757,50,8,435074.21,3,0,0,57191.2,Islamabad,Male,0
C001710,383,55,4,325619.72,3,1,0,515467.21,Karachi,Female,0
C001711,665,43,3,321347.51,4,0,1,254972.59,Karachi,Female,0
C001712,453,46,0,48683.62,3,1,1,106211.84,Karachi,Female,0
C001713,764,35,8,209734.45,2,1,1,357798.73,Karachi,Male,0
C001714,843,31,3,262454.25,4,0,0,573321.91,Quetta,Male,0
C001715,720,31,3,147018.14,1,0,1,343807.22,Lahore,Female,0
C001716,737,29,3,440487.31,3,1,1,424515.46,Peshawar,Male,0
C001717,582,35,1,418834.97,3,1,1,497195.92,Karachi,Female,0
C001718,586,66,10,246810.46,4,1,0,487630.47,Karachi,Male,0
C001719,572,59,3,170015.6,3,0,1,80946.49,Lahore,Male,0
C001720,742,53,1,400771.14,1,0,0,454957.43,Karachi,Female,0
C001721,439,66,7,98445.72,2,0,0,571691.76,Lahore,Male,0
C001722,682,53,6,35758.16,2,1,0,432365.25,Lahore,Male,0
C001723,726,24,10,22855.24,4,0,1,508408.02,Islamabad,Female,0
C001724,589,41,9,19341.63,3,1,1,311907.83,Lahore,Male,0
C001725,567,34,1,244444.33,4,1,0,218678.82,Lahore,Female,0
C001726,531,44,1,127656.82,4,0,1,418693.96,Karachi,Male,0
C001727,606,40,1,345187.56,4,1,0,315631.99,Islamabad,Male,0
C001728,581,37,0,326945.79,4,1,1,541361.76,Islamabad,Male,0
C001729,538,57,5,271010.0,4,1,1,585653.9,Lahore,Female,0
C001730,678,56,5,176421.64,3,0,1,499089.16,Karachi,Male,0
C001731,764,68,0,425228.12,2,1,0,595900.59,Lahore,Male,0
C001732,693,68,10,354851.38,2,1,1,235087.54,Peshawar,Female,0
C001733,604,71,0,135763.06,2,0,0,541623.01,Karachi,Female,0
C001734,394,28,5,250844.33,3,1,1,224762.83,Islamabad,Female,0
C001735,846,58,10,78135.6,3,0,1,106101.32,Lahore,Male,0
C001736,665,29,5,164388.15,4,0,1,387969.27,Lahore,Female,0
C001737,435,46,3,498570.09,2,1,1,294793.64,Quetta,Female,0
C001738,550,44,2,111922.11,4,1,0,556151.57,Lahore,Female,0
C001739,708,31,8,349151.18,2,0,0,315628.58,Islamabad,Female,0
C001740,692,51,5,119209.32,1,1,1,559474.24,Lahore,Female,0
C001741,561,54,0,469067.27,3,1,0,84034.97,Karachi,Female,1
C001742,468,32,2,155066.42,1,1,0,505086.63,Islamabad,Male,1
C001743,647,56,0,173344.54,2,1,0,465103.99,Peshawar,Female,0
C001744,818,48,2,296929.89,4,0,1,443187.83,Islamabad,Female,0
C001745,504,24,1,294055.89,3,0,1,238876.08,Karachi,Female,0
C001746,535,68,4,289538.19,3,1,1,478905.4,Karachi,Female,0
C001747,546,70,2,286627.33,4,0,1,310646.08,Lahore,Male,0
C001748,686,71,6,156093.45,1,0,0,440513.97,Lahore,Female,1
C001749,831,29,7,217205.11,1,0,0,349247.2,Karachi,Male,1
C001750,550,34,6,296716.72,1,1,1,128166.23,Karachi,Female,0
C001751,767,63,1,335635.06,1,0,1,76152.81,Islamabad,Male,0
C001752,615,24,9,126564.51,3,0,1,245064.52,Islamabad,Female,0
C001753,728,41,9,350737.53,2,0,0,562361.74,Islamabad,Female,0
C001754,585,67,6,461638.13,4,0,1,336651.61,Peshawar,Female,0
C001755,543,66,9,378963.85,2,0,1,489227.56,Karachi,Male,1
C001756,716,56,2,42116.4,2,1,1,362533.72,Peshawar,Male,0
C001757,374,34,6,234563.11,1,1,0,576426.96,Islamabad,Female,0
C001758,608,41,0,217631.92,2,0,1,246895.11,Quetta,Male,1
C001759,767,45,1,168251.66,1,1,0,71948.26,Karachi,Male,0
C001760,420,30,9,245660.07,1,0,1,477174.29,Karachi,Female,0
C001761,377,51,0,219816.89,2,1,1,435055.64,Islamabad,Male,1
C001762,742,46,8,3085.24,4,1,1,335419.25,Peshawar,Male,0
C001763,360,37,1,118277.64,2,1,0,222779.1,Islamabad,Female,0
C001764,698,29,1,106891.07,2,1,1,145428.48,Islamabad,Female,0
C001765,467,65,5,174629.77,3,1,0,310074.58,Lahore,Female,0
C001766,729,49,6,87228.37,1,1,1,413072.79,Islamabad,Female,0
C001767,557,33,1,33900.72,3,1,0,364176.4,Islamabad,Female,1
C001768,772,45,3,98306.43,4,0,1,284994.69,Islamabad,Male,0
C001769,442,70,2,427093.39,2,0,1,342228.89,Islamabad,Female,1
C001770,490,50,4,398519.67,3,0,0,100454.76,Karachi,Male,1
C001771,704,36,8,221048.1,3,0,0,429670.46,Islamabad,Male,0
C001772,360,39,1,438907.52,2,0,1,451183.38,Lahore,Male,0
C001773,640,28,4,116332.81,2,1,1,46413.46,Quetta,Female,0
C001774,588,34,7,292104.57,1,1,1,191490.95,Lahore,Female,0
C001775,613,40,5,71462.44,1,1,0,91585.44,Lahore,Male,0
C001776,612,69,3,416700.34,3,0,1,599009.99,Quetta,Male,1
C001777,418,64,9,65290.78,2,1,0,372271.99,Karachi,Female,1
C001778,419,26,7,15930.08,1,1,0,300813.33,Karachi,Male,1
C001779,534,47,2,136722.12,1,0,0,299280.57,Islamabad,Female,1
C001780,720,23,3,450467.54,4,0,1,580273.39,Karachi,Male,0
C001781,473,54,10,64728.54,3,1,1,409519.16,Karachi,Male,0
C001782,768,69,8,165335.13,3,1,1,134449.35,Peshawar,Male,0
C001783,571,58,4,158207.5,3,1,1,290968.94,Lahore,Male,0
C001784,360,46,5,400823.14,2,1,0,473550.23,Karachi,Female,0
C001785,515,46,10,210762.7,4,0,1,277076.04,Karachi,Female,0
C001786,440,60,1,305783.52,1,0,0,213338.72,Karachi,Male,0
C001787,597,51,8,202191.5,4,0,0,595081.0,Lahore,Female,0
C001788,690,62,7,275728.51,1,1,0,563956.8,Karachi,Female,0
C001789,811,25,6,31220.36,1,1,1,567273.81,Peshawar,Male,0
C001790,654,40,8,187014.72,4,0,1,113736.62,Lahore,Female,0
C001791,640,48,4,427552.92,3,1,1,171182.94,Karachi,Female,0
C001792,506,68,4,345533.78,2,1,0,287557.5,Karachi,Male,1
C001793,437,60,10,490914.52,4,0,0,505992.38,Lahore,Male,0
C001794,577,45,10,393959.77,3,0,1,452623.42,Karachi,Female,0
C001795,774,71,8,225754.86,3,1,0,515813.74,Lahore,Female,0
C001796,714,58,10,338140.23,2,0,0,555627.44,Peshawar,Male,0
C001797,829,46,4,387956.84,2,1,0,477229.43,Lahore,Male,0
C001798,483,50,8,134841.83,3,1,1,186591.21,Karachi,Male,0
C001799,615,52,0,30008.95,2,1,1,199849.58,Islamabad,Male,0
C001800,433,66,9,202923.63,3,1,1,237393.1,Karachi,Male,0
C001801,561,56,9,72336.58,1,1,0,209722.21,Karachi,Male,0
C001802,567,49,10,138620.56,2,1,1,179495.41,Karachi,Male,1
C001803,690,59,7,473422.75,1,0,1,461392.19,Peshawar,Female,0
C001804,586,65,2,423541.3,2,0,0,59034.99,Peshawar,Male,1
C001805,500,71,7,296231.92,3,1,0,447900.49,Karachi,Male,0
C001806,523,71,4,200628.35,3,1,1,501195.71,Lahore,Male,0
C001807,489,25,1,132165.18,3,1,1,76984.66,Karachi,Male,1
C001808,404,49,8,285729.14,3,0,1,74634.38,Islamabad,Male,0
C001809,490,52,3,266580.12,3,1,0,199859.73,Karachi,Male,0
C001810,423,44,6,390390.4,3,0,1,156651.82,Karachi,Male,0
C001811,484,35,7,464010.09,2,0,0,365434.86,Islamabad,Male,1
C001812,834,49,6,164468.65,2,1,1,418252.86,Karachi,Female,0
C001813,745,35,10,103148.56,1,0,1,395119.52,Karachi,Male,0
C001814,666,22,5,201399.81,4,0,0,240114.53,Islamabad,Male,0
C001815,758,64,6,218770.65,2,0,1,319102.79,Islamabad,Male,0
C001816,479,53,3,19935.14,2,1,0,398394.86,Islamabad,Female,0
C001817,581,62,9,430848.27,4,0,1,106878.71,Peshawar,Female,0
C001818,375,39,0,497796.17,4,1,1,168526.67,Lahore,Male,0
C001819,837,26,4,461604.35,1,0,1,538677.85,Karachi,Male,0
C001820,784,63,7,430332.49,1,0,1,231702.77,Karachi,Male,0
C001821,418,36,9,496300.15,3,0,1,488647.57,Karachi,Male,0
C001822,411,63,5,453904.22,1,0,0,180554.26,Karachi,Male,0
C001823,549,37,4,344183.81,1,0,1,63318.6,Lahore,Male,0
C001824,839,57,1,83378.32,4,1,1,320224.33,Karachi,Male,0
C001825,842,57,9,78175.06,2,1,0,539789.94,Lahore,Male,0
C001826,806,61,4,24389.87,3,0,1,498799.35,Karachi,Female,1
C001827,516,51,9,205915.43,1,0,0,181645.93,Lahore,Female,0
C001828,817,59,2,404412.04,4,0,1,549564.03,Islamabad,Male,0
C001829,465,44,1,245147.97,3,0,1,308640.9,Lahore,Female,0
C001830,720,32,2,183160.85,3,1,0,67439.44,Karachi,Male,1
C001831,488,46,3,54617.93,4,1,0,55637.79,Quetta,Male,0
C001832,581,66,1,25876.65,1,0,1,311663.69,Islamabad,Female,0
C001833,797,64,3,199589.57,1,1,0,345940.8,Lahore,Male,1
C001834,563,23,3,49962.69,1,0,1,84751.24,Lahore,Female,0
C001835,557,56,5,51774.09,1,0,0,556454.77,Lahore,Male,0
C001836,839,68,4,197674.21,3,1,0,442201.42,Karachi,Male,0
C001837,451,45,6,251421.73,2,1,0,488718.12,Karachi,Female,0
C001838,647,34,10,93341.44,3,0,0,367053.02,Lahore,Male,0
C001839,359,63,6,342317.84,3,0,0,411584.68,Lahore,Male,0
C001840,822,58,2,209346.0,4,0,1,257201.73,Karachi,Female,1
C001841,472,51,8,45961.27,3,1,1,420406.37,Karachi,Male,0
C001842,624,32,6,318517.06,1,0,0,587782.42,Karachi,Male,0
C001843,353,44,6,178472.41,4,1,1,402720.91,Peshawar,Female,0
C001844,816,67,1,26160.74,4,0,0,231314.88,Karachi,Male,0
C001845,608,49,9,473990.79,4,1,1,199733.91,Karachi,Female,0
C001846,558,50,2,285598.48,4,1,0,579473.73,Lahore,Female,0
C001847,747,36,2,238860.18,4,1,0,143601.29,Lahore,Male,0
C001848,615,66,5,429568.7,1,0,1,491470.1,Lahore,Male,0
C001849,611,24,3,468370.21,2,0,0,300546.88,Lahore,Female,0
C001850,636,30,3,110160.93,2,0,1,288505.46,Lahore,Male,0
C001851,380,29,0,405072.25,4,1,0,458621.16,Islamabad,Female,1
C001852,525,68,5,415539.96,2,1,0,122901.52,Karachi,Male,0
C001853,358,54,7,27201.4,3,1,0,301125.72,Lahore,Male,0
C001854,553,55,7,355972.06,2,1,1,60066.87,Quetta,Male,0
C001855,457,30,7,31483.94,3,1,0,415427.82,Karachi,Female,0
C001856,473,38,4,297336.62,1,1,1,72691.28,Karachi,Male,0
C001857,587,62,9,334618.39,4,1,1,88881.73,Karachi,Female,0
C001858,759,22,5,183529.34,3,0,1,513102.77,Karachi,Female,0
C001859,479,61,4,440393.75,1,1,1,288054.9,Karachi,Male,1
C001860,583,26,3,400255.85,1,1,0,152546.39,Karachi,Male,0
C001861,353,51,3,462979.86,4,1,0,371847.36,Karachi,Male,1
C001862,829,32,3,157444.76,2,1,0,330798.63,Lahore,Female,0
C001863,569,49,3,10763.9,1,1,0,270108.66,Karachi,Female,0
C001864,611,59,5,405730.63,2,0,1,547033.56,Islamabad,Male,0
C001865,379,38,5,111488.68,2,1,1,459696.48,Islamabad,Male,0
C001866,788,71,4,233578.02,2,1,1,124892.01,Lahore,Male,0
C001867,761,44,10,408660.59,3,1,0,359633.8,Quetta,Male,0
C001868,666,39,10,108067.59,2,0,1,89696.58,Islamabad,Male,0
C001869,426,58,8,155954.38,2,1,1,177006.22,Islamabad,Male,1
C001870,532,48,7,219539.99,1,1,0,549521.79,Karachi,Male,0
C001871,715,46,9,135912.43,4,0,0,298764.76,Islamabad,Male,0
C001872,641,26,5,230660.71,3,1,0,539579.42,Peshawar,Male,0
C001873,807,40,10,4798.32,2,1,0,132959.42,Karachi,Male,1
C001874,551,48,8,106093.99,4,0,0,154991.38,Islamabad,Male,0
C001875,738,34,4,416276.68,2,0,0,237581.84,Islamabad,Male,1
C001876,506,28,9,206740.98,2,0,0,245142.36,Karachi,Male,0
C001877,449,47,3,318202.88,1,1,1,457355.27,Lahore,Male,0
C001878,745,35,5,116143.96,4,1,1,375669.91,Karachi,Male,0
C001879,471,48,3,324939.33,1,1,1,349819.68,Karachi,Male,0
C001880,755,29,7,499986.93,1,1,0,377330.28,Karachi,Male,1
C001881,664,52,6,297643.82,2,1,0,450027.17,Lahore,Male,0
C001882,459,56,4,314179.28,2,0,1,539977.32,Lahore,Male,1
C001883,516,48,9,55759.91,2,1,0,272254.38,Peshawar,Male,0
C001884,479,25,5,201690.74,4,0,1,489638.53,Lahore,Male,0
C001885,619,63,10,430362.45,4,1,0,317254.25,Karachi,Male,0
C001886,487,25,6,417135.99,4,0,1,444363.82,Karachi,Female,0
C001887,525,39,1,261199.56,4,0,1,529901.32,Peshawar,Male,0
C001888,413,44,8,451727.07,2,1,0,58040.3,Lahore,Male,1
C001889,480,53,6,71468.51,2,0,0,346112.66,Islamabad,Male,0
C001890,677,33,7,329094.7,1,1,0,594053.15,Karachi,Male,0
C001891,537,41,4,124441.79,2,1,0,317885.67,Lahore,Male,0
C001892,814,68,2,322780.7,4,0,1,524010.06,Karachi,Male,1
C001893,801,66,1,43699.84,3,0,1,144103.92,Karachi,Male,0
C001894,626,33,1,471804.55,2,1,1,378400.77,Islamabad,Female,0
C001895,699,29,2,393166.02,4,1,1,527371.34,Lahore,Male,1
C001896,496,43,0,100480.78,1,1,1,281658.55,Karachi,Female,0
C001897,684,48,0,318638.28,2,1,1,312564.35,Islamabad,Female,0
C001898,369,62,6,379572.82,3,0,0,85930.03,Lahore,Female,0
C001899,663,62,9,104722.91,4,1,1,63616.37,Karachi,Female,0
C001900,391,38,10,46665.15,2,0,0,302476.65,Peshawar,Male,1
C001901,699,53,7,175889.88,4,1,1,512346.19,Karachi,Male,0
C001902,743,54,5,67877.17,3,1,0,561541.59,Islamabad,Male,0
C001903,756,52,6,282855.85,3,1,0,408845.68,Islamabad,Male,0
C001904,693,27,0,212057.45,1,0,1,502783.22,Karachi,Male,0
C001905,489,60,0,231212.17,3,0,0,451518.33,Lahore,Female,1
C001906,358,30,8,271431.74,2,0,1,432832.06,Karachi,Male,1
C001907,428,63,4,491026.07,3,1,0,470658.54,Lahore,Male,1
C001908,762,53,6,396317.83,2,1,1,322969.65,Islamabad,Female,0
C001909,687,57,5,314735.75,2,0,0,296445.34,Karachi,Male,0
C001910,497,37,3,181852.81,4,1,1,129120.37,Karachi,Male,0
C001911,542,33,0,13534.68,2,0,1,512536.58,Lahore,Male,0
C001912,608,62,3,58263.81,2,0,1,64983.77,Lahore,Female,0
C001913,485,24,9,365433.63,1,1,0,189768.71,Islamabad,Male,0
C001914,388,48,9,184601.96,4,0,1,331153.04,Islamabad,Female,0
C001915,669,48,7,167218.72,2,1,1,584094.94,Islamabad,Male,0
C001916,636,30,10,444489.18,1,1,1,480144.85,Islamabad,Female,0
C001917,716,38,0,242254.45,4,0,1,246455.89,Karachi,Male,0
C001918,805,67,1,449788.53,3,1,0,439811.1,Lahore,Female,1
C001919,812,26,7,443319.26,2,0,0,561566.86,Lahore,Female,0
C001920,728,47,1,40090.65,3,0,0,341774.73,Quetta,Male,0
C001921,499,42,10,472681.49,4,0,1,298686.51,Lahore,Male,0
C001922,701,22,9,38477.44,4,1,0,349676.23,Quetta,Male,0
C001923,354,22,8,481753.06,1,0,0,214456.82,Islamabad,Male,0
C001924,585,56,2,226307.46,2,1,0,548115.33,Islamabad,Female,0
C001925,585,30,2,380430.34,2,0,0,486477.81,Lahore,Male,0
C001926,663,44,5,353072.18,1,1,0,435071.1,Lahore,Female,0
C001927,806,59,2,259247.49,3,0,0,369891.57,Lahore,Female,1
C001928,454,62,8,309727.41,4,0,1,582905.88,Karachi,Male,0
C001929,556,25,10,474959.09,1,1,1,206715.21,Peshawar,Male,0
C001930,588,40,7,463675.75,4,0,0,198555.69,Islamabad,Male,0
C001931,668,58,3,327163.03,3,0,1,175597.47,Islamabad,Male,0
C001932,666,26,5,328859.34,3,1,1,455394.55,Lahore,Male,0
C001933,401,49,7,123469.35,3,1,1,486479.96,Karachi,Male,0
C001934,457,67,3,414311.75,2,0,1,374383.94,Islamabad,Female,0
C001935,706,63,4,316301.67,4,0,1,405110.88,Lahore,Male,0
C001936,382,69,6,413124.4,4,1,0,235418.03,Peshawar,Male,0
C001937,371,44,7,328926.21,1,0,0,62264.22,Islamabad,Male,0
C001938,656,59,6,149660.01,4,1,1,182036.07,Karachi,Female,0
C001939,360,44,7,94740.7,2,1,0,367209.81,Lahore,Female,0
C001940,476,67,3,38482.92,1,0,0,495242.3,Islamabad,Male,0
C001941,791,39,0,292997.47,3,1,0,475229.19,Lahore,Female,0
C001942,399,50,5,142025.68,4,1,0,140512.92,Lahore,Female,0
C001943,547,49,4,315254.76,2,0,0,68809.88,Karachi,Female,1
C001944,366,30,10,29328.22,2,0,0,516313.62,Karachi,Female,0
C001945,779,60,3,187831.53,4,0,0,82329.97,Islamabad,Female,0
C001946,393,71,1,130276.61,2,0,1,260254.31,Karachi,Female,1
C001947,534,31,0,185167.04,3,1,1,92766.37,Islamabad,Male,1
C001948,738,23,8,27141.71,4,1,1,355867.28,Lahore,Male,0
C001949,388,34,1,362090.71,4,1,0,243468.4,Peshawar,Female,0
C001950,791,59,8,58348.67,4,0,1,153396.43,Quetta,Male,0
C001951,845,48,5,7201.31,1,1,0,373293.89,Islamabad,Male,1
C001952,486,62,5,473144.55,3,0,1,243499.4,Lahore,Male,0
C001953,826,41,1,96438.19,2,1,1,133401.42,Lahore,Male,0
C001954,628,61,5,414030.65,4,0,0,432048.39,Karachi,Male,0
C001955,780,31,2,482235.3,4,0,1,508612.65,Karachi,Female,0
C001956,513,37,6,267060.6,2,1,0,193295.84,Lahore,Female,1
C001957,380,36,9,263059.08,3,0,1,144398.03,Islamabad,Male,0
C001958,689,34,3,183708.62,2,1,1,82141.04,Karachi,Female,0
C001959,372,71,8,212797.43,2,1,0,335625.19,Lahore,Male,1
C001960,789,59,4,241037.7,4,1,1,505524.47,Lahore,Male,0
C001961,548,41,9,76047.2,1,1,1,180442.34,Peshawar,Female,0
C001962,523,45,2,182368.36,1,0,1,297957.15,Karachi,Female,0
C001963,407,62,0,408054.22,1,1,1,130049.93,Karachi,Male,0
C001964,769,71,0,91199.06,1,1,1,266352.46,Peshawar,Male,1
C001965,545,28,3,364926.62,1,1,0,48649.26,Karachi,Male,0
C001966,437,44,9,325793.3,4,0,0,550008.28,Islamabad,Female,0
C001967,793,45,9,28648.89,1,1,0,418880.26,Lahore,Male,0
C001968,491,50,3,11214.43,2,0,0,226375.68,Lahore,Male,0
C001969,630,26,8,176264.23,4,1,0,533471.03,Lahore,Female,0
C001970,804,64,7,346085.14,2,1,0,142440.59,Peshawar,Female,1
C001971,556,66,3,165208.96,1,1,1,84090.89,Karachi,Female,0
C001972,521,56,5,333866.65,3,1,0,567868.09,Karachi,Female,1
C001973,651,22,6,332729.07,1,1,0,213049.5,Lahore,Male,1
C001974,746,57,9,403277.31,4,0,1,564145.1,Lahore,Female,0
C001975,667,39,7,49742.81,2,0,1,397063.23,Lahore,Male,0
C001976,624,27,3,288564.45,3,1,0,588824.04,Peshawar,Female,0
C001977,745,44,0,31248.56,3,1,1,461920.36,Peshawar,Male,0
C001978,717,31,4,87973.57,3,1,1,99070.97,Karachi,Female,0
C001979,695,28,0,162750.45,2,0,1,517248.05,Karachi,Male,1
C001980,397,65,10,353694.62,4,1,1,122811.97,Karachi,Male,1
C001981,510,29,10,486938.99,3,0,0,427630.66,Peshawar,Male,0
C001982,812,34,3,171260.41,2,1,0,320228.17,Lahore,Female,0
C001983,514,51,6,260572.24,2,1,1,436326.0,Lahore,Male,0
C001984,739,39,6,129527.8,1,1,1,468394.14,Islamabad,Male,0
C001985,728,35,0,337744.81,2,0,1,490052.52,Lahore,Male,0
C001986,566,32,8,183292.93,4,1,0,507588.87,Karachi,Male,0
C001987,466,63,1,240798.09,4,0,1,514445.73,Lahore,Male,0
C001988,686,59,4,283906.44,3,1,0,271041.68,Lahore,Male,0
C001989,776,34,5,343121.16,2,0,0,537967.72,Islamabad,Male,1
C001990,600,63,0,30025.83,2,0,1,442964.94,Lahore,Male,0
C001991,705,65,1,277450.55,1,1,1,509823.72,Karachi,Female,0
C001992,783,54,6,215582.05,1,0,1,593947.16,Karachi,Female,0
C001993,593,71,5,66882.54,2,1,1,105192.26,Islamabad,Female,0
C001994,779,34,5,104018.33,2,1,1,247524.63,Peshawar,Male,0
C001995,596,46,5,441945.05,2,1,1,491666.33,Karachi,Female,0
C001996,422,45,6,435888.0,1,1,1,88329.94,Karachi,Male,0
C001997,633,50,9,16665.13,1,0,0,342837.4,Lahore,Male,1
C001998,832,57,8,344700.75,4,1,0,520702.86,Lahore,Male,0
C001999,544,27,8,277093.66,3,0,0,50635.11,Karachi,Male,0
