customer_id,age,gender,city,branch_code,credit_score,tenure_years,account_balance,estimated_salary,num_products,has_credit_card,is_active_member,is_churned,transaction_id,transaction_date,amount,merchant_category,transaction_type,hour,day_of_week,is_weekend,is_fraud
C00295,46,Male,Peshawar,PEW-001,650,5,490385.52,306949.47,3,1,1,0,TXN0002043,2023-01-01,5321.0,online,debit,13,6,1,0
C00202,33,Male,Karachi,KHI-001,394,3,184565.16,169433.31,4,1,1,1,TXN0001402,2023-01-01,10433.36,online,debit,11,6,1,0
C00226,59,Male,Lahore,LHR-001,692,5,408451.94,450423.39,2,0,0,1,TXN0001568,2023-01-01,6772.45,atm,debit,18,6,1,0
C00154,58,Female,Lahore,LHR-001,526,7,55975.83,266973.7,3,0,0,0,TXN0001099,2023-01-01,12911.26,healthcare,withdrawal,14,6,1,0
C00194,63,Female,Lahore,LHR-001,541,8,314256.83,435015.93,2,0,1,1,TXN0001352,2023-01-01,10267.26,grocery,debit,21,6,1,0
C00437,63,Female,Quetta,QTA-001,627,8,84398.05,75341.06,4,0,0,0,TXN0003060,2023-01-01,7317.24,travel,transfer,9,6,1,0
C00125,56,Male,Karachi,KHI-001,436,0,391345.38,163514.23,1,0,1,0,TXN0000888,2023-01-02,2095.59,electronics,debit,16,0,0,0
C00262,51,Male,Islamabad,ISB-001,799,6,272222.18,558377.91,2,1,1,0,TXN0001825,2023-01-02,8448.35,online,debit,15,0,0,0
C00027,43,Female,Karachi,KHI-001,552,0,450335.39,154072.7,4,1,0,0,TXN0000203,2023-01-02,11380.32,grocery,transfer,18,0,0,0
C00234,37,Male,Quetta,QTA-001,687,0,135523.48,410514.12,4,0,0,0,TXN0001625,2023-01-03,270227.69,atm,withdrawal,14,1,0,1
C00057,56,Male,Multan,MUL-001,616,0,270558.27,407910.96,1,0,1,0,TXN0000406,2023-01-03,12394.54,online,transfer,21,1,0,0
C00018,23,Female,Lahore,LHR-001,814,0,97270.47,445676.7,2,0,0,1,TXN0000132,2023-01-03,290791.41,online,transfer,15,1,0,1
C00415,43,Male,Karachi,KHI-001,474,4,130061.3,269307.6,3,0,1,0,TXN0002899,2023-01-03,38200.58,restaurant,transfer,21,1,0,0
C00379,23,Female,Lahore,LHR-001,789,2,119131.75,231010.41,2,1,1,0,TXN0002627,2023-01-03,31681.12,online,debit,9,1,0,0
C00382,61,Male,Lahore,LHR-001,670,1,28237.95,228847.19,1,1,1,1,TXN0002654,2023-01-04,3548.09,grocery,credit,20,2,0,0
C00485,57,Female,Multan,MUL-001,453,4,225749.36,170228.76,2,1,1,1,TXN0003391,2023-01-04,19404.2,atm,withdrawal,13,2,0,0
C00467,37,Female,Karachi,KHI-001,673,2,218959.19,165224.08,1,0,1,0,TXN0003264,2023-01-04,20678.24,grocery,credit,10,2,0,0
C00161,57,Female,Peshawar,PEW-001,539,5,401371.14,284812.62,4,1,0,0,TXN0001145,2023-01-04,3115.47,electronics,debit,21,2,0,0
C00124,58,Male,Peshawar,PEW-001,421,7,159179.22,265826.36,1,1,1,0,TXN0000880,2023-01-04,1160.38,healthcare,debit,19,2,0,0
C00384,30,Female,Lahore,LHR-001,737,5,23182.31,472668.73,2,1,0,0,TXN0002672,2023-01-04,2997.54,electronics,withdrawal,10,2,0,0
C00259,46,Male,Karachi,KHI-001,634,7,71825.63,101101.39,2,0,1,0,TXN0001809,2023-01-05,15570.13,travel,debit,3,3,0,0
C00001,60,Male,Lahore,LHR-001,555,3,398173.28,502515.63,1,1,0,1,TXN0000001,2023-01-05,6134.71,atm,debit,18,3,0,0
C00311,42,Male,Lahore,LHR-001,456,4,213772.52,133145.7,1,1,0,0,TXN0002158,2023-01-05,27562.21,grocery,debit,12,3,0,0
C00450,22,Male,Karachi,KHI-001,784,5,118169.45,480314.54,1,0,0,0,TXN0003152,2023-01-06,26647.68,grocery,debit,13,4,0,0
C00497,53,Female,Lahore,LHR-001,494,10,472430.3,244287.0,3,1,1,0,TXN0003466,2023-01-06,2111.85,grocery,debit,8,4,0,0
C00280,69,Female,Islamabad,ISB-001,351,1,7600.64,48213.55,1,1,1,0,TXN0001942,2023-01-07,294717.44,online,credit,8,5,1,1
C00073,57,Female,Karachi,KHI-001,742,10,174549.51,339175.64,4,0,1,1,TXN0000541,2023-01-07,25099.96,atm,debit,18,5,1,0
C00073,57,Female,Karachi,KHI-001,742,10,174549.51,339175.64,4,0,1,1,TXN0000540,2023-01-07,50458.13,travel,debit,13,5,1,0
C00334,54,Female,Lahore,LHR-001,709,1,211665.51,496819.24,1,1,0,0,TXN0002333,2023-01-07,218638.88,restaurant,transfer,19,5,1,1
C00206,58,Male,Karachi,KHI-001,368,2,390980.59,140805.84,3,1,1,0,TXN0001423,2023-01-07,5041.29,electronics,credit,23,5,1,0
C00063,23,Male,Peshawar,PEW-001,498,6,245746.95,121716.36,2,1,1,0,TXN0000452,2023-01-07,2349.35,electronics,transfer,19,5,1,0
C00088,47,Male,Karachi,KHI-001,425,3,327426.77,373074.92,4,0,0,0,TXN0000642,2023-01-07,7002.91,electronics,credit,8,5,1,0
C00127,61,Male,Multan,MUL-001,611,3,113948.12,154003.84,2,1,0,1,TXN0000905,2023-01-08,733301.11,online,debit,17,6,1,1
C00109,54,Male,Karachi,KHI-001,377,9,303842.16,308396.2,3,1,0,0,TXN0000777,2023-01-08,1796.29,online,transfer,11,6,1,0
C00113,62,Male,Karachi,KHI-001,778,7,461865.31,456796.28,1,0,0,1,TXN0000794,2023-01-08,7180.45,travel,debit,10,6,1,0
C00481,47,Female,Lahore,LHR-001,622,5,41973.74,413131.86,3,1,1,1,TXN0003365,2023-01-08,7825.28,online,debit,20,6,1,0
C00465,33,Female,Islamabad,ISB-001,488,5,145254.76,52820.54,3,1,1,0,TXN0003248,2023-01-09,4827.61,restaurant,credit,16,0,0,0
C00274,58,Male,Islamabad,ISB-001,377,10,301151.6,355525.8,3,0,1,1,TXN0001898,2023-01-09,22130.9,electronics,debit,18,0,0,0
C00468,58,Female,Islamabad,ISB-001,848,3,420860.14,576100.82,4,0,1,0,TXN0003268,2023-01-10,7607.41,online,debit,12,1,0,0
C00065,63,Female,Karachi,KHI-001,653,8,387081.58,359706.52,1,1,0,1,TXN0000469,2023-01-10,35475.3,grocery,transfer,12,1,0,0
C00199,53,Female,Peshawar,PEW-001,682,8,416173.98,59145.15,2,1,0,1,TXN0001376,2023-01-10,15958.73,travel,debit,21,1,0,0
C00154,58,Female,Lahore,LHR-001,526,7,55975.83,266973.7,3,0,0,0,TXN0001096,2023-01-11,18979.94,online,withdrawal,20,2,0,0
C00451,68,Male,Peshawar,PEW-001,736,5,454807.15,361768.93,3,0,1,0,TXN0003162,2023-01-11,5247.77,atm,credit,10,2,0,0
C00472,49,Female,Lahore,LHR-001,629,0,395459.46,308438.49,3,1,0,0,TXN0003299,2023-01-11,3602.01,electronics,debit,19,2,0,0
C00392,46,Male,Karachi,KHI-001,792,8,264890.59,287749.56,3,1,1,0,TXN0002735,2023-01-11,3681.73,electronics,debit,12,2,0,0
C00356,52,Female,Peshawar,PEW-001,497,8,152016.42,123834.22,4,0,1,0,TXN0002477,2023-01-11,322706.24,atm,debit,23,2,0,1
C00009,44,Male,Islamabad,ISB-001,780,1,192718.15,57529.3,3,1,1,0,TXN0000054,2023-01-11,17811.44,grocery,debit,17,2,0,0
C00167,23,Female,Islamabad,ISB-001,439,2,130674.84,93346.44,1,0,0,0,TXN0001182,2023-01-12,3578.38,grocery,debit,10,3,0,0
C00249,28,Female,Islamabad,ISB-001,462,9,386638.03,363223.73,1,0,0,0,TXN0001735,2023-01-12,6090.68,electronics,credit,8,3,0,0
C00388,50,Male,Lahore,LHR-001,674,6,316740.07,264665.23,1,0,0,0,TXN0002692,2023-01-12,4335.08,restaurant,credit,19,3,0,0
C00335,49,Male,Karachi,KHI-001,424,9,233661.71,249165.42,2,0,1,0,TXN0002339,2023-01-12,41325.52,online,credit,13,3,0,0
C00202,33,Male,Karachi,KHI-001,394,3,184565.16,169433.31,4,0,1,1,TXN0001397,2023-01-12,3024.15,grocery,credit,17,3,0,0
C00219,47,Male,Peshawar,PEW-001,825,0,213743.45,332168.83,4,1,1,1,TXN0001505,2023-01-13,21329.16,restaurant,transfer,19,4,0,0
C00351,62,Female,Lahore,LHR-001,770,9,171503.38,449896.52,3,1,1,0,TXN0002445,2023-01-13,11939.48,atm,debit,12,4,0,0
C00173,65,Female,Islamabad,ISB-001,667,0,444292.94,369511.07,1,1,1,0,TXN0001224,2023-01-14,5841.04,grocery,withdrawal,8,5,1,0
C00176,51,Male,Lahore,LHR-001,659,5,403630.91,172735.6,1,0,0,1,TXN0001246,2023-01-14,26398.84,electronics,credit,19,5,1,0
C00143,30,Male,Islamabad,ISB-001,442,1,314363.11,374725.2,4,0,1,0,TXN0001021,2023-01-14,836.25,travel,debit,10,5,1,0
C00221,27,Male,Lahore,LHR-001,802,0,450783.29,338057.19,1,1,0,0,TXN0001520,2023-01-14,8878.68,grocery,credit,21,5,1,0
C00389,63,Male,Peshawar,PEW-001,763,4,112080.39,245495.4,4,0,0,0,TXN0002703,2023-01-14,10829.63,healthcare,transfer,20,5,1,0
C00152,25,Female,Karachi,KHI-001,689,0,251020.91,172043.57,4,1,1,0,TXN0001084,2023-01-14,14100.7,grocery,credit,21,5,1,0
C00279,40,Female,Quetta,QTA-001,466,4,484011.2,288874.89,3,0,1,0,TXN0001935,2023-01-14,7162.27,grocery,debit,14,5,1,0
C00081,61,Male,Karachi,KHI-001,357,3,131727.69,428188.61,1,1,1,0,TXN0000586,2023-01-15,5069.58,electronics,debit,9,6,1,0
C00127,61,Male,Multan,MUL-001,611,3,113948.12,154003.84,2,0,0,1,TXN0000901,2023-01-15,506574.4,online,debit,20,6,1,1
C00173,65,Female,Islamabad,ISB-001,667,0,444292.94,369511.07,1,0,1,0,TXN0001219,2023-01-15,618458.7,grocery,debit,16,6,1,1
C00060,57,Female,Islamabad,ISB-001,399,6,303959.15,548378.45,2,0,1,0,TXN0000430,2023-01-15,12673.61,online,debit,12,6,1,0
C00203,60,Female,Karachi,KHI-001,350,2,431228.67,68950.23,4,1,0,0,TXN0001404,2023-01-15,2120.84,atm,credit,19,6,1,0
C00223,25,Male,Multan,MUL-001,502,4,343176.01,114320.21,1,0,1,0,TXN0001536,2023-01-15,464178.24,grocery,transfer,20,6,1,1
C00091,62,Female,Karachi,KHI-001,364,3,39116.16,207348.1,1,0,0,1,TXN0000665,2023-01-15,1372.37,electronics,debit,19,6,1,0
C00006,42,Female,Karachi,KHI-001,724,10,466804.34,113547.67,1,1,0,0,TXN0000037,2023-01-16,41271.55,healthcare,transfer,16,0,0,0
C00024,42,Male,Lahore,LHR-001,657,1,343076.12,304058.18,4,0,0,0,TXN0000184,2023-01-16,7829.07,grocery,credit,16,0,0,0
C00191,30,Male,Lahore,LHR-001,390,9,323248.15,239769.95,2,1,0,0,TXN0001335,2023-01-16,21184.16,grocery,debit,16,0,0,0
C00047,30,Male,Islamabad,ISB-001,604,3,498857.84,222518.26,4,1,0,1,TXN0000324,2023-01-16,5993.88,travel,credit,21,0,0,0
C00249,28,Female,Islamabad,ISB-001,462,9,386638.03,363223.73,1,0,0,0,TXN0001732,2023-01-16,3885.23,healthcare,transfer,18,0,0,0
C00155,44,Male,Islamabad,ISB-001,490,0,170509.59,377039.01,1,0,1,1,TXN0001105,2023-01-16,14403.14,online,transfer,15,0,0,0
C00029,46,Female,Karachi,KHI-001,576,7,272191.63,126048.5,4,0,1,0,TXN0000223,2023-01-16,4033.96,restaurant,credit,9,0,0,0
C00041,30,Male,Lahore,LHR-001,474,10,348390.22,380091.61,2,0,1,0,TXN0000295,2023-01-16,30378.08,electronics,transfer,13,0,0,0
C00388,50,Male,Lahore,LHR-001,674,6,316740.07,264665.23,1,1,0,0,TXN0002693,2023-01-16,6294.02,restaurant,debit,13,0,0,0
C00276,30,Female,Karachi,KHI-001,433,0,42587.04,347159.84,4,0,1,0,TXN0001911,2023-01-17,16076.43,grocery,withdrawal,21,1,0,0
C00442,49,Male,Karachi,KHI-001,654,4,351000.42,233940.19,2,1,1,0,TXN0003101,2023-01-17,9218.21,restaurant,transfer,21,1,0,0
C00115,28,Female,Islamabad,ISB-001,691,8,243014.3,282846.99,2,1,1,0,TXN0000812,2023-01-17,14117.73,travel,credit,17,1,0,0
C00148,34,Male,Karachi,KHI-001,491,6,358459.3,241124.58,3,1,1,0,TXN0001057,2023-01-17,1046.96,online,transfer,12,1,0,0
C00299,39,Male,Islamabad,ISB-001,562,9,30539.92,440674.91,4,1,1,0,TXN0002068,2023-01-17,2616.23,atm,credit,8,1,0,0
C00305,62,Male,Peshawar,PEW-001,628,7,239239.01,574609.62,4,0,0,0,TXN0002115,2023-01-17,16941.13,travel,withdrawal,10,1,0,0
C00103,45,Male,Lahore,LHR-001,506,6,117560.83,62822.3,2,0,1,0,TXN0000737,2023-01-18,33263.36,online,transfer,20,2,0,0
C00157,66,Male,Islamabad,ISB-001,835,4,377856.88,248795.24,4,0,0,1,TXN0001121,2023-01-18,2591.39,travel,withdrawal,18,2,0,0
C00064,27,Male,Karachi,KHI-001,674,6,207432.81,97563.75,3,0,1,0,TXN0000458,2023-01-18,59371.6,online,credit,9,2,0,0
C00200,45,Male,Lahore,LHR-001,476,0,175870.11,592548.07,2,0,1,0,TXN0001382,2023-01-18,2932.22,grocery,withdrawal,16,2,0,0
C00404,33,Male,Islamabad,ISB-001,400,8,231428.89,251946.8,4,1,0,0,TXN0002819,2023-01-18,3983.03,atm,credit,13,2,0,0
C00349,27,Male,Peshawar,PEW-001,356,1,202152.26,183161.2,4,1,0,0,TXN0002429,2023-01-19,48307.22,healthcare,debit,10,3,0,0
C00447,30,Female,Lahore,LHR-001,658,3,440140.38,567736.73,4,1,0,0,TXN0003132,2023-01-19,6325.29,restaurant,withdrawal,8,3,0,0
C00141,60,Female,Islamabad,ISB-001,798,6,177946.56,261488.5,3,0,0,0,TXN0001005,2023-01-19,22111.68,grocery,debit,12,3,0,0
C00211,44,Male,Karachi,KHI-001,458,7,95143.03,262532.23,1,1,1,0,TXN0001462,2023-01-19,6204.64,restaurant,debit,16,3,0,0
C00039,28,Female,Islamabad,ISB-001,351,4,169743.81,40689.83,2,0,1,0,TXN0000273,2023-01-19,3360.32,travel,transfer,15,3,0,0
C00496,40,Female,Islamabad,ISB-001,354,8,236927.01,377429.77,2,0,0,0,TXN0003461,2023-01-19,529993.46,grocery,transfer,14,3,0,1
C00236,30,Female,Peshawar,PEW-001,799,6,367431.37,249606.19,2,1,0,0,TXN0001642,2023-01-20,1945.16,restaurant,transfer,19,4,0,0
C00374,43,Female,Karachi,KHI-001,674,9,494646.53,418471.1,4,0,1,0,TXN0002592,2023-01-20,49281.61,atm,credit,8,4,0,0
C00471,35,Male,Lahore,LHR-001,796,0,378080.92,362091.48,1,0,1,0,TXN0003295,2023-01-20,15780.35,healthcare,transfer,9,4,0,0
C00103,45,Male,Lahore,LHR-001,506,6,117560.83,62822.3,2,1,1,0,TXN0000740,2023-01-20,2295.37,restaurant,credit,12,4,0,0
C00345,49,Female,Karachi,KHI-001,639,0,23610.4,242032.61,2,1,1,0,TXN0002402,2023-01-20,618.92,grocery,debit,17,4,0,0
C00490,31,Female,Islamabad,ISB-001,624,1,411648.91,564411.54,4,1,0,1,TXN0003422,2023-01-20,9591.79,restaurant,credit,17,4,0,0
C00069,47,Female,Karachi,KHI-001,521,0,359508.64,233769.28,1,1,1,0,TXN0000498,2023-01-21,30789.4,atm,credit,14,5,1,0
C00343,38,Female,Islamabad,ISB-001,757,4,31078.5,402099.31,4,0,1,0,TXN0002393,2023-01-21,5707.76,electronics,debit,21,5,1,0
C00267,47,Female,Karachi,KHI-001,747,5,81562.71,526584.35,4,1,0,0,TXN0001853,2023-01-22,5711.58,restaurant,transfer,15,6,1,0
C00295,46,Male,Peshawar,PEW-001,650,5,490385.52,306949.47,3,0,1,0,TXN0002039,2023-01-22,41217.78,online,withdrawal,8,6,1,0
C00392,46,Male,Karachi,KHI-001,792,8,264890.59,287749.56,3,1,1,0,TXN0002734,2023-01-22,29386.61,atm,debit,8,6,1,0
C00255,61,Male,Karachi,KHI-001,390,2,307150.31,596268.68,4,1,0,1,TXN0001785,2023-01-22,13886.14,atm,debit,13,6,1,0
C00228,26,Male,Quetta,QTA-001,842,10,38251.82,145475.49,2,0,0,0,TXN0001574,2023-01-22,1123.12,online,transfer,18,6,1,0
C00224,32,Male,Lahore,LHR-001,696,9,412179.02,120383.72,2,1,1,0,TXN0001549,2023-01-22,33070.79,online,credit,20,6,1,0
C00308,25,Male,Lahore,LHR-001,633,0,366856.72,150406.31,2,0,1,0,TXN0002135,2023-01-23,4621.74,grocery,transfer,20,0,0,0
C00040,42,Female,Karachi,KHI-001,710,1,366621.82,375063.27,3,1,0,1,TXN0000284,2023-01-23,17303.53,healthcare,credit,19,0,0,0
C00298,50,Male,Islamabad,ISB-001,706,6,348121.73,458250.4,3,0,1,0,TXN0002065,2023-01-23,6331.24,grocery,debit,15,0,0,0
C00133,58,Female,Quetta,QTA-001,617,5,431012.85,392108.3,2,1,0,1,TXN0000942,2023-01-23,6788.15,electronics,transfer,10,0,0,0
C00157,66,Male,Islamabad,ISB-001,835,4,377856.88,248795.24,4,0,0,1,TXN0001124,2023-01-24,7978.54,healthcare,transfer,10,1,0,0
C00119,55,Male,Islamabad,ISB-001,511,1,456810.98,405827.29,1,1,0,1,TXN0000838,2023-01-24,11432.98,grocery,transfer,19,1,0,0
C00257,32,Male,Karachi,KHI-001,607,0,201341.44,90669.75,2,0,0,1,TXN0001796,2023-01-24,807507.54,online,debit,18,1,0,1
C00378,63,Male,Karachi,KHI-001,465,6,419723.74,48859.81,2,0,0,0,TXN0002616,2023-01-24,17067.84,grocery,transfer,9,1,0,0
C00337,54,Female,Lahore,LHR-001,509,2,5117.57,102890.43,4,1,0,0,TXN0002352,2023-01-25,6331.91,electronics,credit,15,2,0,0
C00425,26,Male,Quetta,QTA-001,550,8,442038.6,51214.76,1,1,0,0,TXN0002977,2023-01-25,17071.2,atm,debit,17,2,0,0
C00410,53,Male,Islamabad,ISB-001,594,7,22534.07,89709.74,1,0,1,0,TXN0002867,2023-01-25,30613.97,electronics,credit,10,2,0,0
C00298,50,Male,Islamabad,ISB-001,706,6,348121.73,458250.4,3,1,1,0,TXN0002066,2023-01-25,10891.84,electronics,credit,11,2,0,0
C00395,28,Male,Multan,MUL-001,394,5,248137.24,79161.7,2,1,0,1,TXN0002757,2023-01-25,6122.08,online,debit,17,2,0,0
C00083,37,Female,Karachi,KHI-001,692,9,298516.64,63062.76,1,1,1,0,TXN0000596,2023-01-26,14789.97,online,debit,17,3,0,0
C00116,30,Female,Islamabad,ISB-001,841,1,459635.09,64450.53,1,1,0,1,TXN0000819,2023-01-26,3326.61,electronics,credit,18,3,0,0
C00042,60,Female,Karachi,KHI-001,459,7,87531.73,178622.38,3,1,1,1,TXN0000298,2023-01-26,4195.39,atm,transfer,12,3,0,0
C00098,30,Male,Multan,MUL-001,581,9,86932.65,410059.27,3,0,1,0,TXN0000711,2023-01-26,4591.93,atm,credit,17,3,0,0
C00066,25,Female,Karachi,KHI-001,625,2,11040.52,50285.88,2,0,1,1,TXN0000481,2023-01-26,5480.02,grocery,debit,17,3,0,0
C00330,48,Male,Peshawar,PEW-001,684,8,370238.6,143727.93,3,1,1,0,TXN0002301,2023-01-26,37290.27,atm,credit,15,3,0,0
C00072,31,Female,Multan,MUL-001,794,5,479742.02,80553.11,2,0,1,0,TXN0000536,2023-01-27,8143.1,grocery,withdrawal,8,4,0,0
C00150,60,Male,Karachi,KHI-001,781,2,269555.67,300855.17,4,1,1,0,TXN0001070,2023-01-27,1504.71,grocery,credit,14,4,0,0
C00049,23,Female,Karachi,KHI-001,365,4,354955.33,282618.18,3,0,0,1,TXN0000352,2023-01-27,14292.89,atm,withdrawal,11,4,0,0
C00302,23,Male,Karachi,KHI-001,476,4,296190.56,281282.77,3,1,1,0,TXN0002099,2023-01-27,4859.01,grocery,debit,9,4,0,0
C00021,51,Male,Karachi,KHI-001,669,10,454393.73,526148.78,3,1,0,1,TXN0000156,2023-01-27,35041.39,travel,transfer,21,4,0,0
C00149,53,Female,Karachi,KHI-001,640,0,266185.63,254954.41,1,0,0,0,TXN0001062,2023-01-28,120936.44,online,debit,14,5,1,1
C00186,24,Male,Islamabad,ISB-001,626,7,318454.18,571206.68,3,0,1,0,TXN0001311,2023-01-28,15036.54,grocery,transfer,13,5,1,0
C00450,22,Male,Karachi,KHI-001,784,5,118169.45,480314.54,1,1,0,0,TXN0003155,2023-01-28,15985.62,grocery,credit,12,5,1,0
C00076,69,Male,Islamabad,ISB-001,814,3,147525.16,501727.87,1,0,0,1,TXN0000550,2023-01-28,8240.49,online,credit,10,5,1,0
C00264,56,Female,Karachi,KHI-001,680,9,421557.18,544770.36,2,0,1,0,TXN0001831,2023-01-29,43369.86,restaurant,withdrawal,21,6,1,0
C00132,56,Male,Islamabad,ISB-001,410,3,280866.16,513897.36,2,1,0,0,TXN0000933,2023-01-29,41751.82,grocery,transfer,18,6,1,0
C00218,65,Male,Lahore,LHR-001,452,5,324301.81,182365.76,2,0,1,0,TXN0001497,2023-01-29,48406.69,restaurant,debit,13,6,1,0
C00057,56,Male,Multan,MUL-001,616,0,270558.27,407910.96,1,0,1,0,TXN0000410,2023-01-29,13238.49,electronics,transfer,19,6,1,0
C00048,47,Male,Lahore,LHR-001,532,9,377439.54,370547.81,1,0,1,0,TXN0000334,2023-01-29,9561.61,healthcare,transfer,12,6,1,0
C00328,29,Female,Karachi,KHI-001,505,3,271508.74,205355.84,4,1,1,0,TXN0002290,2023-01-29,3180.96,grocery,debit,12,6,1,0
C00059,38,Male,Islamabad,ISB-001,843,7,231215.11,573483.24,1,0,1,0,TXN0000417,2023-01-29,8177.0,atm,debit,11,6,1,0
C00376,23,Male,Islamabad,ISB-001,767,7,37168.27,289642.91,2,1,1,0,TXN0002604,2023-01-29,554035.54,atm,transfer,14,6,1,1
C00477,26,Male,Peshawar,PEW-001,703,3,386637.22,504426.15,1,1,0,0,TXN0003329,2023-01-29,2090.9,restaurant,credit,8,6,1,0
C00360,53,Male,Islamabad,ISB-001,793,0,142246.49,526785.39,3,1,1,0,TXN0002498,2023-01-29,26663.11,healthcare,withdrawal,20,6,1,0
C00398,41,Female,Karachi,KHI-001,504,0,234373.47,371974.72,1,0,1,0,TXN0002773,2023-01-29,86334.62,online,credit,23,6,1,1
C00499,26,Female,Peshawar,PEW-001,513,5,427833.84,356087.01,4,1,0,0,TXN0003482,2023-01-29,4281.93,atm,debit,9,6,1,0
C00209,23,Male,Peshawar,PEW-001,805,1,492756.82,367415.59,4,1,0,0,TXN0001451,2023-01-30,5622.55,online,debit,20,0,0,0
C00399,22,Male,Karachi,KHI-001,779,3,313354.0,420873.88,2,1,0,0,TXN0002779,2023-01-30,6811.82,electronics,debit,18,0,0,0
C00467,37,Female,Karachi,KHI-001,673,2,218959.19,165224.08,1,0,1,0,TXN0003265,2023-01-30,19804.75,atm,credit,21,0,0,0
C00209,23,Male,Peshawar,PEW-001,805,1,492756.82,367415.59,4,0,0,0,TXN0001448,2023-01-30,1899.19,atm,credit,19,0,0,0
C00082,42,Male,Lahore,LHR-001,650,2,364417.32,500006.81,1,0,1,0,TXN0000594,2023-01-30,12197.89,restaurant,withdrawal,14,0,0,0
C00238,37,Male,Islamabad,ISB-001,827,0,318383.54,176722.48,1,0,1,0,TXN0001655,2023-01-30,8583.17,healthcare,debit,19,0,0,0
C00247,41,Female,Karachi,KHI-001,773,4,96263.61,503029.77,2,1,0,0,TXN0001723,2023-01-30,22868.05,online,credit,16,0,0,0
C00258,49,Male,Lahore,LHR-001,796,0,477273.03,201663.93,4,0,1,0,TXN0001799,2023-01-30,12258.29,travel,debit,19,0,0,0
C00138,26,Male,Karachi,KHI-001,816,9,201672.47,327837.69,1,0,0,0,TXN0000989,2023-01-30,633.3,online,withdrawal,10,0,0,0
C00306,57,Male,Peshawar,PEW-001,757,0,159863.15,406628.13,1,1,1,0,TXN0002117,2023-01-30,8891.64,healthcare,debit,13,0,0,0
C00340,40,Female,Lahore,LHR-001,449,1,466632.01,328498.1,4,0,0,1,TXN0002374,2023-01-31,879646.89,atm,credit,11,1,0,1
C00007,60,Male,Peshawar,PEW-001,470,3,495510.09,526110.42,3,0,1,0,TXN0000044,2023-01-31,9825.62,online,debit,20,1,0,0
C00010,32,Female,Multan,MUL-001,849,2,463592.46,449511.24,1,0,1,0,TXN0000063,2023-01-31,3744.77,atm,debit,13,1,0,0
C00128,43,Male,Karachi,KHI-001,563,0,110276.99,510653.35,4,0,1,0,TXN0000911,2023-02-01,7200.05,healthcare,debit,15,2,0,0
C00213,53,Male,Lahore,LHR-001,794,10,258666.54,424141.93,3,0,1,0,TXN0001472,2023-02-01,7100.18,healthcare,transfer,9,2,0,0
C00223,25,Male,Multan,MUL-001,502,4,343176.01,114320.21,1,1,1,0,TXN0001541,2023-02-01,6308.69,travel,transfer,16,2,0,0
C00016,24,Female,Multan,MUL-001,513,2,400770.88,214693.11,1,1,1,0,TXN0000116,2023-02-01,24062.99,grocery,withdrawal,13,2,0,0
C00499,26,Female,Peshawar,PEW-001,513,5,427833.84,356087.01,4,0,0,0,TXN0003481,2023-02-01,23885.88,grocery,credit,9,2,0,0
C00060,57,Female,Islamabad,ISB-001,399,6,303959.15,548378.45,2,1,1,0,TXN0000433,2023-02-01,26959.95,restaurant,debit,12,2,0,0
C00106,29,Female,Quetta,QTA-001,660,1,373403.58,445902.87,4,1,0,0,TXN0000760,2023-02-02,26724.29,grocery,debit,17,3,0,0
C00307,54,Male,Peshawar,PEW-001,643,9,64658.68,252841.73,1,0,1,0,TXN0002125,2023-02-02,10675.71,restaurant,debit,18,3,0,0
C00133,58,Female,Quetta,QTA-001,617,5,431012.85,392108.3,2,0,0,1,TXN0000940,2023-02-02,24776.5,online,credit,15,3,0,0
C00267,47,Female,Karachi,KHI-001,747,5,81562.71,526584.35,4,1,0,0,TXN0001859,2023-02-02,5208.77,online,debit,11,3,0,0
C00109,54,Male,Karachi,KHI-001,377,9,303842.16,308396.2,3,0,0,0,TXN0000774,2023-02-02,1975.17,grocery,credit,14,3,0,0
C00450,22,Male,Karachi,KHI-001,784,5,118169.45,480314.54,1,1,0,0,TXN0003153,2023-02-02,5757.44,online,debit,8,3,0,0
C00455,46,Male,Peshawar,PEW-001,458,2,133050.72,262420.12,4,0,0,0,TXN0003191,2023-02-02,4759.47,restaurant,withdrawal,8,3,0,0
C00273,26,Male,Lahore,LHR-001,388,4,353938.15,381505.81,1,1,0,0,TXN0001893,2023-02-03,21795.97,online,debit,8,4,0,0
C00283,41,Male,Islamabad,ISB-001,736,6,404677.97,399842.54,3,0,1,0,TXN0001963,2023-02-03,23945.52,online,transfer,9,4,0,0
C00330,48,Male,Peshawar,PEW-001,684,8,370238.6,143727.93,3,0,1,0,TXN0002303,2023-02-03,4654.76,electronics,withdrawal,17,4,0,0
C00482,69,Female,Islamabad,ISB-001,448,1,426945.26,108186.67,3,0,1,0,TXN0003370,2023-02-03,60314.42,grocery,debit,11,4,0,0
C00200,45,Male,Lahore,LHR-001,476,0,175870.11,592548.07,2,0,1,0,TXN0001379,2023-02-04,8198.95,grocery,credit,18,5,1,0
C00407,49,Male,Peshawar,PEW-001,664,5,240955.03,289957.32,2,1,0,1,TXN0002842,2023-02-04,29528.59,online,credit,21,5,1,0
C00384,30,Female,Lahore,LHR-001,737,5,23182.31,472668.73,2,0,0,0,TXN0002662,2023-02-05,19378.71,electronics,debit,20,6,1,0
C00093,36,Male,Islamabad,ISB-001,496,6,56602.25,570516.26,3,0,1,1,TXN0000676,2023-02-05,183459.06,online,debit,9,6,1,1
C00008,40,Female,Karachi,KHI-001,624,7,106475.9,579412.53,4,1,0,0,TXN0000052,2023-02-05,1346.47,grocery,debit,11,6,1,0
C00071,55,Female,Karachi,KHI-001,550,8,414265.42,567093.0,3,1,1,0,TXN0000518,2023-02-05,907.98,atm,credit,23,6,1,0
C00192,58,Female,Karachi,KHI-001,388,1,353453.34,338766.68,1,1,1,0,TXN0001341,2023-02-05,13482.02,grocery,debit,15,6,1,0
C00138,26,Male,Karachi,KHI-001,816,9,201672.47,327837.69,1,1,0,0,TXN0000985,2023-02-05,9620.36,grocery,debit,9,6,1,0
C00337,54,Female,Lahore,LHR-001,509,2,5117.57,102890.43,4,1,0,0,TXN0002354,2023-02-05,21471.66,restaurant,transfer,20,6,1,0
C00026,33,Male,Quetta,QTA-001,491,6,358322.32,129177.61,4,1,1,0,TXN0000201,2023-02-05,15402.59,atm,debit,8,6,1,0
C00137,22,Male,Islamabad,ISB-001,485,10,158418.78,344248.29,4,0,0,0,TXN0000979,2023-02-06,2441.54,online,credit,8,0,0,0
C00105,38,Male,Islamabad,ISB-001,481,10,192756.32,285620.04,4,0,0,0,TXN0000750,2023-02-06,31208.81,online,credit,15,0,0,0
C00385,64,Male,Karachi,KHI-001,462,2,478848.78,188341.45,1,0,0,0,TXN0002673,2023-02-06,2978.7,grocery,debit,17,0,0,0
C00418,36,Male,Islamabad,ISB-001,473,9,29147.87,40692.54,2,0,0,0,TXN0002916,2023-02-06,1421.06,travel,credit,15,0,0,0
C00184,34,Male,Lahore,LHR-001,366,7,165375.08,291682.95,3,0,1,0,TXN0001299,2023-02-06,14154.75,online,transfer,16,0,0,0
C00242,57,Male,Islamabad,ISB-001,431,2,205168.84,103341.5,4,1,0,0,TXN0001693,2023-02-06,15319.67,grocery,transfer,8,0,0,0
C00408,55,Male,Karachi,KHI-001,474,1,26966.45,226798.95,3,1,1,0,TXN0002845,2023-02-06,14972.57,electronics,credit,14,0,0,0
C00025,54,Male,Karachi,KHI-001,438,2,228714.56,344210.37,1,0,0,0,TXN0000187,2023-02-06,4484.63,healthcare,debit,16,0,0,0
C00110,26,Female,Multan,MUL-001,609,0,61562.31,384815.53,1,1,1,0,TXN0000778,2023-02-07,2544.44,atm,debit,13,1,0,0
C00061,61,Female,Karachi,KHI-001,818,4,253632.73,445599.77,3,0,0,1,TXN0000443,2023-02-07,20935.14,atm,debit,13,1,0,0
C00266,37,Female,Karachi,KHI-001,615,5,477841.97,217629.6,1,1,1,0,TXN0001851,2023-02-07,11359.76,grocery,debit,17,1,0,0
C00010,32,Female,Multan,MUL-001,849,2,463592.46,449511.24,1,0,1,0,TXN0000064,2023-02-07,31179.56,atm,credit,9,1,0,0
C00209,23,Male,Peshawar,PEW-001,805,1,492756.82,367415.59,4,0,0,0,TXN0001447,2023-02-07,4147.87,restaurant,credit,0,1,0,0
C00056,68,Male,Lahore,LHR-001,384,1,55943.44,444257.07,1,1,1,1,TXN0000394,2023-02-08,519085.87,atm,credit,3,2,0,1
C00042,60,Female,Karachi,KHI-001,459,7,87531.73,178622.38,3,1,1,1,TXN0000306,2023-02-08,10395.33,restaurant,credit,8,2,0,0
C00404,33,Male,Islamabad,ISB-001,400,8,231428.89,251946.8,4,0,0,0,TXN0002821,2023-02-08,12083.08,travel,transfer,10,2,0,0
C00415,43,Male,Karachi,KHI-001,474,4,130061.3,269307.6,3,1,1,0,TXN0002896,2023-02-08,5532.05,travel,transfer,12,2,0,0
C00071,55,Female,Karachi,KHI-001,550,8,414265.42,567093.0,3,1,1,0,TXN0000521,2023-02-09,2325.6,restaurant,credit,8,3,0,0
C00376,23,Male,Islamabad,ISB-001,767,7,37168.27,289642.91,2,1,1,0,TXN0002602,2023-02-09,11132.79,electronics,debit,17,3,0,0
C00148,34,Male,Karachi,KHI-001,491,6,358459.3,241124.58,3,0,1,0,TXN0001060,2023-02-09,907.56,atm,debit,11,3,0,0
C00286,45,Male,Karachi,KHI-001,645,5,346827.32,343723.65,1,0,0,1,TXN0001977,2023-02-09,790.35,grocery,debit,16,3,0,0
C00339,69,Male,Lahore,LHR-001,467,4,195062.13,397271.72,1,1,0,1,TXN0002371,2023-02-10,10107.78,online,credit,13,4,0,0
C00136,24,Male,Lahore,LHR-001,632,6,153299.98,322713.13,4,0,1,0,TXN0000967,2023-02-10,5194.65,online,debit,17,4,0,0
C00029,46,Female,Karachi,KHI-001,576,7,272191.63,126048.5,4,0,1,0,TXN0000225,2023-02-10,6589.18,atm,withdrawal,19,4,0,0
C00025,54,Male,Karachi,KHI-001,438,2,228714.56,344210.37,1,1,0,0,TXN0000193,2023-02-10,9917.55,online,credit,21,4,0,0
C00406,36,Male,Peshawar,PEW-001,611,3,140114.89,597469.07,4,1,0,0,TXN0002839,2023-02-10,16251.8,electronics,withdrawal,15,4,0,0
C00496,40,Female,Islamabad,ISB-001,354,8,236927.01,377429.77,2,1,0,0,TXN0003456,2023-02-11,6544.26,electronics,credit,19,5,1,0
C00120,54,Female,Karachi,KHI-001,696,4,127872.09,226096.19,1,1,1,0,TXN0000848,2023-02-11,17976.94,grocery,debit,17,5,1,0
C00072,31,Female,Multan,MUL-001,794,5,479742.02,80553.11,2,0,1,0,TXN0000533,2023-02-11,12249.89,online,debit,8,5,1,0
C00389,63,Male,Peshawar,PEW-001,763,4,112080.39,245495.4,4,0,0,0,TXN0002707,2023-02-12,9423.72,online,credit,21,6,1,0
C00226,59,Male,Lahore,LHR-001,692,5,408451.94,450423.39,2,1,0,1,TXN0001560,2023-02-12,22111.96,electronics,debit,15,6,1,0
C00385,64,Male,Karachi,KHI-001,462,2,478848.78,188341.45,1,1,0,0,TXN0002675,2023-02-12,28745.94,online,withdrawal,8,6,1,0
C00340,40,Female,Lahore,LHR-001,449,1,466632.01,328498.1,4,0,0,1,TXN0002378,2023-02-12,10371.63,online,withdrawal,17,6,1,0
C00405,44,Female,Peshawar,PEW-001,655,1,198629.03,243248.79,2,1,0,1,TXN0002828,2023-02-12,7461.78,atm,debit,18,6,1,0
C00225,38,Female,Lahore,LHR-001,523,8,267182.53,566299.08,3,1,1,0,TXN0001551,2023-02-13,3343.4,atm,transfer,12,0,0,0
C00359,42,Male,Karachi,KHI-001,551,10,296608.72,171731.93,2,1,1,0,TXN0002487,2023-02-13,25762.86,travel,transfer,16,0,0,0
C00344,65,Male,Karachi,KHI-001,516,5,48828.99,137873.13,2,1,1,0,TXN0002396,2023-02-13,629.37,atm,debit,19,0,0,0
C00405,44,Female,Peshawar,PEW-001,655,1,198629.03,243248.79,2,0,0,1,TXN0002822,2023-02-13,43696.71,online,transfer,20,0,0,0
C00374,43,Female,Karachi,KHI-001,674,9,494646.53,418471.1,4,0,1,0,TXN0002593,2023-02-13,51876.96,electronics,debit,18,0,0,0
C00275,53,Female,Islamabad,ISB-001,608,8,232542.35,253035.03,2,0,1,1,TXN0001904,2023-02-13,2099.88,travel,debit,23,0,0,0
C00476,67,Male,Islamabad,ISB-001,460,10,87356.91,543026.51,4,1,1,1,TXN0003328,2023-02-13,15173.9,electronics,debit,16,0,0,0
C00374,43,Female,Karachi,KHI-001,674,9,494646.53,418471.1,4,1,1,0,TXN0002590,2023-02-14,1258.37,online,credit,10,1,0,0
C00176,51,Male,Lahore,LHR-001,659,5,403630.91,172735.6,1,0,0,1,TXN0001249,2023-02-14,35426.41,online,withdrawal,21,1,0,0
C00428,27,Male,Peshawar,PEW-001,426,5,287802.88,176447.76,4,1,0,0,TXN0002993,2023-02-14,16273.29,restaurant,debit,8,1,0,0
C00317,38,Female,Lahore,LHR-001,422,10,324050.59,365321.95,3,1,0,0,TXN0002212,2023-02-15,2894.08,travel,debit,17,2,0,0
C00232,32,Female,Lahore,LHR-001,524,8,57756.47,579474.23,4,0,1,0,TXN0001607,2023-02-15,19705.86,online,debit,19,2,0,0
C00255,61,Male,Karachi,KHI-001,390,2,307150.31,596268.68,4,1,0,1,TXN0001783,2023-02-15,14356.59,travel,debit,21,2,0,0
C00281,37,Male,Lahore,LHR-001,442,10,56031.4,368754.56,4,1,1,0,TXN0001950,2023-02-15,13961.03,electronics,debit,9,2,0,0
C00458,22,Female,Islamabad,ISB-001,846,10,166584.62,417610.13,2,0,0,0,TXN0003206,2023-02-16,1374.41,electronics,transfer,10,3,0,0
C00134,68,Male,Lahore,LHR-001,611,2,269859.51,451796.17,2,0,1,0,TXN0000949,2023-02-16,5787.81,online,transfer,13,3,0,0
C00153,51,Male,Karachi,KHI-001,661,8,383851.36,474560.12,1,0,0,1,TXN0001094,2023-02-16,5949.63,healthcare,withdrawal,10,3,0,0
C00165,43,Female,Karachi,KHI-001,729,3,206952.33,364472.34,3,1,0,1,TXN0001175,2023-02-16,5336.04,electronics,withdrawal,16,3,0,0
C00365,46,Male,Quetta,QTA-001,844,0,66596.59,168937.85,2,0,1,0,TXN0002531,2023-02-17,4829.95,healthcare,credit,14,4,0,0
C00388,50,Male,Lahore,LHR-001,674,6,316740.07,264665.23,1,0,0,0,TXN0002691,2023-02-17,13307.84,electronics,debit,15,4,0,0
C00286,45,Male,Karachi,KHI-001,645,5,346827.32,343723.65,1,0,0,1,TXN0001982,2023-02-17,7970.11,grocery,debit,18,4,0,0
C00476,67,Male,Islamabad,ISB-001,460,10,87356.91,543026.51,4,1,1,1,TXN0003323,2023-02-17,4947.19,grocery,debit,9,4,0,0
C00005,29,Male,Lahore,LHR-001,473,0,207216.56,168830.06,2,1,0,0,TXN0000034,2023-02-18,14527.53,restaurant,debit,1,5,1,0
C00295,46,Male,Peshawar,PEW-001,650,5,490385.52,306949.47,3,0,1,0,TXN0002036,2023-02-18,8995.32,restaurant,credit,9,5,1,0
C00135,35,Male,Karachi,KHI-001,567,5,96309.12,469925.38,4,0,0,0,TXN0000958,2023-02-18,3914.15,healthcare,transfer,8,5,1,0
C00387,60,Male,Islamabad,ISB-001,783,8,401381.0,373620.41,1,0,1,0,TXN0002686,2023-02-18,645469.78,online,credit,0,5,1,1
C00434,61,Male,Lahore,LHR-001,458,10,434739.6,380752.39,4,1,1,0,TXN0003036,2023-02-18,9684.18,atm,debit,17,5,1,0
C00437,63,Female,Quetta,QTA-001,627,8,84398.05,75341.06,4,0,0,0,TXN0003054,2023-02-18,11043.77,online,withdrawal,11,5,1,0
C00486,54,Female,Karachi,KHI-001,563,6,325548.95,84780.62,1,1,0,0,TXN0003392,2023-02-18,7129.7,online,debit,17,5,1,0
C00298,50,Male,Islamabad,ISB-001,706,6,348121.73,458250.4,3,0,1,0,TXN0002064,2023-02-18,12434.07,online,transfer,18,5,1,0
C00463,50,Male,Peshawar,PEW-001,370,5,410246.31,498491.6,4,1,1,0,TXN0003238,2023-02-18,21367.04,restaurant,debit,1,5,1,0
C00487,51,Female,Lahore,LHR-001,598,9,299225.95,474965.23,1,0,1,0,TXN0003402,2023-02-19,461195.4,atm,credit,13,6,1,1
C00228,26,Male,Quetta,QTA-001,842,10,38251.82,145475.49,2,0,0,0,TXN0001573,2023-02-19,22354.95,grocery,debit,10,6,1,0
C00403,35,Female,Karachi,KHI-001,583,2,430762.77,69309.77,4,0,1,0,TXN0002811,2023-02-20,34412.37,restaurant,withdrawal,13,0,0,0
C00017,43,Male,Karachi,KHI-001,773,0,413440.67,219615.93,4,1,1,0,TXN0000124,2023-02-20,21402.4,atm,withdrawal,21,0,0,0
C00158,36,Female,Karachi,KHI-001,398,5,139789.42,327064.51,1,0,0,0,TXN0001127,2023-02-20,2268.92,online,debit,12,0,0,0
C00368,24,Male,Peshawar,PEW-001,475,7,133196.41,183854.95,3,0,0,1,TXN0002552,2023-02-20,18636.47,healthcare,debit,12,0,0,0
C00256,22,Male,Quetta,QTA-001,772,3,474906.86,461359.55,3,0,0,0,TXN0001794,2023-02-20,11082.72,restaurant,debit,13,0,0,0
C00311,42,Male,Lahore,LHR-001,456,4,213772.52,133145.7,1,0,0,0,TXN0002161,2023-02-20,1827.02,grocery,withdrawal,12,0,0,0
C00391,56,Female,Peshawar,PEW-001,693,6,300650.67,385607.24,4,1,1,0,TXN0002716,2023-02-21,604503.33,electronics,withdrawal,10,1,0,1
C00324,51,Male,Lahore,LHR-001,703,5,223310.92,109004.69,3,1,0,0,TXN0002257,2023-02-21,23951.55,travel,debit,19,1,0,0
C00156,60,Female,Islamabad,ISB-001,538,5,42374.17,394222.7,4,0,0,1,TXN0001115,2023-02-21,9526.77,grocery,debit,11,1,0,0
C00336,68,Female,Lahore,LHR-001,397,2,495218.95,334839.55,3,0,0,0,TXN0002349,2023-02-21,1842.89,electronics,debit,14,1,0,0
C00211,44,Male,Karachi,KHI-001,458,7,95143.03,262532.23,1,1,1,0,TXN0001460,2023-02-22,17215.32,atm,withdrawal,12,2,0,0
C00067,50,Female,Lahore,LHR-001,706,8,301229.14,310119.57,2,0,0,0,TXN0000489,2023-02-22,43201.1,healthcare,credit,19,2,0,0
C00171,49,Male,Lahore,LHR-001,782,8,172939.27,520472.3,3,1,1,0,TXN0001208,2023-02-22,15827.35,travel,transfer,13,2,0,0
C00386,69,Male,Karachi,KHI-001,714,2,413971.82,401362.31,2,0,1,1,TXN0002677,2023-02-23,2437.42,restaurant,debit,18,3,0,0
C00239,50,Male,Lahore,LHR-001,510,4,249665.56,505291.23,4,0,0,0,TXN0001668,2023-02-23,549589.88,online,withdrawal,21,3,0,1
C00220,53,Male,Peshawar,PEW-001,599,1,70476.72,231885.95,2,0,0,1,TXN0001514,2023-02-23,35668.04,restaurant,credit,17,3,0,0
C00493,55,Male,Islamabad,ISB-001,690,4,129991.83,516811.24,3,1,0,1,TXN0003433,2023-02-23,906.78,grocery,transfer,10,3,0,0
C00461,26,Female,Islamabad,ISB-001,732,2,191464.2,119115.71,1,0,0,0,TXN0003224,2023-02-23,5199.88,grocery,credit,16,3,0,0
C00225,38,Female,Lahore,LHR-001,523,8,267182.53,566299.08,3,0,1,0,TXN0001557,2023-02-23,10431.98,restaurant,transfer,13,3,0,0
C00386,69,Male,Karachi,KHI-001,714,2,413971.82,401362.31,2,0,1,1,TXN0002680,2023-02-23,12731.69,grocery,credit,8,3,0,0
C00428,27,Male,Peshawar,PEW-001,426,5,287802.88,176447.76,4,0,0,0,TXN0002998,2023-02-24,12832.17,grocery,transfer,13,4,0,0
C00414,43,Male,Karachi,KHI-001,471,8,144288.53,135467.65,4,1,1,0,TXN0002886,2023-02-24,3684.31,grocery,debit,18,4,0,0
C00448,33,Female,Islamabad,ISB-001,728,10,7546.86,529068.53,4,0,0,1,TXN0003139,2023-02-25,16502.94,electronics,transfer,8,5,1,0
C00241,41,Female,Karachi,KHI-001,769,5,419862.95,470370.84,4,0,1,1,TXN0001680,2023-02-25,27081.22,travel,debit,17,5,1,0
C00408,55,Male,Karachi,KHI-001,474,1,26966.45,226798.95,3,1,1,0,TXN0002850,2023-02-25,3447.99,healthcare,credit,16,5,1,0
C00107,56,Female,Multan,MUL-001,804,8,106762.01,372236.04,2,0,1,1,TXN0000762,2023-02-25,37616.87,atm,credit,11,5,1,0
C00158,36,Female,Karachi,KHI-001,398,5,139789.42,327064.51,1,0,0,0,TXN0001131,2023-02-25,4775.46,travel,transfer,18,5,1,0
C00313,41,Female,Quetta,QTA-001,769,5,373806.95,332927.45,4,1,0,1,TXN0002185,2023-02-25,55224.38,online,debit,13,5,1,0
C00149,53,Female,Karachi,KHI-001,640,0,266185.63,254954.41,1,0,0,0,TXN0001064,2023-02-26,12226.06,electronics,debit,13,6,1,0
C00162,34,Female,Peshawar,PEW-001,485,4,489571.06,94540.3,1,0,1,0,TXN0001153,2023-02-26,8528.8,online,transfer,14,6,1,0
C00047,30,Male,Islamabad,ISB-001,604,3,498857.84,222518.26,4,0,0,1,TXN0000327,2023-02-26,8043.67,grocery,withdrawal,15,6,1,0
C00262,51,Male,Islamabad,ISB-001,799,6,272222.18,558377.91,2,1,1,0,TXN0001823,2023-02-26,5726.41,grocery,debit,10,6,1,0
C00296,56,Female,Karachi,KHI-001,812,0,452165.09,260844.58,4,1,0,1,TXN0002046,2023-02-26,17605.06,grocery,debit,12,6,1,0
C00400,29,Male,Islamabad,ISB-001,712,8,375196.44,169264.35,4,0,0,1,TXN0002786,2023-02-26,3032.01,electronics,debit,11,6,1,0
C00202,33,Male,Karachi,KHI-001,394,3,184565.16,169433.31,4,1,1,1,TXN0001396,2023-02-26,6811.43,online,transfer,16,6,1,0
C00309,54,Male,Lahore,LHR-001,626,3,100336.52,308342.61,2,1,1,0,TXN0002144,2023-02-27,31526.49,restaurant,debit,13,0,0,0
C00432,68,Female,Karachi,KHI-001,849,6,368285.41,481225.11,4,0,0,0,TXN0003023,2023-02-27,3944.19,grocery,debit,19,0,0,0
C00108,56,Female,Karachi,KHI-001,697,9,394955.99,404164.74,4,1,0,0,TXN0000772,2023-02-27,11619.6,electronics,debit,20,0,0,0
C00034,36,Female,Islamabad,ISB-001,390,2,268269.45,204734.07,4,0,0,1,TXN0000249,2023-02-27,25428.71,restaurant,withdrawal,17,0,0,0
C00088,47,Male,Karachi,KHI-001,425,3,327426.77,373074.92,4,1,0,0,TXN0000638,2023-02-27,6387.66,travel,debit,12,0,0,0
C00145,36,Male,Karachi,KHI-001,590,3,419099.58,406805.23,2,1,0,0,TXN0001035,2023-02-28,3070.23,atm,debit,20,1,0,0
C00185,62,Female,Lahore,LHR-001,693,4,48027.88,369215.25,3,0,1,1,TXN0001307,2023-02-28,12331.43,electronics,credit,8,1,0,0
C00394,34,Female,Karachi,KHI-001,424,6,260047.72,414977.47,3,1,0,0,TXN0002747,2023-02-28,1241.62,electronics,debit,12,1,0,0
C00004,64,Female,Islamabad,ISB-001,600,1,374257.39,472780.76,3,1,1,0,TXN0000028,2023-03-01,65529.29,travel,credit,13,2,0,0
C00476,67,Male,Islamabad,ISB-001,460,10,87356.91,543026.51,4,0,1,1,TXN0003324,2023-03-01,21260.79,travel,credit,15,2,0,0
C00425,26,Male,Quetta,QTA-001,550,8,442038.6,51214.76,1,1,0,0,TXN0002969,2023-03-01,3490.28,grocery,credit,20,2,0,0
C00325,59,Male,Multan,MUL-001,637,7,205220.3,521272.84,1,0,1,1,TXN0002267,2023-03-01,12147.83,healthcare,transfer,12,2,0,0
C00362,54,Female,Islamabad,ISB-001,825,3,27324.84,339800.54,2,0,0,0,TXN0002517,2023-03-02,15472.58,restaurant,credit,18,3,0,0
C00316,24,Male,Karachi,KHI-001,724,10,263605.12,338065.72,3,0,1,0,TXN0002207,2023-03-03,7329.93,atm,debit,17,4,0,0
C00424,65,Female,Lahore,LHR-001,623,4,35450.93,585532.19,4,0,1,0,TXN0002966,2023-03-03,18698.95,restaurant,credit,19,4,0,0
C00122,44,Female,Multan,MUL-001,710,5,86929.09,316235.03,1,1,1,0,TXN0000870,2023-03-03,3389.69,restaurant,debit,15,4,0,0
C00122,44,Female,Multan,MUL-001,710,5,86929.09,316235.03,1,0,1,0,TXN0000864,2023-03-04,3701.92,atm,transfer,11,5,1,0
C00397,66,Male,Lahore,LHR-001,503,8,449230.89,191842.56,3,1,1,0,TXN0002768,2023-03-04,2011.76,atm,withdrawal,8,5,1,0
C00051,49,Female,Karachi,KHI-001,411,7,75848.35,123765.16,3,0,1,0,TXN0000363,2023-03-05,3950.39,electronics,transfer,21,6,1,0
C00473,26,Male,Karachi,KHI-001,474,9,91007.97,215687.51,1,1,0,1,TXN0003309,2023-03-05,5157.13,electronics,debit,17,6,1,0
C00493,55,Male,Islamabad,ISB-001,690,4,129991.83,516811.24,3,0,0,1,TXN0003440,2023-03-05,17193.1,grocery,debit,18,6,1,0
C00039,28,Female,Islamabad,ISB-001,351,4,169743.81,40689.83,2,0,1,0,TXN0000278,2023-03-05,41882.8,atm,debit,19,6,1,0
C00022,59,Male,Peshawar,PEW-001,510,1,161517.31,440357.46,4,1,0,0,TXN0000168,2023-03-05,881111.75,online,credit,13,6,1,1
C00001,60,Male,Lahore,LHR-001,555,3,398173.28,502515.63,1,1,0,1,TXN0000003,2023-03-05,1546.64,online,debit,11,6,1,0
C00071,55,Female,Karachi,KHI-001,550,8,414265.42,567093.0,3,0,1,0,TXN0000526,2023-03-06,19110.12,restaurant,withdrawal,19,0,0,0
C00271,69,Male,Lahore,LHR-001,550,0,179012.38,223893.49,1,1,0,0,TXN0001876,2023-03-06,4207.26,grocery,withdrawal,9,0,0,0
C00213,53,Male,Lahore,LHR-001,794,10,258666.54,424141.93,3,0,1,0,TXN0001475,2023-03-06,40464.46,travel,credit,18,0,0,0
C00416,63,Female,Quetta,QTA-001,386,5,7515.66,276705.9,1,0,1,0,TXN0002900,2023-03-06,10839.39,online,debit,10,0,0,0
C00054,65,Male,Lahore,LHR-001,507,2,249520.84,261505.25,2,0,1,1,TXN0000382,2023-03-07,549.38,online,transfer,20,1,0,0
C00129,48,Male,Karachi,KHI-001,502,6,260010.97,137548.27,4,0,0,0,TXN0000912,2023-03-07,220105.36,atm,transfer,12,1,0,1
C00128,43,Male,Karachi,KHI-001,563,0,110276.99,510653.35,4,0,1,0,TXN0000910,2023-03-07,811531.85,atm,credit,21,1,0,1
C00278,56,Male,Lahore,LHR-001,504,4,6158.0,345584.66,3,0,1,0,TXN0001927,2023-03-07,34611.62,grocery,credit,21,1,0,0
C00262,51,Male,Islamabad,ISB-001,799,6,272222.18,558377.91,2,0,1,0,TXN0001821,2023-03-07,8226.69,electronics,credit,19,1,0,0
C00394,34,Female,Karachi,KHI-001,424,6,260047.72,414977.47,3,0,0,0,TXN0002749,2023-03-07,5990.13,grocery,debit,10,1,0,0
C00017,43,Male,Karachi,KHI-001,773,0,413440.67,219615.93,4,0,1,0,TXN0000129,2023-03-07,5537.91,travel,debit,9,1,0,0
C00359,42,Male,Karachi,KHI-001,551,10,296608.72,171731.93,2,0,1,0,TXN0002492,2023-03-07,503.69,electronics,transfer,14,1,0,0
C00439,40,Male,Karachi,KHI-001,418,2,123151.57,167320.09,4,1,0,0,TXN0003070,2023-03-07,1173.64,restaurant,transfer,13,1,0,0
C00031,63,Female,Islamabad,ISB-001,792,9,290855.7,336998.46,1,0,0,1,TXN0000231,2023-03-08,6652.89,atm,transfer,20,2,0,0
C00437,63,Female,Quetta,QTA-001,627,8,84398.05,75341.06,4,1,0,0,TXN0003058,2023-03-08,7505.06,online,credit,19,2,0,0
C00086,68,Female,Multan,MUL-001,681,2,396091.9,109563.18,1,0,1,0,TXN0000627,2023-03-08,27966.14,restaurant,debit,21,2,0,0
C00164,28,Male,Lahore,LHR-001,753,4,434161.91,372034.3,1,0,1,0,TXN0001161,2023-03-08,19413.76,grocery,debit,10,2,0,0
C00012,45,Female,Karachi,KHI-001,469,0,28806.85,520121.65,3,1,0,0,TXN0000075,2023-03-08,1650.49,restaurant,debit,9,2,0,0
C00040,42,Female,Karachi,KHI-001,710,1,366621.82,375063.27,3,0,0,1,TXN0000286,2023-03-08,12210.51,grocery,transfer,19,2,0,0
C00265,28,Female,Lahore,LHR-001,810,1,423971.89,531619.05,4,0,0,1,TXN0001841,2023-03-09,37300.81,grocery,credit,22,3,0,0
C00223,25,Male,Multan,MUL-001,502,4,343176.01,114320.21,1,0,1,0,TXN0001539,2023-03-09,8520.75,atm,transfer,9,3,0,0
C00135,35,Male,Karachi,KHI-001,567,5,96309.12,469925.38,4,1,0,0,TXN0000961,2023-03-09,8689.29,online,credit,13,3,0,0
C00475,51,Female,Multan,MUL-001,746,4,473912.45,117950.89,3,0,0,1,TXN0003313,2023-03-09,9392.15,online,debit,11,3,0,0
C00365,46,Male,Quetta,QTA-001,844,0,66596.59,168937.85,2,0,1,0,TXN0002538,2023-03-09,23198.67,travel,debit,9,3,0,0
C00470,50,Male,Quetta,QTA-001,441,3,93851.18,562329.21,3,1,1,0,TXN0003282,2023-03-10,14712.83,restaurant,transfer,21,4,0,0
C00137,22,Male,Islamabad,ISB-001,485,10,158418.78,344248.29,4,1,0,0,TXN0000981,2023-03-10,10751.87,electronics,withdrawal,21,4,0,0
C00137,22,Male,Islamabad,ISB-001,485,10,158418.78,344248.29,4,1,0,0,TXN0000980,2023-03-10,16137.37,electronics,debit,19,4,0,0
C00153,51,Male,Karachi,KHI-001,661,8,383851.36,474560.12,1,0,0,1,TXN0001093,2023-03-10,9477.52,online,credit,15,4,0,0
C00300,67,Female,Islamabad,ISB-001,411,2,336609.14,331891.11,2,0,0,1,TXN0002078,2023-03-11,12752.7,online,withdrawal,19,5,1,0
C00440,38,Male,Karachi,KHI-001,514,2,465394.72,231337.72,2,1,0,0,TXN0003079,2023-03-11,8726.88,grocery,credit,12,5,1,0
C00405,44,Female,Peshawar,PEW-001,655,1,198629.03,243248.79,2,1,0,1,TXN0002829,2023-03-11,2775.5,grocery,transfer,18,5,1,0
C00122,44,Female,Multan,MUL-001,710,5,86929.09,316235.03,1,1,1,0,TXN0000863,2023-03-12,724.94,grocery,credit,0,6,1,0
C00445,47,Male,Peshawar,PEW-001,714,5,480851.07,502160.22,3,1,1,0,TXN0003117,2023-03-12,3679.62,travel,debit,11,6,1,0
C00260,44,Male,Karachi,KHI-001,454,1,244458.7,404286.52,1,1,1,0,TXN0001810,2023-03-12,1674.73,electronics,withdrawal,14,6,1,0
C00468,58,Female,Islamabad,ISB-001,848,3,420860.14,576100.82,4,1,1,0,TXN0003270,2023-03-12,18048.26,online,debit,16,6,1,0
C00420,58,Female,Islamabad,ISB-001,384,10,481250.38,589492.37,4,0,0,1,TXN0002938,2023-03-13,12959.47,atm,debit,14,0,0,0
C00013,57,Female,Islamabad,ISB-001,771,2,391849.67,580131.46,1,0,0,1,TXN0000091,2023-03-13,9074.18,electronics,credit,21,0,0,0
C00021,51,Male,Karachi,KHI-001,669,10,454393.73,526148.78,3,0,0,1,TXN0000162,2023-03-14,627.29,online,transfer,3,1,0,0
C00131,22,Female,Karachi,KHI-001,750,3,232199.55,272908.13,1,1,0,1,TXN0000930,2023-03-14,17066.84,atm,debit,18,1,0,0
C00094,66,Male,Islamabad,ISB-001,375,8,421017.62,390170.61,3,0,1,0,TXN0000683,2023-03-14,11452.5,grocery,transfer,9,1,0,0
C00255,61,Male,Karachi,KHI-001,390,2,307150.31,596268.68,4,0,0,1,TXN0001789,2023-03-15,12539.8,electronics,credit,12,2,0,0
C00271,69,Male,Lahore,LHR-001,550,0,179012.38,223893.49,1,0,0,0,TXN0001879,2023-03-16,34507.78,grocery,credit,20,3,0,0
C00469,43,Female,Quetta,QTA-001,734,0,199114.85,360903.2,2,1,0,1,TXN0003275,2023-03-16,3535.05,travel,transfer,11,3,0,0
C00184,34,Male,Lahore,LHR-001,366,7,165375.08,291682.95,3,0,1,0,TXN0001303,2023-03-16,4734.65,grocery,withdrawal,21,3,0,0
C00235,54,Female,Islamabad,ISB-001,495,4,136916.7,588033.52,2,1,1,0,TXN0001638,2023-03-16,14272.69,grocery,withdrawal,14,3,0,0
C00181,54,Male,Islamabad,ISB-001,386,9,472482.81,291315.44,4,1,1,0,TXN0001275,2023-03-16,9757.16,grocery,withdrawal,13,3,0,0
C00401,67,Female,Karachi,KHI-001,797,3,22258.25,295840.84,3,0,1,0,TXN0002793,2023-03-16,18545.09,electronics,debit,17,3,0,0
C00359,42,Male,Karachi,KHI-001,551,10,296608.72,171731.93,2,0,1,0,TXN0002488,2023-03-16,7615.82,online,credit,16,3,0,0
C00034,36,Female,Islamabad,ISB-001,390,2,268269.45,204734.07,4,0,0,1,TXN0000246,2023-03-17,57889.11,restaurant,credit,8,4,0,0
C00002,50,Female,Karachi,KHI-001,412,7,57816.13,207089.68,2,0,0,0,TXN0000014,2023-03-17,2475.32,grocery,withdrawal,15,4,0,0
C00201,62,Female,Islamabad,ISB-001,395,4,388048.09,108863.65,3,1,0,1,TXN0001390,2023-03-17,5756.85,grocery,debit,19,4,0,0
C00071,55,Female,Karachi,KHI-001,550,8,414265.42,567093.0,3,0,1,0,TXN0000527,2023-03-17,31383.77,online,transfer,21,4,0,0
C00048,47,Male,Lahore,LHR-001,532,9,377439.54,370547.81,1,1,1,0,TXN0000341,2023-03-17,16425.52,atm,credit,15,4,0,0
C00061,61,Female,Karachi,KHI-001,818,4,253632.73,445599.77,3,1,0,1,TXN0000441,2023-03-17,5100.66,restaurant,credit,13,4,0,0
C00312,69,Female,Karachi,KHI-001,495,1,398694.21,385716.98,3,1,1,1,TXN0002171,2023-03-17,2775.86,grocery,debit,12,4,0,0
C00337,54,Female,Lahore,LHR-001,509,2,5117.57,102890.43,4,0,0,0,TXN0002355,2023-03-18,10471.78,grocery,withdrawal,8,5,1,0
C00354,50,Male,Islamabad,ISB-001,542,9,6656.45,493336.79,4,1,1,0,TXN0002466,2023-03-18,50166.76,travel,credit,22,5,1,0
C00044,25,Male,Lahore,LHR-001,774,8,250234.7,166302.48,4,0,1,0,TXN0000312,2023-03-18,19720.82,travel,debit,15,5,1,0
C00134,68,Male,Lahore,LHR-001,611,2,269859.51,451796.17,2,0,1,0,TXN0000956,2023-03-18,5477.62,atm,credit,11,5,1,0
C00150,60,Male,Karachi,KHI-001,781,2,269555.67,300855.17,4,1,1,0,TXN0001074,2023-03-19,6144.67,online,withdrawal,21,6,1,0
C00028,65,Female,Lahore,LHR-001,658,9,313930.26,91052.11,3,1,1,0,TXN0000215,2023-03-19,974.34,restaurant,credit,9,6,1,0
C00313,41,Female,Quetta,QTA-001,769,5,373806.95,332927.45,4,0,0,1,TXN0002186,2023-03-19,8664.61,grocery,credit,1,6,1,0
C00076,69,Male,Islamabad,ISB-001,814,3,147525.16,501727.87,1,1,0,1,TXN0000549,2023-03-19,11397.58,grocery,transfer,15,6,1,0
C00480,47,Female,Karachi,KHI-001,784,0,33670.63,502112.43,3,0,0,1,TXN0003356,2023-03-19,981.29,online,credit,11,6,1,0
C00421,54,Male,Lahore,LHR-001,436,7,59187.09,305936.46,4,0,1,0,TXN0002950,2023-03-20,35424.25,electronics,credit,16,0,0,0
C00033,37,Female,Karachi,KHI-001,571,1,198783.64,486206.78,4,1,1,0,TXN0000244,2023-03-20,216815.83,online,debit,15,0,0,1
C00303,56,Female,Islamabad,ISB-001,572,3,499679.98,542160.0,1,1,1,0,TXN0002100,2023-03-20,8895.25,atm,credit,11,0,0,0
C00274,58,Male,Islamabad,ISB-001,377,10,301151.6,355525.8,3,0,1,1,TXN0001894,2023-03-21,4174.79,restaurant,withdrawal,1,1,0,0
C00497,53,Female,Lahore,LHR-001,494,10,472430.3,244287.0,3,0,1,0,TXN0003467,2023-03-21,10331.55,online,credit,17,1,0,0
C00488,58,Female,Islamabad,ISB-001,501,1,194888.07,108339.63,1,1,1,0,TXN0003411,2023-03-21,6005.23,atm,credit,13,1,0,0
C00347,50,Male,Lahore,LHR-001,505,8,292474.82,471169.03,4,1,1,0,TXN0002418,2023-03-22,673.66,restaurant,debit,14,2,0,0
C00471,35,Male,Lahore,LHR-001,796,0,378080.92,362091.48,1,0,1,0,TXN0003294,2023-03-22,3701.17,online,debit,20,2,0,0
C00023,23,Female,Islamabad,ISB-001,725,2,296211.8,355140.16,4,0,0,0,TXN0000179,2023-03-23,10288.9,restaurant,debit,3,3,0,0
C00386,69,Male,Karachi,KHI-001,714,2,413971.82,401362.31,2,1,1,1,TXN0002678,2023-03-23,10369.57,online,transfer,17,3,0,0
C00242,57,Male,Islamabad,ISB-001,431,2,205168.84,103341.5,4,0,0,0,TXN0001688,2023-03-23,6860.72,grocery,credit,14,3,0,0
C00232,32,Female,Lahore,LHR-001,524,8,57756.47,579474.23,4,0,1,0,TXN0001612,2023-03-23,584486.55,grocery,debit,2,3,0,1
C00314,29,Female,Quetta,QTA-001,448,4,32166.89,415253.78,3,1,1,0,TXN0002190,2023-03-24,5283.58,grocery,withdrawal,16,4,0,0
C00356,52,Female,Peshawar,PEW-001,497,8,152016.42,123834.22,4,1,1,0,TXN0002473,2023-03-24,885.76,restaurant,withdrawal,21,4,0,0
C00162,34,Female,Peshawar,PEW-001,485,4,489571.06,94540.3,1,0,1,0,TXN0001149,2023-03-24,3368.6,grocery,transfer,0,4,0,0
C00092,50,Female,Karachi,KHI-001,710,4,43273.93,563713.02,4,1,0,0,TXN0000669,2023-03-24,5189.66,online,credit,8,4,0,0
C00320,33,Female,Karachi,KHI-001,471,8,282535.21,263946.92,4,1,0,0,TXN0002229,2023-03-24,18970.27,grocery,debit,16,4,0,0
C00367,52,Female,Quetta,QTA-001,824,3,400004.71,397258.04,3,0,0,0,TXN0002548,2023-03-25,2796.36,grocery,withdrawal,14,5,1,0
C00366,63,Female,Islamabad,ISB-001,828,2,478425.77,155464.25,3,0,1,0,TXN0002543,2023-03-25,5221.64,restaurant,transfer,13,5,1,0
C00311,42,Male,Lahore,LHR-001,456,4,213772.52,133145.7,1,1,0,0,TXN0002162,2023-03-25,17386.23,online,credit,17,5,1,0
C00299,39,Male,Islamabad,ISB-001,562,9,30539.92,440674.91,4,1,1,0,TXN0002072,2023-03-25,1918.78,online,transfer,19,5,1,0
C00375,44,Female,Lahore,LHR-001,741,10,372959.65,287921.5,4,0,1,0,TXN0002599,2023-03-26,6558.24,restaurant,debit,12,6,1,0
C00353,45,Female,Peshawar,PEW-001,670,8,367474.54,415997.81,4,0,0,0,TXN0002459,2023-03-26,7165.79,healthcare,transfer,8,6,1,0
C00214,54,Male,Karachi,KHI-001,589,4,372135.04,49732.68,2,1,1,0,TXN0001482,2023-03-26,14344.85,online,transfer,19,6,1,0
C00002,50,Female,Karachi,KHI-001,412,7,57816.13,207089.68,2,1,0,0,TXN0000010,2023-03-27,8066.15,online,transfer,10,0,0,0
C00293,56,Female,Lahore,LHR-001,670,3,363431.15,334909.33,2,1,1,0,TXN0002025,2023-03-27,6636.8,atm,transfer,16,0,0,0
C00373,68,Female,Islamabad,ISB-001,413,1,452343.36,374346.27,1,1,1,0,TXN0002581,2023-03-27,7405.76,grocery,debit,12,0,0,0
C00073,57,Female,Karachi,KHI-001,742,10,174549.51,339175.64,4,0,1,1,TXN0000538,2023-03-28,9116.67,online,debit,23,1,0,0
C00322,43,Female,Quetta,QTA-001,537,6,443074.19,500977.45,1,1,0,1,TXN0002241,2023-03-28,7940.65,online,credit,21,1,0,0
C00302,23,Male,Karachi,KHI-001,476,4,296190.56,281282.77,3,0,1,0,TXN0002096,2023-03-28,8509.15,atm,debit,9,1,0,0
C00158,36,Female,Karachi,KHI-001,398,5,139789.42,327064.51,1,0,0,0,TXN0001129,2023-03-28,17572.11,atm,debit,23,1,0,0
C00392,46,Male,Karachi,KHI-001,792,8,264890.59,287749.56,3,0,1,0,TXN0002732,2023-03-28,31772.57,electronics,transfer,20,1,0,0
C00371,45,Male,Quetta,QTA-001,718,6,442678.49,119393.66,4,0,1,0,TXN0002572,2023-03-28,5871.39,grocery,debit,14,1,0,0
C00164,28,Male,Lahore,LHR-001,753,4,434161.91,372034.3,1,1,1,0,TXN0001163,2023-03-29,3995.14,grocery,transfer,3,2,0,0
C00144,36,Female,Karachi,KHI-001,458,9,191974.34,484055.41,3,0,0,0,TXN0001033,2023-03-29,14289.28,restaurant,transfer,15,2,0,0
C00147,63,Male,Islamabad,ISB-001,773,8,150552.12,198958.54,1,1,0,0,TXN0001050,2023-03-29,8971.67,travel,transfer,20,2,0,0
C00080,44,Male,Karachi,KHI-001,414,6,54893.33,152481.09,2,0,1,0,TXN0000579,2023-03-29,1958.4,grocery,credit,10,2,0,0
C00500,66,Male,Karachi,KHI-001,723,6,265876.93,147398.18,3,1,0,0,TXN0003494,2023-03-29,12787.72,restaurant,debit,8,2,0,0
C00035,68,Male,Islamabad,ISB-001,545,8,37976.46,550628.18,1,1,1,0,TXN0000257,2023-03-29,1283.21,electronics,debit,9,2,0,0
C00301,39,Male,Karachi,KHI-001,398,0,26861.89,500540.31,2,0,1,0,TXN0002089,2023-03-30,51957.84,restaurant,debit,12,3,0,0
C00012,45,Female,Karachi,KHI-001,469,0,28806.85,520121.65,3,0,0,0,TXN0000077,2023-03-30,4707.42,online,transfer,9,3,0,0
C00234,37,Male,Quetta,QTA-001,687,0,135523.48,410514.12,4,0,0,0,TXN0001627,2023-03-30,415442.35,online,debit,15,3,0,1
C00412,43,Female,Lahore,LHR-001,775,2,466136.8,395577.63,1,1,1,0,TXN0002880,2023-03-30,622.09,electronics,withdrawal,12,3,0,0
C00155,44,Male,Islamabad,ISB-001,490,0,170509.59,377039.01,1,0,1,1,TXN0001101,2023-03-30,38347.41,online,debit,17,3,0,0
C00297,46,Male,Lahore,LHR-001,823,7,325099.13,347671.97,4,1,0,0,TXN0002051,2023-03-30,3441.86,electronics,debit,9,3,0,0
C00121,69,Female,Lahore,LHR-001,788,4,290927.82,343788.04,4,0,1,0,TXN0000860,2023-04-02,757.04,travel,transfer,8,6,1,0
C00346,51,Female,Islamabad,ISB-001,789,4,242491.76,547299.02,4,1,1,0,TXN0002406,2023-04-02,8506.09,grocery,transfer,11,6,1,0
C00483,42,Female,Islamabad,ISB-001,601,7,495123.44,307811.05,1,0,1,0,TXN0003372,2023-04-02,1971.0,restaurant,debit,12,6,1,0
C00040,42,Female,Karachi,KHI-001,710,1,366621.82,375063.27,3,0,0,1,TXN0000282,2023-04-02,2770.51,online,debit,17,6,1,0
C00205,24,Female,Karachi,KHI-001,457,1,487400.9,165832.66,1,0,0,0,TXN0001415,2023-04-03,2321.04,atm,withdrawal,14,0,0,0
C00080,44,Male,Karachi,KHI-001,414,6,54893.33,152481.09,2,1,1,0,TXN0000577,2023-04-03,10383.2,grocery,credit,20,0,0,0
C00080,44,Male,Karachi,KHI-001,414,6,54893.33,152481.09,2,1,1,0,TXN0000582,2023-04-03,20160.52,restaurant,debit,16,0,0,0
C00091,62,Female,Karachi,KHI-001,364,3,39116.16,207348.1,1,1,0,1,TXN0000666,2023-04-03,953.07,restaurant,transfer,8,0,0,0
C00156,60,Female,Islamabad,ISB-001,538,5,42374.17,394222.7,4,0,0,1,TXN0001116,2023-04-03,5290.28,travel,withdrawal,11,0,0,0
C00144,36,Female,Karachi,KHI-001,458,9,191974.34,484055.41,3,1,0,0,TXN0001031,2023-04-03,7730.13,electronics,credit,14,0,0,0
C00266,37,Female,Karachi,KHI-001,615,5,477841.97,217629.6,1,1,1,0,TXN0001850,2023-04-04,760128.83,online,debit,20,1,0,1
C00135,35,Male,Karachi,KHI-001,567,5,96309.12,469925.38,4,1,0,0,TXN0000962,2023-04-04,8692.6,online,credit,15,1,0,0
C00141,60,Female,Islamabad,ISB-001,798,6,177946.56,261488.5,3,1,0,0,TXN0001003,2023-04-04,9119.94,atm,transfer,11,1,0,0
C00237,27,Male,Quetta,QTA-001,673,5,129111.68,49808.95,1,1,1,0,TXN0001646,2023-04-04,1338.65,electronics,credit,18,1,0,0
C00387,60,Male,Islamabad,ISB-001,783,8,401381.0,373620.41,1,1,1,0,TXN0002688,2023-04-04,21119.14,healthcare,withdrawal,9,1,0,0
C00065,63,Female,Karachi,KHI-001,653,8,387081.58,359706.52,1,0,0,1,TXN0000468,2023-04-04,5293.58,online,transfer,13,1,0,0
C00248,53,Female,Karachi,KHI-001,433,9,49716.8,413504.05,3,1,1,0,TXN0001731,2023-04-04,23004.36,restaurant,withdrawal,19,1,0,0
C00487,51,Female,Lahore,LHR-001,598,9,299225.95,474965.23,1,1,1,0,TXN0003404,2023-04-05,30651.69,online,credit,11,2,0,0
C00480,47,Female,Karachi,KHI-001,784,0,33670.63,502112.43,3,0,0,1,TXN0003357,2023-04-05,3385.05,atm,debit,15,2,0,0
C00029,46,Female,Karachi,KHI-001,576,7,272191.63,126048.5,4,1,1,0,TXN0000219,2023-04-05,4072.45,grocery,debit,20,2,0,0
C00067,50,Female,Lahore,LHR-001,706,8,301229.14,310119.57,2,1,0,0,TXN0000490,2023-04-05,10392.14,atm,debit,17,2,0,0
C00155,44,Male,Islamabad,ISB-001,490,0,170509.59,377039.01,1,1,1,1,TXN0001107,2023-04-05,1742.82,atm,debit,12,2,0,0
C00013,57,Female,Islamabad,ISB-001,771,2,391849.67,580131.46,1,0,0,1,TXN0000086,2023-04-06,5986.69,travel,credit,20,3,0,0
C00455,46,Male,Peshawar,PEW-001,458,2,133050.72,262420.12,4,0,0,0,TXN0003193,2023-04-06,5493.07,grocery,credit,13,3,0,0
C00053,28,Male,Islamabad,ISB-001,781,0,358461.72,421055.71,2,1,1,0,TXN0000375,2023-04-06,10664.9,restaurant,debit,21,3,0,0
C00281,37,Male,Lahore,LHR-001,442,10,56031.4,368754.56,4,1,1,0,TXN0001955,2023-04-06,2277.41,grocery,credit,13,3,0,0
C00238,37,Male,Islamabad,ISB-001,827,0,318383.54,176722.48,1,0,1,0,TXN0001656,2023-04-06,7933.71,electronics,debit,9,3,0,0
C00309,54,Male,Lahore,LHR-001,626,3,100336.52,308342.61,2,1,1,0,TXN0002145,2023-04-06,443471.02,online,credit,11,3,0,1
C00219,47,Male,Peshawar,PEW-001,825,0,213743.45,332168.83,4,0,1,1,TXN0001506,2023-04-07,7691.42,restaurant,debit,17,4,0,0
C00459,37,Female,Quetta,QTA-001,690,7,282122.93,338189.47,2,0,0,0,TXN0003209,2023-04-07,4454.42,online,withdrawal,11,4,0,0
C00319,69,Female,Quetta,QTA-001,835,2,185525.14,441876.04,3,0,0,1,TXN0002221,2023-04-07,24890.64,electronics,transfer,21,4,0,0
C00422,29,Female,Quetta,QTA-001,483,10,447767.57,254214.72,1,1,1,0,TXN0002953,2023-04-07,897819.9,atm,transfer,9,4,0,1
C00311,42,Male,Lahore,LHR-001,456,4,213772.52,133145.7,1,1,0,0,TXN0002163,2023-04-07,14718.85,travel,withdrawal,11,4,0,0
C00383,54,Male,Quetta,QTA-001,380,9,195124.85,547093.88,2,0,0,0,TXN0002660,2023-04-08,15222.84,electronics,debit,10,5,1,0
C00085,39,Male,Islamabad,ISB-001,773,4,459781.51,572867.99,1,1,0,1,TXN0000617,2023-04-08,6203.07,electronics,debit,3,5,1,0
C00011,32,Male,Lahore,LHR-001,747,0,362190.29,549333.73,3,1,0,1,TXN0000069,2023-04-09,10677.68,healthcare,debit,19,6,1,0
C00007,60,Male,Peshawar,PEW-001,470,3,495510.09,526110.42,3,1,1,0,TXN0000042,2023-04-09,6659.18,online,credit,17,6,1,0
C00479,37,Male,Islamabad,ISB-001,833,2,239419.07,573566.62,4,1,0,0,TXN0003349,2023-04-09,2534.27,grocery,transfer,17,6,1,0
C00087,45,Male,Islamabad,ISB-001,787,8,16396.19,541883.93,4,1,0,0,TXN0000634,2023-04-10,2137.76,atm,transfer,11,0,0,0
C00172,49,Male,Quetta,QTA-001,541,0,286874.54,45057.03,4,0,1,0,TXN0001212,2023-04-10,19340.59,atm,debit,18,0,0,0
C00271,69,Male,Lahore,LHR-001,550,0,179012.38,223893.49,1,0,0,0,TXN0001874,2023-04-10,11233.03,restaurant,transfer,9,0,0,0
C00265,28,Female,Lahore,LHR-001,810,1,423971.89,531619.05,4,0,0,1,TXN0001838,2023-04-10,7539.29,electronics,debit,2,0,0,0
C00382,61,Male,Lahore,LHR-001,670,1,28237.95,228847.19,1,1,1,1,TXN0002649,2023-04-10,2072.04,restaurant,credit,15,0,0,0
C00092,50,Female,Karachi,KHI-001,710,4,43273.93,563713.02,4,0,0,0,TXN0000670,2023-04-10,5467.91,grocery,transfer,8,0,0,0
C00114,49,Male,Islamabad,ISB-001,416,9,235521.56,528226.36,2,0,1,0,TXN0000799,2023-04-11,7840.33,online,credit,15,1,0,0
C00160,50,Male,Peshawar,PEW-001,718,4,265656.34,78714.36,1,1,0,0,TXN0001136,2023-04-11,18815.23,grocery,debit,18,1,0,0
C00480,47,Female,Karachi,KHI-001,784,0,33670.63,502112.43,3,1,0,1,TXN0003359,2023-04-11,2792.83,grocery,transfer,14,1,0,0
C00013,57,Female,Islamabad,ISB-001,771,2,391849.67,580131.46,1,1,0,1,TXN0000083,2023-04-11,13983.22,grocery,transfer,22,1,0,0
C00127,61,Male,Multan,MUL-001,611,3,113948.12,154003.84,2,0,0,1,TXN0000906,2023-04-11,928.33,online,credit,17,1,0,0
C00365,46,Male,Quetta,QTA-001,844,0,66596.59,168937.85,2,0,1,0,TXN0002532,2023-04-11,241431.06,online,withdrawal,13,1,0,1
C00019,45,Female,Islamabad,ISB-001,635,7,121667.41,457668.73,2,1,1,1,TXN0000141,2023-04-12,18122.9,atm,credit,11,2,0,0
C00479,37,Male,Islamabad,ISB-001,833,2,239419.07,573566.62,4,1,0,0,TXN0003350,2023-04-12,518580.09,online,debit,2,2,0,1
C00281,37,Male,Lahore,LHR-001,442,10,56031.4,368754.56,4,1,1,0,TXN0001954,2023-04-12,1851.26,restaurant,credit,23,2,0,0
C00285,54,Female,Lahore,LHR-001,699,1,396056.71,320249.37,1,0,1,0,TXN0001975,2023-04-12,21035.64,restaurant,credit,17,2,0,0
C00205,24,Female,Karachi,KHI-001,457,1,487400.9,165832.66,1,0,0,0,TXN0001412,2023-04-13,17456.71,restaurant,credit,10,3,0,0
C00192,58,Female,Karachi,KHI-001,388,1,353453.34,338766.68,1,1,1,0,TXN0001340,2023-04-13,8751.84,online,credit,11,3,0,0
C00113,62,Male,Karachi,KHI-001,778,7,461865.31,456796.28,1,0,0,1,TXN0000797,2023-04-13,8790.22,electronics,debit,8,3,0,0
C00083,37,Female,Karachi,KHI-001,692,9,298516.64,63062.76,1,1,1,0,TXN0000598,2023-04-14,5294.6,electronics,withdrawal,9,4,0,0
C00392,46,Male,Karachi,KHI-001,792,8,264890.59,287749.56,3,0,1,0,TXN0002731,2023-04-14,604146.26,online,transfer,18,4,0,1
C00384,30,Female,Lahore,LHR-001,737,5,23182.31,472668.73,2,1,0,0,TXN0002670,2023-04-14,14131.41,electronics,withdrawal,0,4,0,0
C00375,44,Female,Lahore,LHR-001,741,10,372959.65,287921.5,4,1,1,0,TXN0002600,2023-04-14,6286.35,atm,withdrawal,16,4,0,0
C00499,26,Female,Peshawar,PEW-001,513,5,427833.84,356087.01,4,0,0,0,TXN0003487,2023-04-14,20592.22,travel,transfer,19,4,0,0
C00453,53,Female,Peshawar,PEW-001,703,7,280309.96,258983.95,3,1,0,0,TXN0003177,2023-04-15,13622.98,online,debit,19,5,1,0
C00489,44,Male,Islamabad,ISB-001,599,7,37484.94,372802.82,2,1,0,1,TXN0003419,2023-04-15,19019.98,online,debit,11,5,1,0
C00262,51,Male,Islamabad,ISB-001,799,6,272222.18,558377.91,2,1,1,0,TXN0001819,2023-04-15,854825.12,electronics,credit,11,5,1,1
C00055,29,Female,Karachi,KHI-001,617,3,378544.47,585831.92,3,0,0,0,TXN0000384,2023-04-15,63077.11,online,transfer,16,5,1,0
C00350,56,Male,Peshawar,PEW-001,545,0,50391.17,209153.88,1,0,0,1,TXN0002435,2023-04-15,24353.98,grocery,debit,14,5,1,0
C00062,25,Female,Lahore,LHR-001,604,0,272231.02,459530.52,2,0,0,0,TXN0000446,2023-04-16,2829.02,online,credit,15,6,1,0
C00344,65,Male,Karachi,KHI-001,516,5,48828.99,137873.13,2,1,1,0,TXN0002400,2023-04-16,14905.88,restaurant,transfer,18,6,1,0
C00276,30,Female,Karachi,KHI-001,433,0,42587.04,347159.84,4,0,1,0,TXN0001909,2023-04-16,699573.3,grocery,credit,20,6,1,1
C00464,24,Male,Lahore,LHR-001,649,9,68582.12,220615.67,4,1,1,0,TXN0003245,2023-04-16,3572.89,healthcare,withdrawal,20,6,1,0
C00132,56,Male,Islamabad,ISB-001,410,3,280866.16,513897.36,2,0,0,0,TXN0000939,2023-04-17,3554.84,grocery,transfer,16,0,0,0
C00382,61,Male,Lahore,LHR-001,670,1,28237.95,228847.19,1,0,1,1,TXN0002646,2023-04-17,5564.88,electronics,debit,16,0,0,0
C00306,57,Male,Peshawar,PEW-001,757,0,159863.15,406628.13,1,0,1,0,TXN0002123,2023-04-17,3700.33,travel,debit,11,0,0,0
C00097,28,Male,Karachi,KHI-001,755,9,121773.49,311263.13,4,0,1,0,TXN0000704,2023-04-17,8576.09,travel,credit,13,0,0,0
C00207,38,Male,Islamabad,ISB-001,681,4,61547.77,89591.13,4,1,1,0,TXN0001434,2023-04-17,10455.26,restaurant,transfer,17,0,0,0
C00434,61,Male,Lahore,LHR-001,458,10,434739.6,380752.39,4,0,1,0,TXN0003032,2023-04-18,663.34,atm,credit,11,1,0,0
C00263,63,Male,Karachi,KHI-001,656,9,85196.87,285376.51,4,0,1,0,TXN0001826,2023-04-18,1257.58,online,transfer,11,1,0,0
C00496,40,Female,Islamabad,ISB-001,354,8,236927.01,377429.77,2,1,0,0,TXN0003460,2023-04-18,14121.72,atm,credit,14,1,0,0
C00441,40,Male,Lahore,LHR-001,838,7,57387.88,253309.33,4,1,0,1,TXN0003086,2023-04-19,9138.66,restaurant,debit,18,2,0,0
C00207,38,Male,Islamabad,ISB-001,681,4,61547.77,89591.13,4,0,1,0,TXN0001436,2023-04-19,2078.9,travel,transfer,1,2,0,0
C00475,51,Female,Multan,MUL-001,746,4,473912.45,117950.89,3,0,0,1,TXN0003315,2023-04-19,12798.63,grocery,transfer,13,2,0,0
C00286,45,Male,Karachi,KHI-001,645,5,346827.32,343723.65,1,1,0,1,TXN0001986,2023-04-19,9085.43,atm,withdrawal,21,2,0,0
C00403,35,Female,Karachi,KHI-001,583,2,430762.77,69309.77,4,0,1,0,TXN0002809,2023-04-19,539537.44,online,credit,15,2,0,1
C00087,45,Male,Islamabad,ISB-001,787,8,16396.19,541883.93,4,1,0,0,TXN0000631,2023-04-19,7724.85,restaurant,credit,12,2,0,0
C00378,63,Male,Karachi,KHI-001,465,6,419723.74,48859.81,2,1,0,0,TXN0002615,2023-04-19,8142.73,online,credit,18,2,0,0
C00498,22,Female,Islamabad,ISB-001,450,7,55585.84,256418.07,2,1,1,1,TXN0003471,2023-04-19,137150.54,atm,debit,10,2,0,1
C00445,47,Male,Peshawar,PEW-001,714,5,480851.07,502160.22,3,0,1,0,TXN0003123,2023-04-20,7714.47,grocery,credit,9,3,0,0
C00059,38,Male,Islamabad,ISB-001,843,7,231215.11,573483.24,1,0,1,0,TXN0000426,2023-04-20,2247.17,atm,transfer,16,3,0,0
C00245,24,Male,Karachi,KHI-001,588,4,180166.33,376341.34,2,1,0,0,TXN0001712,2023-04-20,5005.21,atm,transfer,12,3,0,0
C00329,48,Female,Lahore,LHR-001,521,7,332519.31,484308.06,3,0,1,0,TXN0002298,2023-04-20,3889.53,healthcare,withdrawal,14,3,0,0
C00431,51,Male,Karachi,KHI-001,475,5,432923.98,183946.47,3,0,1,0,TXN0003018,2023-04-20,1649.34,travel,debit,21,3,0,0
C00308,25,Male,Lahore,LHR-001,633,0,366856.72,150406.31,2,1,1,0,TXN0002139,2023-04-20,24856.6,grocery,withdrawal,13,3,0,0
C00282,24,Female,Karachi,KHI-001,515,2,160725.3,134328.86,1,1,1,0,TXN0001959,2023-04-20,1912.52,travel,debit,15,3,0,0
C00249,28,Female,Islamabad,ISB-001,462,9,386638.03,363223.73,1,0,0,0,TXN0001733,2023-04-20,1350.91,grocery,transfer,15,3,0,0
C00237,27,Male,Quetta,QTA-001,673,5,129111.68,49808.95,1,1,1,0,TXN0001648,2023-04-20,6643.8,online,credit,21,3,0,0
C00431,51,Male,Karachi,KHI-001,475,5,432923.98,183946.47,3,0,1,0,TXN0003015,2023-04-21,23724.48,electronics,debit,3,4,0,0
C00295,46,Male,Peshawar,PEW-001,650,5,490385.52,306949.47,3,1,1,0,TXN0002034,2023-04-22,15521.28,restaurant,debit,17,5,1,0
C00291,61,Male,Karachi,KHI-001,768,2,321279.95,100994.27,2,0,0,1,TXN0002013,2023-04-22,6567.1,electronics,credit,18,5,1,0
C00059,38,Male,Islamabad,ISB-001,843,7,231215.11,573483.24,1,1,1,0,TXN0000424,2023-04-22,24391.02,electronics,credit,17,5,1,0
C00379,23,Female,Lahore,LHR-001,789,2,119131.75,231010.41,2,0,1,0,TXN0002625,2023-04-22,675926.09,atm,credit,21,5,1,1
C00435,37,Male,Islamabad,ISB-001,573,7,126416.34,323829.52,2,0,0,0,TXN0003040,2023-04-22,10398.47,healthcare,transfer,18,5,1,0
C00065,63,Female,Karachi,KHI-001,653,8,387081.58,359706.52,1,0,0,1,TXN0000471,2023-04-23,12537.52,grocery,withdrawal,18,6,1,0
C00160,50,Male,Peshawar,PEW-001,718,4,265656.34,78714.36,1,1,0,0,TXN0001137,2023-04-23,11862.53,restaurant,debit,8,6,1,0
C00410,53,Male,Islamabad,ISB-001,594,7,22534.07,89709.74,1,0,1,0,TXN0002868,2023-04-23,16262.75,atm,transfer,17,6,1,0
C00187,60,Female,Multan,MUL-001,656,9,369272.78,181415.56,3,1,1,0,TXN0001319,2023-04-24,3033.14,travel,debit,19,0,0,0
C00088,47,Male,Karachi,KHI-001,425,3,327426.77,373074.92,4,1,0,0,TXN0000644,2023-04-24,3684.05,restaurant,withdrawal,14,0,0,0
C00250,62,Male,Islamabad,ISB-001,574,2,38783.6,235201.25,4,1,0,1,TXN0001746,2023-04-24,530.68,atm,debit,12,0,0,0
C00467,37,Female,Karachi,KHI-001,673,2,218959.19,165224.08,1,1,1,0,TXN0003266,2023-04-24,2143.06,restaurant,debit,17,0,0,0
C00471,35,Male,Lahore,LHR-001,796,0,378080.92,362091.48,1,1,1,0,TXN0003288,2023-04-25,1218.23,grocery,credit,16,1,0,0
C00084,66,Female,Karachi,KHI-001,780,4,55595.27,415415.86,2,0,1,0,TXN0000611,2023-04-25,4673.63,online,credit,21,1,0,0
C00470,50,Male,Quetta,QTA-001,441,3,93851.18,562329.21,3,1,1,0,TXN0003286,2023-04-25,24265.2,grocery,debit,9,1,0,0
C00474,68,Female,Multan,MUL-001,832,5,386572.78,379567.73,2,0,1,0,TXN0003312,2023-04-25,1429.74,atm,transfer,10,1,0,0
C00094,66,Male,Islamabad,ISB-001,375,8,421017.62,390170.61,3,0,1,0,TXN0000688,2023-04-25,1875.36,online,transfer,14,1,0,0
C00484,60,Male,Lahore,LHR-001,687,9,339645.87,323420.23,4,1,1,1,TXN0003382,2023-04-26,8849.29,grocery,transfer,21,2,0,0
C00319,69,Female,Quetta,QTA-001,835,2,185525.14,441876.04,3,0,0,1,TXN0002225,2023-04-26,2947.62,travel,debit,21,2,0,0
C00111,63,Male,Islamabad,ISB-001,755,5,210179.77,224249.77,1,0,1,0,TXN0000786,2023-04-26,33552.75,online,debit,9,2,0,0
C00168,63,Female,Islamabad,ISB-001,644,3,102075.98,405189.02,1,0,1,1,TXN0001186,2023-04-26,25207.5,healthcare,transfer,14,2,0,0
C00338,26,Male,Karachi,KHI-001,662,4,96809.09,41447.05,3,1,0,0,TXN0002366,2023-04-27,853919.86,online,transfer,10,3,0,1
C00059,38,Male,Islamabad,ISB-001,843,7,231215.11,573483.24,1,0,1,0,TXN0000419,2023-04-27,3735.63,online,transfer,16,3,0,0
C00218,65,Male,Lahore,LHR-001,452,5,324301.81,182365.76,2,0,1,0,TXN0001496,2023-04-27,547928.23,online,transfer,20,3,0,1
C00064,27,Male,Karachi,KHI-001,674,6,207432.81,97563.75,3,0,1,0,TXN0000461,2023-04-28,19910.82,online,debit,8,4,0,0
C00197,36,Male,Quetta,QTA-001,496,5,184714.31,352558.54,4,0,1,0,TXN0001370,2023-04-28,2399.17,atm,credit,12,4,0,0
C00108,56,Female,Karachi,KHI-001,697,9,394955.99,404164.74,4,1,0,0,TXN0000769,2023-04-28,3462.17,grocery,debit,20,4,0,0
C00378,63,Male,Karachi,KHI-001,465,6,419723.74,48859.81,2,1,0,0,TXN0002619,2023-04-29,4104.76,online,transfer,8,5,1,0
C00152,25,Female,Karachi,KHI-001,689,0,251020.91,172043.57,4,1,1,0,TXN0001080,2023-04-29,23922.73,electronics,debit,14,5,1,0
C00396,57,Female,Islamabad,ISB-001,609,9,498186.21,398494.21,4,0,1,0,TXN0002765,2023-04-29,8368.31,electronics,debit,9,5,1,0
C00066,25,Female,Karachi,KHI-001,625,2,11040.52,50285.88,2,1,1,1,TXN0000475,2023-04-29,2457.92,atm,debit,13,5,1,0
C00340,40,Female,Lahore,LHR-001,449,1,466632.01,328498.1,4,0,0,1,TXN0002379,2023-04-29,85288.54,grocery,credit,21,5,1,1
C00139,47,Female,Islamabad,ISB-001,729,9,216260.51,369312.69,4,0,0,0,TXN0000995,2023-04-29,34662.46,atm,withdrawal,17,5,1,0
C00111,63,Male,Islamabad,ISB-001,755,5,210179.77,224249.77,1,1,1,0,TXN0000788,2023-04-29,4564.85,online,credit,10,5,1,0
C00427,25,Male,Peshawar,PEW-001,634,4,453724.29,470415.89,3,1,1,0,TXN0002990,2023-04-30,744906.0,atm,debit,13,6,1,1
C00338,26,Male,Karachi,KHI-001,662,4,96809.09,41447.05,3,1,0,0,TXN0002365,2023-04-30,21453.57,grocery,credit,20,6,1,0
C00401,67,Female,Karachi,KHI-001,797,3,22258.25,295840.84,3,1,1,0,TXN0002792,2023-04-30,27429.15,healthcare,transfer,18,6,1,0
C00379,23,Female,Lahore,LHR-001,789,2,119131.75,231010.41,2,1,1,0,TXN0002628,2023-04-30,1421.56,travel,withdrawal,13,6,1,0
C00124,58,Male,Peshawar,PEW-001,421,7,159179.22,265826.36,1,1,1,0,TXN0000877,2023-04-30,339609.01,grocery,credit,21,6,1,1
C00179,46,Male,Peshawar,PEW-001,614,8,404390.82,287533.65,3,0,0,0,TXN0001267,2023-04-30,21361.1,grocery,debit,15,6,1,0
C00310,35,Male,Peshawar,PEW-001,787,7,62064.6,148952.66,1,0,1,0,TXN0002156,2023-05-01,8172.06,electronics,withdrawal,17,0,0,0
C00106,29,Female,Quetta,QTA-001,660,1,373403.58,445902.87,4,0,0,0,TXN0000759,2023-05-01,43478.23,travel,transfer,21,0,0,0
C00244,47,Male,Islamabad,ISB-001,496,6,213907.85,554459.57,4,0,1,0,TXN0001702,2023-05-01,11627.05,online,transfer,11,0,0,0
C00132,56,Male,Islamabad,ISB-001,410,3,280866.16,513897.36,2,1,0,0,TXN0000938,2023-05-01,23456.18,grocery,credit,8,0,0,0
C00488,58,Female,Islamabad,ISB-001,501,1,194888.07,108339.63,1,0,1,0,TXN0003410,2023-05-02,17551.78,atm,debit,9,1,0,0
C00278,56,Male,Lahore,LHR-001,504,4,6158.0,345584.66,3,0,1,0,TXN0001928,2023-05-02,10794.51,grocery,transfer,20,1,0,0
C00232,32,Female,Lahore,LHR-001,524,8,57756.47,579474.23,4,0,1,0,TXN0001610,2023-05-02,3988.39,online,debit,15,1,0,0
C00096,46,Male,Karachi,KHI-001,442,4,65791.34,382864.47,4,0,1,0,TXN0000695,2023-05-03,17371.72,atm,credit,19,2,0,0
C00176,51,Male,Lahore,LHR-001,659,5,403630.91,172735.6,1,0,0,1,TXN0001251,2023-05-03,23315.0,grocery,debit,9,2,0,0
C00137,22,Male,Islamabad,ISB-001,485,10,158418.78,344248.29,4,1,0,0,TXN0000983,2023-05-03,53779.42,grocery,transfer,20,2,0,0
C00209,23,Male,Peshawar,PEW-001,805,1,492756.82,367415.59,4,0,0,0,TXN0001454,2023-05-03,6089.58,grocery,credit,8,2,0,0
C00237,27,Male,Quetta,QTA-001,673,5,129111.68,49808.95,1,0,1,0,TXN0001652,2023-05-03,6267.65,online,transfer,0,2,0,0
C00384,30,Female,Lahore,LHR-001,737,5,23182.31,472668.73,2,0,0,0,TXN0002665,2023-05-03,21847.63,electronics,transfer,14,2,0,0
C00307,54,Male,Peshawar,PEW-001,643,9,64658.68,252841.73,1,0,1,0,TXN0002127,2023-05-04,5292.77,grocery,credit,18,3,0,0
C00377,48,Female,Karachi,KHI-001,525,2,203782.22,445729.44,2,1,1,0,TXN0002605,2023-05-04,6997.64,healthcare,withdrawal,1,3,0,0
C00178,49,Male,Islamabad,ISB-001,582,6,303582.71,534877.42,2,1,0,0,TXN0001265,2023-05-04,42130.89,electronics,debit,21,3,0,0
C00440,38,Male,Karachi,KHI-001,514,2,465394.72,231337.72,2,0,0,0,TXN0003076,2023-05-04,11447.27,online,withdrawal,8,3,0,0
C00290,59,Male,Quetta,QTA-001,617,10,380404.24,495709.12,4,1,1,0,TXN0001998,2023-05-04,554548.64,atm,debit,16,3,0,1
C00387,60,Male,Islamabad,ISB-001,783,8,401381.0,373620.41,1,1,1,0,TXN0002687,2023-05-04,6555.75,online,credit,18,3,0,0
C00211,44,Male,Karachi,KHI-001,458,7,95143.03,262532.23,1,1,1,0,TXN0001463,2023-05-05,16098.57,restaurant,withdrawal,10,4,0,0
C00342,56,Female,Islamabad,ISB-001,766,5,9695.29,484496.56,3,0,0,1,TXN0002388,2023-05-05,4904.31,grocery,transfer,21,4,0,0
C00111,63,Male,Islamabad,ISB-001,755,5,210179.77,224249.77,1,0,1,0,TXN0000782,2023-05-05,279951.04,travel,transfer,22,4,0,1
C00234,37,Male,Quetta,QTA-001,687,0,135523.48,410514.12,4,0,0,0,TXN0001630,2023-05-06,1387.02,travel,debit,18,5,1,0
C00288,29,Female,Karachi,KHI-001,430,1,47919.08,514413.72,1,0,0,1,TXN0001993,2023-05-06,16865.24,online,debit,16,5,1,0
C00121,69,Female,Lahore,LHR-001,788,4,290927.82,343788.04,4,1,1,0,TXN0000853,2023-05-06,892106.85,restaurant,withdrawal,13,5,1,1
C00136,24,Male,Lahore,LHR-001,632,6,153299.98,322713.13,4,0,1,0,TXN0000969,2023-05-06,31702.3,grocery,debit,16,5,1,0
C00247,41,Female,Karachi,KHI-001,773,4,96263.61,503029.77,2,1,0,0,TXN0001724,2023-05-06,6843.5,healthcare,debit,13,5,1,0
C00344,65,Male,Karachi,KHI-001,516,5,48828.99,137873.13,2,0,1,0,TXN0002397,2023-05-07,8791.97,travel,debit,21,6,1,0
C00091,62,Female,Karachi,KHI-001,364,3,39116.16,207348.1,1,0,0,1,TXN0000664,2023-05-07,6987.98,grocery,debit,17,6,1,0
C00363,24,Male,Karachi,KHI-001,768,0,59186.46,139929.74,1,1,1,0,TXN0002525,2023-05-07,6815.89,grocery,withdrawal,13,6,1,0
C00314,29,Female,Quetta,QTA-001,448,4,32166.89,415253.78,3,0,1,0,TXN0002188,2023-05-08,14628.06,travel,credit,14,0,0,0
C00104,32,Male,Karachi,KHI-001,528,10,305907.72,131839.71,4,1,0,0,TXN0000745,2023-05-08,22750.86,online,transfer,13,0,0,0
C00150,60,Male,Karachi,KHI-001,781,2,269555.67,300855.17,4,1,1,0,TXN0001067,2023-05-08,20672.88,grocery,debit,9,0,0,0
C00055,29,Female,Karachi,KHI-001,617,3,378544.47,585831.92,3,0,0,0,TXN0000386,2023-05-08,4556.71,restaurant,credit,18,0,0,0
C00047,30,Male,Islamabad,ISB-001,604,3,498857.84,222518.26,4,0,0,1,TXN0000331,2023-05-08,9832.77,online,withdrawal,2,0,0,0
C00204,23,Male,Karachi,KHI-001,517,5,113657.71,398401.66,4,1,0,1,TXN0001408,2023-05-09,16178.07,online,debit,10,1,0,0
C00032,49,Female,Peshawar,PEW-001,683,9,180904.41,50002.66,3,1,0,0,TXN0000238,2023-05-09,30981.56,grocery,credit,19,1,0,0
C00347,50,Male,Lahore,LHR-001,505,8,292474.82,471169.03,4,0,1,0,TXN0002413,2023-05-09,5558.82,restaurant,credit,14,1,0,0
C00450,22,Male,Karachi,KHI-001,784,5,118169.45,480314.54,1,1,0,0,TXN0003147,2023-05-10,8798.1,grocery,debit,13,2,0,0
C00396,57,Female,Islamabad,ISB-001,609,9,498186.21,398494.21,4,1,1,0,TXN0002762,2023-05-10,6089.4,grocery,credit,19,2,0,0
C00444,58,Female,Lahore,LHR-001,511,7,441410.38,325445.58,2,0,1,0,TXN0003113,2023-05-10,655819.65,online,debit,20,2,0,1
C00103,45,Male,Lahore,LHR-001,506,6,117560.83,62822.3,2,1,1,0,TXN0000735,2023-05-11,4596.0,electronics,debit,10,3,0,0
C00042,60,Female,Karachi,KHI-001,459,7,87531.73,178622.38,3,1,1,1,TXN0000297,2023-05-11,6164.25,grocery,withdrawal,17,3,0,0
C00083,37,Female,Karachi,KHI-001,692,9,298516.64,63062.76,1,1,1,0,TXN0000595,2023-05-12,17545.84,atm,debit,15,4,0,0
C00349,27,Male,Peshawar,PEW-001,356,1,202152.26,183161.2,4,1,0,0,TXN0002433,2023-05-12,762312.42,grocery,transfer,15,4,0,1
C00084,66,Female,Karachi,KHI-001,780,4,55595.27,415415.86,2,1,1,0,TXN0000607,2023-05-12,25167.3,restaurant,debit,12,4,0,0
C00444,58,Female,Lahore,LHR-001,511,7,441410.38,325445.58,2,1,1,0,TXN0003107,2023-05-12,16278.82,atm,credit,21,4,0,0
C00432,68,Female,Karachi,KHI-001,849,6,368285.41,481225.11,4,0,0,0,TXN0003021,2023-05-13,7821.6,online,credit,17,5,1,0
C00066,25,Female,Karachi,KHI-001,625,2,11040.52,50285.88,2,1,1,1,TXN0000478,2023-05-13,13205.9,online,credit,17,5,1,0
C00202,33,Male,Karachi,KHI-001,394,3,184565.16,169433.31,4,0,1,1,TXN0001401,2023-05-13,5621.44,grocery,credit,8,5,1,0
C00340,40,Female,Lahore,LHR-001,449,1,466632.01,328498.1,4,0,0,1,TXN0002380,2023-05-13,3704.08,electronics,credit,12,5,1,0
C00172,49,Male,Quetta,QTA-001,541,0,286874.54,45057.03,4,0,1,0,TXN0001213,2023-05-13,12773.51,online,credit,18,5,1,0
C00358,54,Male,Lahore,LHR-001,506,7,359198.89,125670.93,2,0,0,0,TXN0002484,2023-05-14,17859.0,atm,transfer,12,6,1,0
C00253,60,Female,Karachi,KHI-001,592,8,458179.27,218142.47,1,0,0,0,TXN0001770,2023-05-14,10857.0,grocery,transfer,21,6,1,0
C00034,36,Female,Islamabad,ISB-001,390,2,268269.45,204734.07,4,1,0,1,TXN0000247,2023-05-14,3850.45,healthcare,withdrawal,23,6,1,0
C00273,26,Male,Lahore,LHR-001,388,4,353938.15,381505.81,1,0,0,0,TXN0001891,2023-05-14,658827.03,atm,transfer,13,6,1,1
C00129,48,Male,Karachi,KHI-001,502,6,260010.97,137548.27,4,0,0,0,TXN0000918,2023-05-15,5158.64,online,credit,15,0,0,0
C00448,33,Female,Islamabad,ISB-001,728,10,7546.86,529068.53,4,0,0,1,TXN0003136,2023-05-15,14434.34,restaurant,transfer,18,0,0,0
C00083,37,Female,Karachi,KHI-001,692,9,298516.64,63062.76,1,1,1,0,TXN0000604,2023-05-15,2115.28,travel,debit,16,0,0,0
C00368,24,Male,Peshawar,PEW-001,475,7,133196.41,183854.95,3,1,0,1,TXN0002553,2023-05-16,804816.48,online,credit,13,1,0,1
C00379,23,Female,Lahore,LHR-001,789,2,119131.75,231010.41,2,1,1,0,TXN0002622,2023-05-16,10781.18,grocery,credit,19,1,0,0
C00398,41,Female,Karachi,KHI-001,504,0,234373.47,371974.72,1,1,1,0,TXN0002775,2023-05-16,15396.76,online,credit,16,1,0,0
C00333,51,Female,Islamabad,ISB-001,372,10,438949.36,88741.82,3,0,0,0,TXN0002329,2023-05-16,28957.51,atm,debit,8,1,0,0
C00059,38,Male,Islamabad,ISB-001,843,7,231215.11,573483.24,1,0,1,0,TXN0000420,2023-05-17,22186.5,atm,debit,14,2,0,0
C00444,58,Female,Lahore,LHR-001,511,7,441410.38,325445.58,2,1,1,0,TXN0003111,2023-05-17,4747.14,grocery,credit,9,2,0,0
C00363,24,Male,Karachi,KHI-001,768,0,59186.46,139929.74,1,0,1,0,TXN0002520,2023-05-17,6973.62,travel,transfer,10,2,0,0
C00472,49,Female,Lahore,LHR-001,629,0,395459.46,308438.49,3,1,0,0,TXN0003296,2023-05-17,9076.58,grocery,withdrawal,14,2,0,0
C00488,58,Female,Islamabad,ISB-001,501,1,194888.07,108339.63,1,1,1,0,TXN0003412,2023-05-17,11101.05,grocery,debit,19,2,0,0
C00457,66,Female,Islamabad,ISB-001,599,1,46628.62,391652.03,4,0,1,0,TXN0003203,2023-05-18,41478.09,travel,debit,16,3,0,0
C00120,54,Female,Karachi,KHI-001,696,4,127872.09,226096.19,1,1,1,0,TXN0000845,2023-05-18,11001.65,electronics,debit,10,3,0,0
C00090,66,Male,Multan,MUL-001,396,4,190345.51,383248.74,3,1,1,0,TXN0000655,2023-05-18,571.3,atm,debit,15,3,0,0
C00343,38,Female,Islamabad,ISB-001,757,4,31078.5,402099.31,4,0,1,0,TXN0002391,2023-05-19,3804.95,online,debit,11,4,0,0
C00052,68,Male,Lahore,LHR-001,718,2,106249.57,300175.21,4,1,0,0,TXN0000372,2023-05-19,2857.02,grocery,transfer,9,4,0,0
C00281,37,Male,Lahore,LHR-001,442,10,56031.4,368754.56,4,0,1,0,TXN0001947,2023-05-19,15636.04,online,credit,19,4,0,0
C00483,42,Female,Islamabad,ISB-001,601,7,495123.44,307811.05,1,1,1,0,TXN0003371,2023-05-19,6966.56,restaurant,debit,21,4,0,0
C00064,27,Male,Karachi,KHI-001,674,6,207432.81,97563.75,3,1,1,0,TXN0000457,2023-05-20,2078.87,travel,transfer,21,5,1,0
C00371,45,Male,Quetta,QTA-001,718,6,442678.49,119393.66,4,1,1,0,TXN0002576,2023-05-20,34492.13,atm,debit,21,5,1,0
C00381,38,Female,Karachi,KHI-001,835,10,64567.69,377802.87,4,0,1,0,TXN0002637,2023-05-20,31719.33,grocery,credit,11,5,1,0
C00085,39,Male,Islamabad,ISB-001,773,4,459781.51,572867.99,1,1,0,1,TXN0000620,2023-05-21,1154.06,online,debit,18,6,1,0
C00421,54,Male,Lahore,LHR-001,436,7,59187.09,305936.46,4,0,1,0,TXN0002947,2023-05-21,19659.86,grocery,debit,11,6,1,0
C00129,48,Male,Karachi,KHI-001,502,6,260010.97,137548.27,4,1,0,0,TXN0000917,2023-05-21,2134.95,restaurant,withdrawal,15,6,1,0
C00021,51,Male,Karachi,KHI-001,669,10,454393.73,526148.78,3,1,0,1,TXN0000164,2023-05-21,29239.89,grocery,debit,16,6,1,0
C00017,43,Male,Karachi,KHI-001,773,0,413440.67,219615.93,4,0,1,0,TXN0000123,2023-05-21,14810.91,online,transfer,16,6,1,0
C00057,56,Male,Multan,MUL-001,616,0,270558.27,407910.96,1,1,1,0,TXN0000403,2023-05-21,141600.79,atm,debit,15,6,1,1
C00009,44,Male,Islamabad,ISB-001,780,1,192718.15,57529.3,3,1,1,0,TXN0000057,2023-05-22,10517.04,grocery,debit,10,0,0,0
C00047,30,Male,Islamabad,ISB-001,604,3,498857.84,222518.26,4,0,0,1,TXN0000326,2023-05-22,9048.18,online,debit,17,0,0,0
C00245,24,Male,Karachi,KHI-001,588,4,180166.33,376341.34,2,1,0,0,TXN0001713,2023-05-22,36604.75,grocery,credit,12,0,0,0
C00443,47,Female,Karachi,KHI-001,746,3,98664.66,173870.99,2,0,1,1,TXN0003102,2023-05-22,72745.19,healthcare,debit,14,0,0,0
C00371,45,Male,Quetta,QTA-001,718,6,442678.49,119393.66,4,0,1,0,TXN0002574,2023-05-22,3538.22,restaurant,debit,18,0,0,0
C00001,60,Male,Lahore,LHR-001,555,3,398173.28,502515.63,1,0,0,1,TXN0000002,2023-05-22,3575.43,restaurant,transfer,20,0,0,0
C00065,63,Female,Karachi,KHI-001,653,8,387081.58,359706.52,1,0,0,1,TXN0000467,2023-05-23,8564.21,restaurant,debit,18,1,0,0
C00252,61,Female,Karachi,KHI-001,727,4,221410.73,378774.2,3,1,1,0,TXN0001766,2023-05-23,778271.92,online,transfer,15,1,0,1
C00451,68,Male,Peshawar,PEW-001,736,5,454807.15,361768.93,3,1,1,0,TXN0003161,2023-05-23,13198.54,travel,withdrawal,20,1,0,0
C00445,47,Male,Peshawar,PEW-001,714,5,480851.07,502160.22,3,0,1,0,TXN0003122,2023-05-23,5128.76,electronics,debit,18,1,0,0
C00240,24,Male,Islamabad,ISB-001,476,4,288780.72,524180.95,3,1,1,0,TXN0001670,2023-05-23,354801.9,online,debit,18,1,0,1
C00253,60,Female,Karachi,KHI-001,592,8,458179.27,218142.47,1,0,0,0,TXN0001768,2023-05-23,31918.92,online,withdrawal,18,1,0,0
C00183,48,Male,Islamabad,ISB-001,390,5,206164.19,121623.68,4,1,0,0,TXN0001290,2023-05-23,685695.17,online,withdrawal,11,1,0,1
C00371,45,Male,Quetta,QTA-001,718,6,442678.49,119393.66,4,0,1,0,TXN0002575,2023-05-23,1409.4,electronics,credit,9,1,0,0
C00418,36,Male,Islamabad,ISB-001,473,9,29147.87,40692.54,2,0,0,0,TXN0002920,2023-05-24,1134.67,online,withdrawal,8,2,0,0
C00219,47,Male,Peshawar,PEW-001,825,0,213743.45,332168.83,4,0,1,1,TXN0001510,2023-05-24,24302.38,online,debit,13,2,0,0
C00042,60,Female,Karachi,KHI-001,459,7,87531.73,178622.38,3,1,1,1,TXN0000296,2023-05-25,4472.04,restaurant,credit,21,3,0,0
C00142,48,Male,Karachi,KHI-001,790,2,236774.76,379465.68,2,1,1,0,TXN0001018,2023-05-25,35306.33,online,debit,9,3,0,0
C00499,26,Female,Peshawar,PEW-001,513,5,427833.84,356087.01,4,0,0,0,TXN0003484,2023-05-25,8100.02,travel,transfer,19,3,0,0
C00280,69,Female,Islamabad,ISB-001,351,1,7600.64,48213.55,1,0,1,0,TXN0001944,2023-05-25,146371.73,atm,debit,8,3,0,1
C00233,69,Male,Karachi,KHI-001,689,2,74309.18,182971.65,3,0,0,1,TXN0001621,2023-05-26,6166.39,travel,withdrawal,16,4,0,0
C00088,47,Male,Karachi,KHI-001,425,3,327426.77,373074.92,4,1,0,0,TXN0000639,2023-05-26,5568.39,grocery,transfer,9,4,0,0
C00118,33,Female,Karachi,KHI-001,821,9,21259.1,51682.24,1,1,0,0,TXN0000829,2023-05-26,5321.63,online,debit,15,4,0,0
C00387,60,Male,Islamabad,ISB-001,783,8,401381.0,373620.41,1,1,1,0,TXN0002690,2023-05-26,10370.81,electronics,credit,20,4,0,0
C00247,41,Female,Karachi,KHI-001,773,4,96263.61,503029.77,2,0,0,0,TXN0001726,2023-05-26,11735.13,grocery,debit,13,4,0,0
C00051,49,Female,Karachi,KHI-001,411,7,75848.35,123765.16,3,1,1,0,TXN0000368,2023-05-27,20968.79,travel,credit,13,5,1,0
C00135,35,Male,Karachi,KHI-001,567,5,96309.12,469925.38,4,1,0,0,TXN0000964,2023-05-28,146821.78,online,credit,9,6,1,1
C00409,23,Female,Karachi,KHI-001,748,7,426835.8,365066.0,2,1,0,0,TXN0002860,2023-05-28,515602.52,travel,transfer,13,6,1,1
C00120,54,Female,Karachi,KHI-001,696,4,127872.09,226096.19,1,1,1,0,TXN0000841,2023-05-28,13419.08,healthcare,transfer,20,6,1,0
C00382,61,Male,Lahore,LHR-001,670,1,28237.95,228847.19,1,1,1,1,TXN0002644,2023-05-28,5954.72,grocery,credit,21,6,1,0
C00225,38,Female,Lahore,LHR-001,523,8,267182.53,566299.08,3,0,1,0,TXN0001558,2023-05-28,8538.31,online,credit,13,6,1,0
C00009,44,Male,Islamabad,ISB-001,780,1,192718.15,57529.3,3,1,1,0,TXN0000058,2023-05-28,231927.02,grocery,debit,12,6,1,1
C00315,28,Female,Lahore,LHR-001,778,1,230296.12,560579.29,2,0,0,0,TXN0002195,2023-05-28,812541.22,online,credit,13,6,1,1
C00042,60,Female,Karachi,KHI-001,459,7,87531.73,178622.38,3,0,1,1,TXN0000304,2023-05-29,691.75,online,credit,10,0,0,0
C00092,50,Female,Karachi,KHI-001,710,4,43273.93,563713.02,4,0,0,0,TXN0000672,2023-05-29,1584.95,grocery,credit,18,0,0,0
C00437,63,Female,Quetta,QTA-001,627,8,84398.05,75341.06,4,0,0,0,TXN0003059,2023-05-29,10897.71,atm,debit,11,0,0,0
C00316,24,Male,Karachi,KHI-001,724,10,263605.12,338065.72,3,1,1,0,TXN0002205,2023-05-29,15611.08,grocery,transfer,16,0,0,0
C00301,39,Male,Karachi,KHI-001,398,0,26861.89,500540.31,2,1,1,0,TXN0002090,2023-05-30,7678.71,electronics,transfer,10,1,0,0
C00139,47,Female,Islamabad,ISB-001,729,9,216260.51,369312.69,4,1,0,0,TXN0000993,2023-05-30,12878.89,grocery,transfer,19,1,0,0
C00251,54,Female,Lahore,LHR-001,681,0,419354.1,129200.97,2,0,0,1,TXN0001753,2023-05-30,79773.02,grocery,credit,10,1,0,0
C00266,37,Female,Karachi,KHI-001,615,5,477841.97,217629.6,1,1,1,0,TXN0001842,2023-05-31,21069.73,online,debit,10,2,0,0
C00049,23,Female,Karachi,KHI-001,365,4,354955.33,282618.18,3,1,0,1,TXN0000353,2023-05-31,22897.54,atm,credit,9,2,0,0
C00189,29,Male,Peshawar,PEW-001,772,9,65774.56,252440.81,3,0,0,0,TXN0001325,2023-05-31,4273.79,online,withdrawal,18,2,0,0
C00422,29,Female,Quetta,QTA-001,483,10,447767.57,254214.72,1,0,1,0,TXN0002961,2023-05-31,2749.54,atm,transfer,20,2,0,0
C00477,26,Male,Peshawar,PEW-001,703,3,386637.22,504426.15,1,0,0,0,TXN0003331,2023-06-01,20307.04,restaurant,withdrawal,10,3,0,0
C00083,37,Female,Karachi,KHI-001,692,9,298516.64,63062.76,1,1,1,0,TXN0000601,2023-06-01,993.99,electronics,transfer,1,3,0,0
C00120,54,Female,Karachi,KHI-001,696,4,127872.09,226096.19,1,0,1,0,TXN0000842,2023-06-01,2320.63,online,debit,11,3,0,0
C00419,64,Female,Karachi,KHI-001,706,1,268638.25,208477.74,2,1,1,0,TXN0002933,2023-06-01,4956.24,online,transfer,10,3,0,0
C00065,63,Female,Karachi,KHI-001,653,8,387081.58,359706.52,1,1,0,1,TXN0000465,2023-06-01,10725.48,grocery,transfer,13,3,0,0
C00323,67,Female,Lahore,LHR-001,713,10,267481.24,332589.38,2,0,0,0,TXN0002249,2023-06-02,6321.3,grocery,debit,13,4,0,0
C00352,58,Male,Karachi,KHI-001,405,10,263647.0,516657.59,1,0,0,1,TXN0002449,2023-06-02,1705.0,grocery,debit,3,4,0,0
C00151,53,Female,Karachi,KHI-001,586,8,243138.53,508158.92,3,0,0,0,TXN0001078,2023-06-02,25836.96,restaurant,transfer,12,4,0,0
C00285,54,Female,Lahore,LHR-001,699,1,396056.71,320249.37,1,0,1,0,TXN0001973,2023-06-02,29930.04,grocery,transfer,12,4,0,0
C00048,47,Male,Lahore,LHR-001,532,9,377439.54,370547.81,1,0,1,0,TXN0000339,2023-06-02,6344.38,travel,debit,14,4,0,0
C00129,48,Male,Karachi,KHI-001,502,6,260010.97,137548.27,4,1,0,0,TXN0000921,2023-06-02,40017.48,electronics,withdrawal,20,4,0,0
C00041,30,Male,Lahore,LHR-001,474,10,348390.22,380091.61,2,1,1,0,TXN0000293,2023-06-03,7615.34,online,credit,10,5,1,0
C00011,32,Male,Lahore,LHR-001,747,0,362190.29,549333.73,3,0,0,1,TXN0000072,2023-06-03,653458.36,electronics,credit,15,5,1,1
C00231,43,Male,Islamabad,ISB-001,526,1,361500.28,171354.32,4,1,1,0,TXN0001597,2023-06-04,5313.75,grocery,debit,16,6,1,0
C00249,28,Female,Islamabad,ISB-001,462,9,386638.03,363223.73,1,0,0,0,TXN0001737,2023-06-04,1725.11,grocery,debit,15,6,1,0
C00316,24,Male,Karachi,KHI-001,724,10,263605.12,338065.72,3,0,1,0,TXN0002208,2023-06-04,856095.64,travel,credit,3,6,1,1
C00391,56,Female,Peshawar,PEW-001,693,6,300650.67,385607.24,4,0,1,0,TXN0002719,2023-06-05,23554.15,travel,debit,17,0,0,0
C00369,61,Female,Islamabad,ISB-001,744,5,296334.34,393928.67,2,0,1,0,TXN0002556,2023-06-05,2183.03,grocery,credit,17,0,0,0
C00176,51,Male,Lahore,LHR-001,659,5,403630.91,172735.6,1,0,0,1,TXN0001243,2023-06-05,643.11,electronics,credit,9,0,0,0
C00040,42,Female,Karachi,KHI-001,710,1,366621.82,375063.27,3,0,0,1,TXN0000283,2023-06-05,12328.75,healthcare,credit,16,0,0,0
C00319,69,Female,Quetta,QTA-001,835,2,185525.14,441876.04,3,0,0,1,TXN0002226,2023-06-05,661845.53,atm,withdrawal,16,0,0,1
C00288,29,Female,Karachi,KHI-001,430,1,47919.08,514413.72,1,0,0,1,TXN0001991,2023-06-05,5176.33,travel,transfer,15,0,0,0
C00002,50,Female,Karachi,KHI-001,412,7,57816.13,207089.68,2,1,0,0,TXN0000017,2023-06-05,8313.2,grocery,transfer,9,0,0,0
C00089,46,Male,Karachi,KHI-001,523,10,386767.1,385298.57,1,0,1,0,TXN0000653,2023-06-06,28671.17,online,debit,17,1,0,0
C00251,54,Female,Lahore,LHR-001,681,0,419354.1,129200.97,2,0,0,1,TXN0001755,2023-06-06,4047.82,atm,debit,17,1,0,0
C00136,24,Male,Lahore,LHR-001,632,6,153299.98,322713.13,4,1,1,0,TXN0000974,2023-06-06,1373.91,online,debit,2,1,0,0
C00481,47,Female,Lahore,LHR-001,622,5,41973.74,413131.86,3,1,1,1,TXN0003367,2023-06-06,24083.16,online,credit,13,1,0,0
C00088,47,Male,Karachi,KHI-001,425,3,327426.77,373074.92,4,0,0,0,TXN0000640,2023-06-07,8125.88,restaurant,debit,10,2,0,0
C00095,22,Male,Islamabad,ISB-001,657,6,455789.67,478716.73,1,1,0,0,TXN0000691,2023-06-07,21353.7,electronics,credit,20,2,0,0
C00127,61,Male,Multan,MUL-001,611,3,113948.12,154003.84,2,0,0,1,TXN0000907,2023-06-07,7739.64,electronics,transfer,16,2,0,0
C00171,49,Male,Lahore,LHR-001,782,8,172939.27,520472.3,3,1,1,0,TXN0001203,2023-06-07,45787.37,electronics,transfer,20,2,0,0
C00207,38,Male,Islamabad,ISB-001,681,4,61547.77,89591.13,4,1,1,0,TXN0001432,2023-06-08,14778.68,grocery,debit,21,3,0,0
C00400,29,Male,Islamabad,ISB-001,712,8,375196.44,169264.35,4,1,0,1,TXN0002783,2023-06-08,7033.12,grocery,debit,19,3,0,0
C00018,23,Female,Lahore,LHR-001,814,0,97270.47,445676.7,2,1,0,1,TXN0000133,2023-06-08,39600.99,restaurant,credit,17,3,0,0
C00483,42,Female,Islamabad,ISB-001,601,7,495123.44,307811.05,1,0,1,0,TXN0003376,2023-06-08,7664.71,online,debit,9,3,0,0
C00119,55,Male,Islamabad,ISB-001,511,1,456810.98,405827.29,1,1,0,1,TXN0000837,2023-06-08,33004.19,grocery,withdrawal,11,3,0,0
C00181,54,Male,Islamabad,ISB-001,386,9,472482.81,291315.44,4,1,1,0,TXN0001283,2023-06-08,3164.18,grocery,credit,19,3,0,0
C00278,56,Male,Lahore,LHR-001,504,4,6158.0,345584.66,3,0,1,0,TXN0001923,2023-06-08,7812.04,travel,debit,9,3,0,0
C00444,58,Female,Lahore,LHR-001,511,7,441410.38,325445.58,2,0,1,0,TXN0003112,2023-06-08,16502.24,grocery,transfer,20,3,0,0
C00322,43,Female,Quetta,QTA-001,537,6,443074.19,500977.45,1,1,0,1,TXN0002246,2023-06-08,3687.95,restaurant,debit,10,3,0,0
C00266,37,Female,Karachi,KHI-001,615,5,477841.97,217629.6,1,0,1,0,TXN0001844,2023-06-09,17213.57,atm,transfer,18,4,0,0
C00456,61,Female,Islamabad,ISB-001,400,8,100600.77,342250.27,1,1,0,1,TXN0003195,2023-06-09,1098.55,restaurant,debit,13,4,0,0
C00327,66,Male,Islamabad,ISB-001,544,7,402968.6,143367.67,1,1,1,0,TXN0002287,2023-06-09,24056.35,grocery,credit,21,4,0,0
C00438,51,Male,Multan,MUL-001,417,6,170334.39,105883.46,4,0,0,0,TXN0003063,2023-06-09,3089.6,grocery,credit,21,4,0,0
C00372,53,Female,Islamabad,ISB-001,643,7,302395.23,193742.54,1,1,0,1,TXN0002578,2023-06-09,4445.13,electronics,transfer,16,4,0,0
C00471,35,Male,Lahore,LHR-001,796,0,378080.92,362091.48,1,0,1,0,TXN0003287,2023-06-10,1143.4,grocery,debit,11,5,1,0
C00311,42,Male,Lahore,LHR-001,456,4,213772.52,133145.7,1,0,0,0,TXN0002159,2023-06-10,17688.86,grocery,credit,20,5,1,0
C00440,38,Male,Karachi,KHI-001,514,2,465394.72,231337.72,2,1,0,0,TXN0003080,2023-06-10,897870.22,grocery,transfer,21,5,1,1
C00222,53,Female,Quetta,QTA-001,357,10,347154.82,110415.25,1,1,1,0,TXN0001531,2023-06-10,11616.64,atm,withdrawal,10,5,1,0
C00442,49,Male,Karachi,KHI-001,654,4,351000.42,233940.19,2,1,1,0,TXN0003092,2023-06-10,1921.43,online,debit,13,5,1,0
C00264,56,Female,Karachi,KHI-001,680,9,421557.18,544770.36,2,0,1,0,TXN0001834,2023-06-11,510.25,grocery,credit,3,6,1,0
C00251,54,Female,Lahore,LHR-001,681,0,419354.1,129200.97,2,1,0,1,TXN0001749,2023-06-11,494067.95,atm,transfer,18,6,1,1
C00494,52,Female,Islamabad,ISB-001,357,8,5509.59,40186.2,3,0,1,0,TXN0003447,2023-06-11,6319.95,grocery,debit,16,6,1,0
C00336,68,Female,Lahore,LHR-001,397,2,495218.95,334839.55,3,0,0,0,TXN0002346,2023-06-12,32810.71,online,debit,11,0,0,0
C00146,47,Male,Quetta,QTA-001,704,7,295789.53,595594.66,4,1,0,1,TXN0001042,2023-06-12,11598.46,atm,debit,8,0,0,0
C00445,47,Male,Peshawar,PEW-001,714,5,480851.07,502160.22,3,1,1,0,TXN0003124,2023-06-12,5646.92,electronics,debit,15,0,0,0
C00348,67,Male,Karachi,KHI-001,770,9,139485.05,351716.75,1,1,0,0,TXN0002422,2023-06-12,4768.73,online,debit,12,0,0,0
C00179,46,Male,Peshawar,PEW-001,614,8,404390.82,287533.65,3,1,0,0,TXN0001269,2023-06-12,10541.42,grocery,credit,10,0,0,0
C00472,49,Female,Lahore,LHR-001,629,0,395459.46,308438.49,3,1,0,0,TXN0003304,2023-06-12,5639.99,online,transfer,8,0,0,0
C00081,61,Male,Karachi,KHI-001,357,3,131727.69,428188.61,1,1,1,0,TXN0000585,2023-06-13,9311.64,grocery,debit,19,1,0,0
C00068,39,Male,Multan,MUL-001,800,0,284926.63,157795.76,3,1,1,0,TXN0000491,2023-06-13,4529.77,grocery,credit,15,1,0,0
C00389,63,Male,Peshawar,PEW-001,763,4,112080.39,245495.4,4,1,0,0,TXN0002705,2023-06-14,18182.93,atm,transfer,10,2,0,0
C00312,69,Female,Karachi,KHI-001,495,1,398694.21,385716.98,3,0,1,1,TXN0002167,2023-06-14,5358.51,grocery,debit,12,2,0,0
C00156,60,Female,Islamabad,ISB-001,538,5,42374.17,394222.7,4,1,0,1,TXN0001117,2023-06-14,2801.86,online,debit,8,2,0,0
C00209,23,Male,Peshawar,PEW-001,805,1,492756.82,367415.59,4,0,0,0,TXN0001449,2023-06-14,12494.68,online,debit,10,2,0,0
C00381,38,Female,Karachi,KHI-001,835,10,64567.69,377802.87,4,0,1,0,TXN0002643,2023-06-14,18938.71,atm,debit,11,2,0,0
C00028,65,Female,Lahore,LHR-001,658,9,313930.26,91052.11,3,1,1,0,TXN0000211,2023-06-14,7270.94,online,credit,19,2,0,0
C00319,69,Female,Quetta,QTA-001,835,2,185525.14,441876.04,3,0,0,1,TXN0002227,2023-06-15,27652.38,grocery,debit,21,3,0,0
C00476,67,Male,Islamabad,ISB-001,460,10,87356.91,543026.51,4,0,1,1,TXN0003320,2023-06-15,2883.48,travel,transfer,10,3,0,0
C00056,68,Male,Lahore,LHR-001,384,1,55943.44,444257.07,1,1,1,1,TXN0000401,2023-06-15,5039.2,electronics,debit,17,3,0,0
C00157,66,Male,Islamabad,ISB-001,835,4,377856.88,248795.24,4,0,0,1,TXN0001123,2023-06-15,12988.84,healthcare,transfer,23,3,0,0
C00089,46,Male,Karachi,KHI-001,523,10,386767.1,385298.57,1,1,1,0,TXN0000650,2023-06-16,6526.37,travel,credit,9,4,0,0
C00252,61,Female,Karachi,KHI-001,727,4,221410.73,378774.2,3,1,1,0,TXN0001757,2023-06-16,21546.16,grocery,debit,17,4,0,0
C00414,43,Male,Karachi,KHI-001,471,8,144288.53,135467.65,4,1,1,0,TXN0002891,2023-06-16,26958.49,online,transfer,19,4,0,0
C00416,63,Female,Quetta,QTA-001,386,5,7515.66,276705.9,1,1,1,0,TXN0002903,2023-06-17,356354.61,atm,debit,15,5,1,1
C00278,56,Male,Lahore,LHR-001,504,4,6158.0,345584.66,3,0,1,0,TXN0001922,2023-06-17,19592.25,online,credit,20,5,1,0
C00447,30,Female,Lahore,LHR-001,658,3,440140.38,567736.73,4,0,0,0,TXN0003134,2023-06-17,9173.35,atm,withdrawal,9,5,1,0
C00437,63,Female,Quetta,QTA-001,627,8,84398.05,75341.06,4,0,0,0,TXN0003061,2023-06-17,8994.75,restaurant,transfer,9,5,1,0
C00367,52,Female,Quetta,QTA-001,824,3,400004.71,397258.04,3,0,0,0,TXN0002546,2023-06-18,7350.55,healthcare,debit,8,6,1,0
C00382,61,Male,Lahore,LHR-001,670,1,28237.95,228847.19,1,1,1,1,TXN0002650,2023-06-18,527944.53,online,debit,17,6,1,1
C00309,54,Male,Lahore,LHR-001,626,3,100336.52,308342.61,2,0,1,0,TXN0002142,2023-06-18,2405.05,atm,transfer,12,6,1,0
C00485,57,Female,Multan,MUL-001,453,4,225749.36,170228.76,2,1,1,1,TXN0003387,2023-06-18,5885.95,atm,debit,1,6,1,0
C00262,51,Male,Islamabad,ISB-001,799,6,272222.18,558377.91,2,1,1,0,TXN0001822,2023-06-18,4539.75,grocery,debit,9,6,1,0
C00234,37,Male,Quetta,QTA-001,687,0,135523.48,410514.12,4,1,0,0,TXN0001629,2023-06-19,739.0,restaurant,debit,3,0,0,0
C00348,67,Male,Karachi,KHI-001,770,9,139485.05,351716.75,1,0,0,0,TXN0002426,2023-06-19,14255.12,atm,debit,9,0,0,0
C00229,55,Female,Karachi,KHI-001,780,0,205597.8,449264.51,2,0,1,0,TXN0001585,2023-06-20,2491.08,online,transfer,16,1,0,0
C00037,24,Female,Quetta,QTA-001,825,3,273710.41,143856.97,4,0,0,0,TXN0000264,2023-06-20,1361.92,grocery,debit,17,1,0,0
C00077,36,Male,Lahore,LHR-001,831,8,309400.38,240368.76,1,0,0,1,TXN0000555,2023-06-20,2503.28,grocery,withdrawal,12,1,0,0
C00266,37,Female,Karachi,KHI-001,615,5,477841.97,217629.6,1,0,1,0,TXN0001843,2023-06-20,18800.23,travel,debit,13,1,0,0
C00263,63,Male,Karachi,KHI-001,656,9,85196.87,285376.51,4,1,1,0,TXN0001829,2023-06-20,6210.81,healthcare,credit,13,1,0,0
C00150,60,Male,Karachi,KHI-001,781,2,269555.67,300855.17,4,0,1,0,TXN0001071,2023-06-22,17430.57,electronics,transfer,11,3,0,0
C00036,65,Male,Peshawar,PEW-001,417,6,118367.57,581806.31,4,1,0,0,TXN0000261,2023-06-22,39050.47,electronics,credit,20,3,0,0
C00013,57,Female,Islamabad,ISB-001,771,2,391849.67,580131.46,1,0,0,1,TXN0000093,2023-06-22,2194.44,restaurant,debit,10,3,0,0
C00395,28,Male,Multan,MUL-001,394,5,248137.24,79161.7,2,0,0,1,TXN0002750,2023-06-22,21375.71,atm,debit,17,3,0,0
C00033,37,Female,Karachi,KHI-001,571,1,198783.64,486206.78,4,0,1,0,TXN0000245,2023-06-22,1174.95,travel,debit,16,3,0,0
C00469,43,Female,Quetta,QTA-001,734,0,199114.85,360903.2,2,1,0,1,TXN0003281,2023-06-22,14944.43,electronics,debit,18,3,0,0
C00294,69,Male,Karachi,KHI-001,660,8,320429.63,177799.01,3,1,0,1,TXN0002029,2023-06-22,257003.48,online,debit,14,3,0,1
C00388,50,Male,Lahore,LHR-001,674,6,316740.07,264665.23,1,1,0,0,TXN0002696,2023-06-23,13242.02,restaurant,credit,15,4,0,0
C00246,40,Male,Karachi,KHI-001,761,4,479520.45,566890.2,3,1,1,0,TXN0001722,2023-06-23,25277.88,online,credit,17,4,0,0
C00026,33,Male,Quetta,QTA-001,491,6,358322.32,129177.61,4,1,1,0,TXN0000196,2023-06-23,2911.64,electronics,debit,8,4,0,0
C00157,66,Male,Islamabad,ISB-001,835,4,377856.88,248795.24,4,0,0,1,TXN0001120,2023-06-23,22826.03,grocery,credit,14,4,0,0
C00288,29,Female,Karachi,KHI-001,430,1,47919.08,514413.72,1,1,0,1,TXN0001992,2023-06-23,26718.61,electronics,debit,19,4,0,0
C00146,47,Male,Quetta,QTA-001,704,7,295789.53,595594.66,4,0,0,1,TXN0001040,2023-06-23,14298.98,travel,debit,16,4,0,0
C00122,44,Female,Multan,MUL-001,710,5,86929.09,316235.03,1,0,1,0,TXN0000868,2023-06-23,19251.08,grocery,credit,15,4,0,0
C00090,66,Male,Multan,MUL-001,396,4,190345.51,383248.74,3,0,1,0,TXN0000657,2023-06-23,3399.33,restaurant,transfer,12,4,0,0
C00047,30,Male,Islamabad,ISB-001,604,3,498857.84,222518.26,4,1,0,1,TXN0000328,2023-06-23,16886.18,online,credit,21,4,0,0
C00266,37,Female,Karachi,KHI-001,615,5,477841.97,217629.6,1,0,1,0,TXN0001849,2023-06-24,20917.5,online,credit,11,5,1,0
C00454,69,Male,Karachi,KHI-001,765,5,379534.72,320645.68,2,1,1,0,TXN0003179,2023-06-24,11994.26,grocery,transfer,23,5,1,0
C00483,42,Female,Islamabad,ISB-001,601,7,495123.44,307811.05,1,0,1,0,TXN0003378,2023-06-25,16030.91,atm,credit,14,6,1,0
C00451,68,Male,Peshawar,PEW-001,736,5,454807.15,361768.93,3,1,1,0,TXN0003159,2023-06-25,9264.7,grocery,debit,13,6,1,0
C00121,69,Female,Lahore,LHR-001,788,4,290927.82,343788.04,4,0,1,0,TXN0000858,2023-06-25,5973.04,online,credit,11,6,1,0
C00398,41,Female,Karachi,KHI-001,504,0,234373.47,371974.72,1,0,1,0,TXN0002770,2023-06-25,17723.93,travel,transfer,9,6,1,0
C00324,51,Male,Lahore,LHR-001,703,5,223310.92,109004.69,3,0,0,0,TXN0002256,2023-06-25,13203.1,grocery,transfer,9,6,1,0
C00079,35,Male,Lahore,LHR-001,829,8,73862.52,587381.18,2,1,1,0,TXN0000569,2023-06-25,3951.53,atm,transfer,8,6,1,0
C00323,67,Female,Lahore,LHR-001,713,10,267481.24,332589.38,2,1,0,0,TXN0002255,2023-06-25,10985.02,atm,debit,19,6,1,0
C00442,49,Male,Karachi,KHI-001,654,4,351000.42,233940.19,2,1,1,0,TXN0003099,2023-06-25,6858.82,grocery,debit,20,6,1,0
C00221,27,Male,Lahore,LHR-001,802,0,450783.29,338057.19,1,0,0,0,TXN0001522,2023-06-26,30659.11,healthcare,transfer,8,0,0,0
C00321,43,Female,Karachi,KHI-001,379,6,243125.63,586966.13,4,0,0,1,TXN0002237,2023-06-26,6033.17,grocery,debit,15,0,0,0
C00422,29,Female,Quetta,QTA-001,483,10,447767.57,254214.72,1,1,1,0,TXN0002954,2023-06-26,10641.2,travel,debit,16,0,0,0
C00415,43,Male,Karachi,KHI-001,474,4,130061.3,269307.6,3,1,1,0,TXN0002898,2023-06-26,5992.08,electronics,transfer,16,0,0,0
C00059,38,Male,Islamabad,ISB-001,843,7,231215.11,573483.24,1,0,1,0,TXN0000421,2023-06-26,15318.43,grocery,debit,10,0,0,0
C00085,39,Male,Islamabad,ISB-001,773,4,459781.51,572867.99,1,0,0,1,TXN0000616,2023-06-26,18262.57,online,debit,13,0,0,0
C00058,35,Female,Islamabad,ISB-001,413,6,192516.67,463953.19,2,0,1,0,TXN0000413,2023-06-27,9838.34,grocery,transfer,11,1,0,0
C00054,65,Male,Lahore,LHR-001,507,2,249520.84,261505.25,2,1,1,1,TXN0000381,2023-06-27,929.48,restaurant,transfer,8,1,0,0
C00263,63,Male,Karachi,KHI-001,656,9,85196.87,285376.51,4,1,1,0,TXN0001827,2023-06-27,1118.25,atm,debit,8,1,0,0
C00471,35,Male,Lahore,LHR-001,796,0,378080.92,362091.48,1,0,1,0,TXN0003293,2023-06-28,5203.33,atm,debit,8,2,0,0
C00369,61,Female,Islamabad,ISB-001,744,5,296334.34,393928.67,2,1,1,0,TXN0002559,2023-06-28,695622.18,atm,withdrawal,12,2,0,1
C00383,54,Male,Quetta,QTA-001,380,9,195124.85,547093.88,2,1,0,0,TXN0002656,2023-06-28,5838.51,restaurant,transfer,15,2,0,0
C00297,46,Male,Lahore,LHR-001,823,7,325099.13,347671.97,4,1,0,0,TXN0002048,2023-06-28,8819.26,restaurant,credit,23,2,0,0
C00437,63,Female,Quetta,QTA-001,627,8,84398.05,75341.06,4,0,0,0,TXN0003057,2023-06-28,1895.5,online,transfer,12,2,0,0
C00009,44,Male,Islamabad,ISB-001,780,1,192718.15,57529.3,3,0,1,0,TXN0000056,2023-06-28,6290.44,travel,credit,19,2,0,0
C00026,33,Male,Quetta,QTA-001,491,6,358322.32,129177.61,4,1,1,0,TXN0000199,2023-06-28,22301.21,online,credit,10,2,0,0
C00001,60,Male,Lahore,LHR-001,555,3,398173.28,502515.63,1,0,0,1,TXN0000007,2023-06-29,3636.28,restaurant,transfer,11,3,0,0
C00267,47,Female,Karachi,KHI-001,747,5,81562.71,526584.35,4,1,0,0,TXN0001855,2023-06-29,4059.84,atm,transfer,23,3,0,0
C00259,46,Male,Karachi,KHI-001,634,7,71825.63,101101.39,2,1,1,0,TXN0001807,2023-06-29,5076.57,online,debit,11,3,0,0
C00156,60,Female,Islamabad,ISB-001,538,5,42374.17,394222.7,4,0,0,1,TXN0001111,2023-06-29,7620.54,online,debit,16,3,0,0
C00071,55,Female,Karachi,KHI-001,550,8,414265.42,567093.0,3,1,1,0,TXN0000525,2023-06-30,675.69,healthcare,credit,13,4,0,0
C00364,39,Male,Karachi,KHI-001,776,7,198856.92,214872.2,4,0,0,0,TXN0002529,2023-06-30,3412.74,travel,debit,20,4,0,0
C00435,37,Male,Islamabad,ISB-001,573,7,126416.34,323829.52,2,1,0,0,TXN0003038,2023-07-01,2292.9,travel,transfer,8,5,1,0
C00476,67,Male,Islamabad,ISB-001,460,10,87356.91,543026.51,4,1,1,1,TXN0003327,2023-07-01,20478.9,online,transfer,14,5,1,0
C00408,55,Male,Karachi,KHI-001,474,1,26966.45,226798.95,3,1,1,0,TXN0002851,2023-07-01,20019.49,healthcare,debit,18,5,1,0
C00209,23,Male,Peshawar,PEW-001,805,1,492756.82,367415.59,4,0,0,0,TXN0001453,2023-07-01,8737.01,electronics,credit,17,5,1,0
C00141,60,Female,Islamabad,ISB-001,798,6,177946.56,261488.5,3,1,0,0,TXN0001006,2023-07-01,7185.74,travel,withdrawal,12,5,1,0
C00115,28,Female,Islamabad,ISB-001,691,8,243014.3,282846.99,2,0,1,0,TXN0000814,2023-07-01,809815.5,healthcare,debit,12,5,1,1
C00485,57,Female,Multan,MUL-001,453,4,225749.36,170228.76,2,1,1,1,TXN0003386,2023-07-01,647793.33,electronics,debit,15,5,1,1
C00455,46,Male,Peshawar,PEW-001,458,2,133050.72,262420.12,4,1,0,0,TXN0003190,2023-07-02,18701.58,grocery,transfer,21,6,1,0
C00194,63,Female,Lahore,LHR-001,541,8,314256.83,435015.93,2,1,1,1,TXN0001355,2023-07-02,2644.38,grocery,withdrawal,17,6,1,0
C00125,56,Male,Karachi,KHI-001,436,0,391345.38,163514.23,1,0,1,0,TXN0000884,2023-07-02,41998.38,electronics,credit,11,6,1,0
C00222,53,Female,Quetta,QTA-001,357,10,347154.82,110415.25,1,0,1,0,TXN0001526,2023-07-02,538230.13,grocery,debit,8,6,1,1
C00314,29,Female,Quetta,QTA-001,448,4,32166.89,415253.78,3,1,1,0,TXN0002189,2023-07-03,26943.36,travel,credit,20,0,0,0
C00213,53,Male,Lahore,LHR-001,794,10,258666.54,424141.93,3,0,1,0,TXN0001477,2023-07-03,14147.57,restaurant,debit,15,0,0,0
C00281,37,Male,Lahore,LHR-001,442,10,56031.4,368754.56,4,1,1,0,TXN0001952,2023-07-04,10144.21,online,transfer,13,1,0,0
C00124,58,Male,Peshawar,PEW-001,421,7,159179.22,265826.36,1,0,1,0,TXN0000882,2023-07-05,3679.0,grocery,debit,13,2,0,0
C00417,27,Male,Karachi,KHI-001,519,3,349378.57,500211.61,2,1,0,0,TXN0002907,2023-07-05,10057.62,grocery,credit,18,2,0,0
C00178,49,Male,Islamabad,ISB-001,582,6,303582.71,534877.42,2,0,0,0,TXN0001258,2023-07-05,4119.64,online,debit,8,2,0,0
C00144,36,Female,Karachi,KHI-001,458,9,191974.34,484055.41,3,1,0,0,TXN0001027,2023-07-05,7310.33,restaurant,debit,15,2,0,0
C00055,29,Female,Karachi,KHI-001,617,3,378544.47,585831.92,3,1,0,0,TXN0000392,2023-07-05,1905.73,grocery,credit,20,2,0,0
C00193,54,Male,Lahore,LHR-001,746,4,455758.88,477802.58,1,0,1,0,TXN0001346,2023-07-05,1631.54,restaurant,debit,12,2,0,0
C00085,39,Male,Islamabad,ISB-001,773,4,459781.51,572867.99,1,1,0,1,TXN0000618,2023-07-05,51603.65,grocery,debit,13,2,0,0
C00004,64,Female,Islamabad,ISB-001,600,1,374257.39,472780.76,3,0,1,0,TXN0000026,2023-07-05,1566.71,healthcare,credit,22,2,0,0
C00398,41,Female,Karachi,KHI-001,504,0,234373.47,371974.72,1,0,1,0,TXN0002769,2023-07-06,16342.23,online,debit,8,3,0,0
C00438,51,Male,Multan,MUL-001,417,6,170334.39,105883.46,4,1,0,0,TXN0003064,2023-07-06,14259.11,electronics,debit,21,3,0,0
C00277,62,Female,Lahore,LHR-001,803,6,43493.85,374031.87,2,1,1,0,TXN0001916,2023-07-07,7225.92,atm,debit,12,4,0,0
C00047,30,Male,Islamabad,ISB-001,604,3,498857.84,222518.26,4,1,0,1,TXN0000333,2023-07-07,5456.55,online,transfer,15,4,0,0
C00360,53,Male,Islamabad,ISB-001,793,0,142246.49,526785.39,3,0,1,0,TXN0002500,2023-07-07,15047.98,restaurant,debit,18,4,0,0
C00349,27,Male,Peshawar,PEW-001,356,1,202152.26,183161.2,4,0,0,0,TXN0002430,2023-07-07,538665.04,grocery,withdrawal,0,4,0,1
C00345,49,Female,Karachi,KHI-001,639,0,23610.4,242032.61,2,1,1,0,TXN0002404,2023-07-07,9314.61,grocery,debit,8,4,0,0
C00494,52,Female,Islamabad,ISB-001,357,8,5509.59,40186.2,3,0,1,0,TXN0003444,2023-07-07,6054.08,atm,transfer,10,4,0,0
C00479,37,Male,Islamabad,ISB-001,833,2,239419.07,573566.62,4,1,0,0,TXN0003345,2023-07-07,1746.38,electronics,transfer,12,4,0,0
C00172,49,Male,Quetta,QTA-001,541,0,286874.54,45057.03,4,0,1,0,TXN0001217,2023-07-08,84620.5,atm,withdrawal,9,5,1,1
C00050,41,Female,Peshawar,PEW-001,826,8,390393.11,591236.79,3,0,0,0,TXN0000359,2023-07-08,26085.03,online,debit,2,5,1,0
C00247,41,Female,Karachi,KHI-001,773,4,96263.61,503029.77,2,0,0,0,TXN0001728,2023-07-08,1293.14,grocery,transfer,9,5,1,0
C00277,62,Female,Lahore,LHR-001,803,6,43493.85,374031.87,2,0,1,0,TXN0001915,2023-07-08,15661.61,electronics,debit,20,5,1,0
C00137,22,Male,Islamabad,ISB-001,485,10,158418.78,344248.29,4,0,0,0,TXN0000982,2023-07-09,396860.76,travel,transfer,16,6,1,1
C00020,65,Male,Quetta,QTA-001,614,9,318710.49,152201.12,3,0,0,0,TXN0000147,2023-07-09,8399.71,grocery,transfer,17,6,1,0
C00115,28,Female,Islamabad,ISB-001,691,8,243014.3,282846.99,2,1,1,0,TXN0000811,2023-07-09,14820.17,electronics,transfer,9,6,1,0
C00208,23,Male,Quetta,QTA-001,421,8,285059.43,97853.02,4,1,0,0,TXN0001441,2023-07-09,19234.03,restaurant,transfer,19,6,1,0
C00165,43,Female,Karachi,KHI-001,729,3,206952.33,364472.34,3,1,0,1,TXN0001169,2023-07-10,6272.19,grocery,transfer,18,0,0,0
C00311,42,Male,Lahore,LHR-001,456,4,213772.52,133145.7,1,0,0,0,TXN0002165,2023-07-10,8390.84,atm,debit,9,0,0,0
C00017,43,Male,Karachi,KHI-001,773,0,413440.67,219615.93,4,0,1,0,TXN0000121,2023-07-10,35927.41,grocery,debit,8,0,0,0
C00116,30,Female,Islamabad,ISB-001,841,1,459635.09,64450.53,1,1,0,1,TXN0000820,2023-07-10,7096.39,travel,transfer,19,0,0,0
C00057,56,Male,Multan,MUL-001,616,0,270558.27,407910.96,1,1,1,0,TXN0000407,2023-07-11,28538.17,electronics,transfer,8,1,0,0
C00143,30,Male,Islamabad,ISB-001,442,1,314363.11,374725.2,4,0,1,0,TXN0001022,2023-07-11,4999.05,atm,debit,11,1,0,0
C00021,51,Male,Karachi,KHI-001,669,10,454393.73,526148.78,3,1,0,1,TXN0000157,2023-07-11,13228.4,online,transfer,9,1,0,0
C00210,49,Male,Islamabad,ISB-001,794,9,238177.4,425396.4,1,0,1,0,TXN0001458,2023-07-11,1414.59,online,debit,8,1,0,0
C00170,27,Female,Karachi,KHI-001,594,1,299549.24,263465.73,4,0,0,1,TXN0001196,2023-07-12,8571.77,online,transfer,15,2,0,0
C00066,25,Female,Karachi,KHI-001,625,2,11040.52,50285.88,2,1,1,1,TXN0000472,2023-07-12,7266.14,travel,credit,21,2,0,0
C00146,47,Male,Quetta,QTA-001,704,7,295789.53,595594.66,4,0,0,1,TXN0001043,2023-07-12,6647.98,grocery,credit,15,2,0,0
C00347,50,Male,Lahore,LHR-001,505,8,292474.82,471169.03,4,0,1,0,TXN0002416,2023-07-13,10496.98,grocery,transfer,17,3,0,0
C00188,27,Female,Karachi,KHI-001,408,3,424823.41,241180.42,4,0,1,0,TXN0001322,2023-07-13,20740.17,grocery,credit,16,3,0,0
C00420,58,Female,Islamabad,ISB-001,384,10,481250.38,589492.37,4,0,0,1,TXN0002942,2023-07-13,864757.72,atm,debit,15,3,0,1
C00059,38,Male,Islamabad,ISB-001,843,7,231215.11,573483.24,1,0,1,0,TXN0000425,2023-07-13,8957.12,restaurant,debit,12,3,0,0
C00298,50,Male,Islamabad,ISB-001,706,6,348121.73,458250.4,3,1,1,0,TXN0002062,2023-07-13,25950.84,restaurant,credit,16,3,0,0
C00233,69,Male,Karachi,KHI-001,689,2,74309.18,182971.65,3,0,0,1,TXN0001614,2023-07-13,52935.96,grocery,credit,15,3,0,0
C00334,54,Female,Lahore,LHR-001,709,1,211665.51,496819.24,1,1,0,0,TXN0002335,2023-07-13,6002.11,atm,transfer,18,3,0,0
C00296,56,Female,Karachi,KHI-001,812,0,452165.09,260844.58,4,0,0,1,TXN0002045,2023-07-13,5916.67,restaurant,debit,13,3,0,0
C00148,34,Male,Karachi,KHI-001,491,6,358459.3,241124.58,3,0,1,0,TXN0001059,2023-07-14,22229.34,grocery,transfer,21,4,0,0
C00418,36,Male,Islamabad,ISB-001,473,9,29147.87,40692.54,2,0,0,0,TXN0002925,2023-07-14,39047.64,online,transfer,20,4,0,0
C00253,60,Female,Karachi,KHI-001,592,8,458179.27,218142.47,1,0,0,0,TXN0001769,2023-07-14,17752.35,electronics,debit,18,4,0,0
C00027,43,Female,Karachi,KHI-001,552,0,450335.39,154072.7,4,1,0,0,TXN0000208,2023-07-14,12910.26,grocery,transfer,15,4,0,0
C00461,26,Female,Islamabad,ISB-001,732,2,191464.2,119115.71,1,1,0,0,TXN0003221,2023-07-14,2680.87,atm,debit,18,4,0,0
C00015,45,Male,Lahore,LHR-001,666,4,376498.45,287687.31,1,1,1,0,TXN0000111,2023-07-14,21002.43,grocery,credit,16,4,0,0
C00241,41,Female,Karachi,KHI-001,769,5,419862.95,470370.84,4,1,1,1,TXN0001679,2023-07-15,10153.47,online,transfer,9,5,1,0
C00363,24,Male,Karachi,KHI-001,768,0,59186.46,139929.74,1,0,1,0,TXN0002524,2023-07-15,6545.28,online,credit,12,5,1,0
C00297,46,Male,Lahore,LHR-001,823,7,325099.13,347671.97,4,0,0,0,TXN0002053,2023-07-15,22766.98,online,debit,20,5,1,0
C00079,35,Male,Lahore,LHR-001,829,8,73862.52,587381.18,2,1,1,0,TXN0000565,2023-07-15,880.05,online,debit,2,5,1,0
C00289,57,Female,Lahore,LHR-001,774,1,479294.54,551972.45,2,0,0,1,TXN0001996,2023-07-15,12960.55,electronics,credit,20,5,1,0
C00347,50,Male,Lahore,LHR-001,505,8,292474.82,471169.03,4,0,1,0,TXN0002415,2023-07-16,3350.15,grocery,credit,21,6,1,0
C00279,40,Female,Quetta,QTA-001,466,4,484011.2,288874.89,3,0,1,0,TXN0001936,2023-07-16,4173.97,grocery,transfer,15,6,1,0
C00246,40,Male,Karachi,KHI-001,761,4,479520.45,566890.2,3,1,1,0,TXN0001719,2023-07-16,6133.38,travel,debit,13,6,1,0
C00317,38,Female,Lahore,LHR-001,422,10,324050.59,365321.95,3,0,0,0,TXN0002211,2023-07-17,2377.77,electronics,credit,12,0,0,0
C00235,54,Female,Islamabad,ISB-001,495,4,136916.7,588033.52,2,1,1,0,TXN0001631,2023-07-17,18906.11,travel,debit,10,0,0,0
C00277,62,Female,Lahore,LHR-001,803,6,43493.85,374031.87,2,0,1,0,TXN0001912,2023-07-17,2003.55,electronics,credit,19,0,0,0
C00100,22,Female,Islamabad,ISB-001,656,9,419557.94,374586.48,2,0,0,0,TXN0000722,2023-07-17,9977.22,atm,credit,19,0,0,0
C00112,60,Female,Quetta,QTA-001,425,6,432441.48,303302.25,4,0,1,0,TXN0000790,2023-07-17,16879.26,electronics,debit,11,0,0,0
C00139,47,Female,Islamabad,ISB-001,729,9,216260.51,369312.69,4,0,0,0,TXN0000990,2023-07-18,6829.24,travel,withdrawal,13,1,0,0
C00326,59,Female,Karachi,KHI-001,800,3,288351.74,487877.41,1,0,0,0,TXN0002277,2023-07-18,23780.02,travel,credit,1,1,0,0
C00035,68,Male,Islamabad,ISB-001,545,8,37976.46,550628.18,1,1,1,0,TXN0000255,2023-07-18,7014.59,electronics,debit,16,1,0,0
C00361,44,Male,Islamabad,ISB-001,751,9,455617.86,304819.5,1,1,0,0,TXN0002505,2023-07-18,6991.65,atm,credit,14,1,0,0
C00164,28,Male,Lahore,LHR-001,753,4,434161.91,372034.3,1,1,1,0,TXN0001160,2023-07-18,51414.37,restaurant,debit,14,1,0,0
C00226,59,Male,Lahore,LHR-001,692,5,408451.94,450423.39,2,1,0,1,TXN0001565,2023-07-18,41381.36,online,debit,23,1,0,0
C00144,36,Female,Karachi,KHI-001,458,9,191974.34,484055.41,3,0,0,0,TXN0001028,2023-07-19,7149.63,online,debit,10,2,0,0
C00143,30,Male,Islamabad,ISB-001,442,1,314363.11,374725.2,4,1,1,0,TXN0001025,2023-07-19,41792.78,grocery,debit,15,2,0,0
C00239,50,Male,Lahore,LHR-001,510,4,249665.56,505291.23,4,1,0,0,TXN0001661,2023-07-19,797.62,electronics,debit,17,2,0,0
C00034,36,Female,Islamabad,ISB-001,390,2,268269.45,204734.07,4,0,0,1,TXN0000248,2023-07-20,7248.43,restaurant,debit,18,3,0,0
C00069,47,Female,Karachi,KHI-001,521,0,359508.64,233769.28,1,1,1,0,TXN0000499,2023-07-20,16959.89,travel,credit,9,3,0,0
C00015,45,Male,Lahore,LHR-001,666,4,376498.45,287687.31,1,1,1,0,TXN0000108,2023-07-20,14008.85,atm,debit,15,3,0,0
C00370,67,Male,Islamabad,ISB-001,654,9,491253.6,72734.58,1,0,1,0,TXN0002566,2023-07-20,4402.4,grocery,credit,14,3,0,0
C00110,26,Female,Multan,MUL-001,609,0,61562.31,384815.53,1,0,1,0,TXN0000779,2023-07-20,1351.55,grocery,debit,16,3,0,0
C00028,65,Female,Lahore,LHR-001,658,9,313930.26,91052.11,3,1,1,0,TXN0000212,2023-07-20,9999.21,online,transfer,12,3,0,0
C00135,35,Male,Karachi,KHI-001,567,5,96309.12,469925.38,4,1,0,0,TXN0000965,2023-07-20,6922.4,atm,debit,21,3,0,0
C00243,40,Male,Karachi,KHI-001,834,4,386601.13,485485.81,4,1,1,0,TXN0001696,2023-07-20,2431.73,restaurant,transfer,11,3,0,0
C00285,54,Female,Lahore,LHR-001,699,1,396056.71,320249.37,1,0,1,0,TXN0001972,2023-07-21,1235.38,grocery,transfer,21,4,0,0
C00236,30,Female,Peshawar,PEW-001,799,6,367431.37,249606.19,2,0,0,0,TXN0001644,2023-07-22,1548.46,restaurant,transfer,16,5,1,0
C00225,38,Female,Lahore,LHR-001,523,8,267182.53,566299.08,3,0,1,0,TXN0001556,2023-07-22,1063.01,grocery,transfer,14,5,1,0
C00182,22,Male,Karachi,KHI-001,654,7,74835.52,414858.62,3,1,1,0,TXN0001285,2023-07-22,434525.15,grocery,debit,17,5,1,1
C00471,35,Male,Lahore,LHR-001,796,0,378080.92,362091.48,1,1,1,0,TXN0003292,2023-07-23,9040.46,travel,debit,14,6,1,0
C00500,66,Male,Karachi,KHI-001,723,6,265876.93,147398.18,3,1,0,0,TXN0003489,2023-07-23,24704.0,restaurant,transfer,9,6,1,0
C00353,45,Female,Peshawar,PEW-001,670,8,367474.54,415997.81,4,1,0,0,TXN0002458,2023-07-23,3694.02,grocery,debit,21,6,1,0
C00274,58,Male,Islamabad,ISB-001,377,10,301151.6,355525.8,3,1,1,1,TXN0001897,2023-07-23,1480.93,grocery,withdrawal,21,6,1,0
C00027,43,Female,Karachi,KHI-001,552,0,450335.39,154072.7,4,1,0,0,TXN0000204,2023-07-23,33833.78,atm,credit,21,6,1,0
C00449,22,Male,Karachi,KHI-001,692,3,410873.72,130587.96,3,1,0,0,TXN0003144,2023-07-24,11793.59,travel,withdrawal,16,0,0,0
C00391,56,Female,Peshawar,PEW-001,693,6,300650.67,385607.24,4,0,1,0,TXN0002722,2023-07-24,17263.61,online,debit,8,0,0,0
C00319,69,Female,Quetta,QTA-001,835,2,185525.14,441876.04,3,0,0,1,TXN0002218,2023-07-24,15043.0,atm,debit,14,0,0,0
C00254,39,Male,Karachi,KHI-001,492,0,362158.77,525205.65,1,0,0,1,TXN0001780,2023-07-25,14946.05,grocery,withdrawal,14,1,0,0
C00324,51,Male,Lahore,LHR-001,703,5,223310.92,109004.69,3,1,0,0,TXN0002258,2023-07-25,6295.49,restaurant,credit,2,1,0,0
C00165,43,Female,Karachi,KHI-001,729,3,206952.33,364472.34,3,0,0,1,TXN0001166,2023-07-25,2668.55,restaurant,withdrawal,12,1,0,0
C00241,41,Female,Karachi,KHI-001,769,5,419862.95,470370.84,4,0,1,1,TXN0001678,2023-07-25,11837.81,online,withdrawal,16,1,0,0
C00084,66,Female,Karachi,KHI-001,780,4,55595.27,415415.86,2,1,1,0,TXN0000609,2023-07-25,5888.68,online,withdrawal,13,1,0,0
C00220,53,Male,Peshawar,PEW-001,599,1,70476.72,231885.95,2,1,0,1,TXN0001515,2023-07-25,1352.81,grocery,transfer,15,1,0,0
C00368,24,Male,Peshawar,PEW-001,475,7,133196.41,183854.95,3,1,0,1,TXN0002551,2023-07-25,16646.9,restaurant,transfer,16,1,0,0
C00369,61,Female,Islamabad,ISB-001,744,5,296334.34,393928.67,2,1,1,0,TXN0002563,2023-07-26,7197.64,online,debit,15,2,0,0
C00064,27,Male,Karachi,KHI-001,674,6,207432.81,97563.75,3,0,1,0,TXN0000460,2023-07-26,1296.92,electronics,withdrawal,8,2,0,0
C00470,50,Male,Quetta,QTA-001,441,3,93851.18,562329.21,3,0,1,0,TXN0003284,2023-07-26,15692.58,travel,transfer,16,2,0,0
C00061,61,Female,Karachi,KHI-001,818,4,253632.73,445599.77,3,0,0,1,TXN0000438,2023-07-26,832562.09,online,transfer,13,2,0,1
C00023,23,Female,Islamabad,ISB-001,725,2,296211.8,355140.16,4,1,0,0,TXN0000171,2023-07-26,6733.32,restaurant,debit,11,2,0,0
C00461,26,Female,Islamabad,ISB-001,732,2,191464.2,119115.71,1,0,0,0,TXN0003223,2023-07-27,7260.4,grocery,credit,8,3,0,0
C00216,40,Male,Lahore,LHR-001,650,7,204262.27,584934.74,1,1,1,0,TXN0001488,2023-07-27,523554.25,online,withdrawal,21,3,0,1
C00219,47,Male,Peshawar,PEW-001,825,0,213743.45,332168.83,4,0,1,1,TXN0001511,2023-07-27,634148.59,atm,transfer,12,3,0,1
C00480,47,Female,Karachi,KHI-001,784,0,33670.63,502112.43,3,0,0,1,TXN0003358,2023-07-27,31343.28,atm,transfer,10,3,0,0
C00264,56,Female,Karachi,KHI-001,680,9,421557.18,544770.36,2,1,1,0,TXN0001836,2023-07-27,7006.07,atm,credit,0,3,0,0
C00031,63,Female,Islamabad,ISB-001,792,9,290855.7,336998.46,1,0,0,1,TXN0000233,2023-07-27,10931.63,grocery,transfer,20,3,0,0
C00323,67,Female,Lahore,LHR-001,713,10,267481.24,332589.38,2,1,0,0,TXN0002254,2023-07-27,1630.99,restaurant,credit,10,3,0,0
C00476,67,Male,Islamabad,ISB-001,460,10,87356.91,543026.51,4,0,1,1,TXN0003321,2023-07-28,358763.84,atm,transfer,20,4,0,1
C00051,49,Female,Karachi,KHI-001,411,7,75848.35,123765.16,3,0,1,0,TXN0000369,2023-07-28,2287.54,online,transfer,19,4,0,0
C00291,61,Male,Karachi,KHI-001,768,2,321279.95,100994.27,2,1,0,1,TXN0002012,2023-07-28,7315.99,online,transfer,16,4,0,0
C00485,57,Female,Multan,MUL-001,453,4,225749.36,170228.76,2,0,1,1,TXN0003388,2023-07-29,215089.6,travel,withdrawal,18,5,1,1
C00303,56,Female,Islamabad,ISB-001,572,3,499679.98,542160.0,1,0,1,0,TXN0002101,2023-07-29,17279.81,electronics,debit,21,5,1,0
C00378,63,Male,Karachi,KHI-001,465,6,419723.74,48859.81,2,1,0,0,TXN0002618,2023-07-29,236284.05,grocery,transfer,21,5,1,1
C00126,65,Female,Islamabad,ISB-001,771,5,142405.65,274303.88,1,1,0,0,TXN0000898,2023-07-29,12220.08,grocery,transfer,18,5,1,0
C00125,56,Male,Karachi,KHI-001,436,0,391345.38,163514.23,1,0,1,0,TXN0000893,2023-07-29,2494.26,grocery,debit,16,5,1,0
C00231,43,Male,Islamabad,ISB-001,526,1,361500.28,171354.32,4,1,1,0,TXN0001602,2023-07-30,5929.53,online,debit,20,6,1,0
C00337,54,Female,Lahore,LHR-001,509,2,5117.57,102890.43,4,1,0,0,TXN0002357,2023-07-30,4098.81,grocery,debit,16,6,1,0
C00039,28,Female,Islamabad,ISB-001,351,4,169743.81,40689.83,2,1,1,0,TXN0000272,2023-07-31,1482.68,atm,credit,8,0,0,0
C00416,63,Female,Quetta,QTA-001,386,5,7515.66,276705.9,1,1,1,0,TXN0002901,2023-07-31,51642.22,online,withdrawal,19,0,0,0
C00027,43,Female,Karachi,KHI-001,552,0,450335.39,154072.7,4,0,0,0,TXN0000206,2023-07-31,497491.04,atm,transfer,13,0,0,1
C00424,65,Female,Lahore,LHR-001,623,4,35450.93,585532.19,4,1,1,0,TXN0002968,2023-07-31,33800.09,grocery,debit,13,0,0,0
C00237,27,Male,Quetta,QTA-001,673,5,129111.68,49808.95,1,1,1,0,TXN0001649,2023-08-01,6476.14,healthcare,debit,15,1,0,0
C00483,42,Female,Islamabad,ISB-001,601,7,495123.44,307811.05,1,1,1,0,TXN0003374,2023-08-01,3151.97,online,transfer,8,1,0,0
C00221,27,Male,Lahore,LHR-001,802,0,450783.29,338057.19,1,0,0,0,TXN0001518,2023-08-01,5926.64,travel,debit,14,1,0,0
C00325,59,Male,Multan,MUL-001,637,7,205220.3,521272.84,1,0,1,1,TXN0002271,2023-08-01,19894.36,online,transfer,18,1,0,0
C00240,24,Male,Islamabad,ISB-001,476,4,288780.72,524180.95,3,0,1,0,TXN0001671,2023-08-01,60689.28,online,withdrawal,8,1,0,0
C00130,56,Male,Lahore,LHR-001,559,8,487892.95,578037.11,1,0,1,0,TXN0000927,2023-08-01,33616.15,restaurant,withdrawal,19,1,0,0
C00335,49,Male,Karachi,KHI-001,424,9,233661.71,249165.42,2,1,1,0,TXN0002338,2023-08-01,3323.05,online,debit,11,1,0,0
C00451,68,Male,Peshawar,PEW-001,736,5,454807.15,361768.93,3,1,1,0,TXN0003163,2023-08-02,13879.05,online,debit,15,2,0,0
C00098,30,Male,Multan,MUL-001,581,9,86932.65,410059.27,3,1,1,0,TXN0000706,2023-08-02,35138.14,atm,debit,13,2,0,0
C00058,35,Female,Islamabad,ISB-001,413,6,192516.67,463953.19,2,0,1,0,TXN0000414,2023-08-02,12830.36,online,debit,8,2,0,0
C00233,69,Male,Karachi,KHI-001,689,2,74309.18,182971.65,3,1,0,1,TXN0001622,2023-08-02,9929.72,travel,transfer,15,2,0,0
C00235,54,Female,Islamabad,ISB-001,495,4,136916.7,588033.52,2,0,1,0,TXN0001636,2023-08-02,11978.79,grocery,debit,11,2,0,0
C00077,36,Male,Lahore,LHR-001,831,8,309400.38,240368.76,1,0,0,1,TXN0000559,2023-08-02,836509.37,atm,transfer,16,2,0,1
C00447,30,Female,Lahore,LHR-001,658,3,440140.38,567736.73,4,1,0,0,TXN0003131,2023-08-02,11582.42,electronics,debit,20,2,0,0
C00285,54,Female,Lahore,LHR-001,699,1,396056.71,320249.37,1,1,1,0,TXN0001971,2023-08-02,7238.21,travel,transfer,8,2,0,0
C00423,65,Female,Quetta,QTA-001,545,5,495780.29,107104.24,1,0,0,0,TXN0002963,2023-08-03,10806.76,grocery,transfer,13,3,0,0
C00474,68,Female,Multan,MUL-001,832,5,386572.78,379567.73,2,0,1,0,TXN0003310,2023-08-03,2733.78,atm,debit,1,3,0,0
C00409,23,Female,Karachi,KHI-001,748,7,426835.8,365066.0,2,0,0,0,TXN0002857,2023-08-03,14369.03,healthcare,withdrawal,12,3,0,0
C00012,45,Female,Karachi,KHI-001,469,0,28806.85,520121.65,3,0,0,0,TXN0000081,2023-08-03,20285.5,online,transfer,10,3,0,0
C00485,57,Female,Multan,MUL-001,453,4,225749.36,170228.76,2,0,1,1,TXN0003385,2023-08-03,18290.32,electronics,credit,21,3,0,0
C00315,28,Female,Lahore,LHR-001,778,1,230296.12,560579.29,2,0,0,0,TXN0002197,2023-08-04,8491.26,electronics,withdrawal,12,4,0,0
C00023,23,Female,Islamabad,ISB-001,725,2,296211.8,355140.16,4,0,0,0,TXN0000178,2023-08-04,8360.05,atm,debit,10,4,0,0
C00025,54,Male,Karachi,KHI-001,438,2,228714.56,344210.37,1,0,0,0,TXN0000194,2023-08-04,2742.64,online,debit,10,4,0,0
C00441,40,Male,Lahore,LHR-001,838,7,57387.88,253309.33,4,1,0,1,TXN0003090,2023-08-05,17890.15,electronics,debit,15,5,1,0
C00116,30,Female,Islamabad,ISB-001,841,1,459635.09,64450.53,1,0,0,1,TXN0000822,2023-08-05,19462.08,healthcare,transfer,21,5,1,0
C00447,30,Female,Lahore,LHR-001,658,3,440140.38,567736.73,4,1,0,0,TXN0003133,2023-08-05,4608.5,online,credit,1,5,1,0
C00430,53,Male,Islamabad,ISB-001,780,5,274170.56,92040.32,2,1,1,0,TXN0003012,2023-08-05,8043.44,atm,debit,21,5,1,0
C00435,37,Male,Islamabad,ISB-001,573,7,126416.34,323829.52,2,1,0,0,TXN0003043,2023-08-05,7171.79,electronics,debit,11,5,1,0
C00332,42,Female,Multan,MUL-001,412,2,216274.44,277735.36,3,0,0,0,TXN0002324,2023-08-06,6728.67,grocery,transfer,17,6,1,0
C00024,42,Male,Lahore,LHR-001,657,1,343076.12,304058.18,4,1,0,0,TXN0000181,2023-08-06,388199.02,grocery,debit,20,6,1,1
C00005,29,Male,Lahore,LHR-001,473,0,207216.56,168830.06,2,0,0,0,TXN0000033,2023-08-06,11070.73,grocery,debit,16,6,1,0
C00402,37,Female,Islamabad,ISB-001,824,9,447986.11,146581.92,1,0,0,1,TXN0002801,2023-08-06,11060.96,grocery,debit,16,6,1,0
C00105,38,Male,Islamabad,ISB-001,481,10,192756.32,285620.04,4,0,0,0,TXN0000751,2023-08-06,1078.18,healthcare,transfer,2,6,1,0
C00174,65,Female,Lahore,LHR-001,455,4,280577.18,375279.83,1,1,1,0,TXN0001228,2023-08-06,6162.14,healthcare,debit,12,6,1,0
C00007,60,Male,Peshawar,PEW-001,470,3,495510.09,526110.42,3,0,1,0,TXN0000043,2023-08-06,1224.2,grocery,transfer,19,6,1,0
C00023,23,Female,Islamabad,ISB-001,725,2,296211.8,355140.16,4,1,0,0,TXN0000174,2023-08-07,24580.65,online,debit,14,0,0,0
C00331,55,Female,Lahore,LHR-001,390,2,262483.21,553941.39,2,1,1,0,TXN0002315,2023-08-07,17965.64,online,credit,2,0,0,0
C00437,63,Female,Quetta,QTA-001,627,8,84398.05,75341.06,4,0,0,0,TXN0003055,2023-08-07,11138.87,atm,debit,8,0,0,0
C00120,54,Female,Karachi,KHI-001,696,4,127872.09,226096.19,1,1,1,0,TXN0000843,2023-08-07,700863.48,online,debit,18,0,0,1
C00336,68,Female,Lahore,LHR-001,397,2,495218.95,334839.55,3,1,0,0,TXN0002347,2023-08-07,8851.12,electronics,credit,19,0,0,0
C00166,49,Female,Islamabad,ISB-001,702,2,278102.68,411067.92,3,0,0,0,TXN0001178,2023-08-08,42604.54,grocery,transfer,21,1,0,0
C00436,34,Male,Peshawar,PEW-001,845,6,82883.63,129210.25,3,1,0,0,TXN0003050,2023-08-08,49127.67,grocery,credit,10,1,0,0
C00320,33,Female,Karachi,KHI-001,471,8,282535.21,263946.92,4,1,0,0,TXN0002232,2023-08-08,707959.35,online,withdrawal,16,1,0,1
C00395,28,Male,Multan,MUL-001,394,5,248137.24,79161.7,2,0,0,1,TXN0002756,2023-08-08,2947.28,atm,debit,14,1,0,0
C00450,22,Male,Karachi,KHI-001,784,5,118169.45,480314.54,1,0,0,0,TXN0003151,2023-08-08,7205.13,healthcare,debit,18,1,0,0
C00022,59,Male,Peshawar,PEW-001,510,1,161517.31,440357.46,4,0,0,0,TXN0000165,2023-08-08,35133.68,travel,debit,12,1,0,0
C00320,33,Female,Karachi,KHI-001,471,8,282535.21,263946.92,4,1,0,0,TXN0002230,2023-08-09,3726.5,grocery,transfer,16,2,0,0
C00492,57,Male,Karachi,KHI-001,836,0,410298.89,195541.47,4,1,0,1,TXN0003430,2023-08-09,1757.47,online,transfer,15,2,0,0
C00063,23,Male,Peshawar,PEW-001,498,6,245746.95,121716.36,2,0,1,0,TXN0000451,2023-08-09,5544.03,restaurant,credit,15,2,0,0
C00242,57,Male,Islamabad,ISB-001,431,2,205168.84,103341.5,4,1,0,0,TXN0001691,2023-08-09,5248.91,atm,credit,14,2,0,0
C00466,47,Male,Lahore,LHR-001,708,3,14121.72,126123.04,4,1,1,0,TXN0003259,2023-08-09,11536.57,online,withdrawal,11,2,0,0
C00028,65,Female,Lahore,LHR-001,658,9,313930.26,91052.11,3,0,1,0,TXN0000210,2023-08-10,23409.53,atm,withdrawal,10,3,0,0
C00393,45,Female,Islamabad,ISB-001,416,0,133815.52,505843.34,3,0,0,0,TXN0002742,2023-08-10,549.13,grocery,debit,13,3,0,0
C00165,43,Female,Karachi,KHI-001,729,3,206952.33,364472.34,3,1,0,1,TXN0001176,2023-08-10,2049.54,online,withdrawal,19,3,0,0
C00434,61,Male,Lahore,LHR-001,458,10,434739.6,380752.39,4,1,1,0,TXN0003035,2023-08-10,614.96,grocery,credit,15,3,0,0
C00282,24,Female,Karachi,KHI-001,515,2,160725.3,134328.86,1,1,1,0,TXN0001961,2023-08-10,1011.44,grocery,credit,20,3,0,0
C00461,26,Female,Islamabad,ISB-001,732,2,191464.2,119115.71,1,1,0,0,TXN0003227,2023-08-10,98544.68,online,transfer,16,3,0,1
C00379,23,Female,Lahore,LHR-001,789,2,119131.75,231010.41,2,1,1,0,TXN0002629,2023-08-10,45077.12,travel,transfer,17,3,0,0
C00367,52,Female,Quetta,QTA-001,824,3,400004.71,397258.04,3,1,0,0,TXN0002547,2023-08-11,10784.88,healthcare,debit,21,4,0,0
C00152,25,Female,Karachi,KHI-001,689,0,251020.91,172043.57,4,1,1,0,TXN0001085,2023-08-11,16634.66,atm,debit,19,4,0,0
C00294,69,Male,Karachi,KHI-001,660,8,320429.63,177799.01,3,1,0,1,TXN0002033,2023-08-12,766658.01,online,credit,21,5,1,1
C00013,57,Female,Islamabad,ISB-001,771,2,391849.67,580131.46,1,1,0,1,TXN0000092,2023-08-12,5284.66,restaurant,debit,18,5,1,0
C00403,35,Female,Karachi,KHI-001,583,2,430762.77,69309.77,4,0,1,0,TXN0002812,2023-08-12,4558.02,grocery,transfer,11,5,1,0
C00030,48,Male,Quetta,QTA-001,838,9,222178.61,294068.44,1,1,0,0,TXN0000227,2023-08-13,570099.52,grocery,transfer,12,6,1,1
C00432,68,Female,Karachi,KHI-001,849,6,368285.41,481225.11,4,0,0,0,TXN0003022,2023-08-13,20840.8,electronics,credit,9,6,1,0
C00006,42,Female,Karachi,KHI-001,724,10,466804.34,113547.67,1,0,0,0,TXN0000035,2023-08-13,27390.57,healthcare,credit,8,6,1,0
C00157,66,Male,Islamabad,ISB-001,835,4,377856.88,248795.24,4,0,0,1,TXN0001119,2023-08-14,1100.65,grocery,withdrawal,21,0,0,0
C00218,65,Male,Lahore,LHR-001,452,5,324301.81,182365.76,2,0,1,0,TXN0001501,2023-08-14,22263.56,online,transfer,19,0,0,0
C00053,28,Male,Islamabad,ISB-001,781,0,358461.72,421055.71,2,1,1,0,TXN0000377,2023-08-14,3295.15,travel,debit,17,0,0,0
C00438,51,Male,Multan,MUL-001,417,6,170334.39,105883.46,4,0,0,0,TXN0003062,2023-08-14,27058.41,electronics,credit,21,0,0,0
C00295,46,Male,Peshawar,PEW-001,650,5,490385.52,306949.47,3,0,1,0,TXN0002035,2023-08-15,23313.58,online,transfer,11,1,0,0
C00340,40,Female,Lahore,LHR-001,449,1,466632.01,328498.1,4,0,0,1,TXN0002381,2023-08-15,3361.8,restaurant,debit,19,1,0,0
C00255,61,Male,Karachi,KHI-001,390,2,307150.31,596268.68,4,0,0,1,TXN0001786,2023-08-15,12542.86,restaurant,transfer,12,1,0,0
C00448,33,Female,Islamabad,ISB-001,728,10,7546.86,529068.53,4,1,0,1,TXN0003141,2023-08-15,260911.6,atm,transfer,14,1,0,1
C00077,36,Male,Lahore,LHR-001,831,8,309400.38,240368.76,1,0,0,1,TXN0000557,2023-08-15,22388.05,atm,credit,20,1,0,0
C00057,56,Male,Multan,MUL-001,616,0,270558.27,407910.96,1,1,1,0,TXN0000412,2023-08-15,318101.93,online,debit,8,1,0,1
C00374,43,Female,Karachi,KHI-001,674,9,494646.53,418471.1,4,0,1,0,TXN0002594,2023-08-16,1449.16,electronics,debit,12,2,0,0
C00401,67,Female,Karachi,KHI-001,797,3,22258.25,295840.84,3,0,1,0,TXN0002788,2023-08-16,23111.93,electronics,debit,12,2,0,0
C00197,36,Male,Quetta,QTA-001,496,5,184714.31,352558.54,4,0,1,0,TXN0001366,2023-08-16,223919.39,online,transfer,11,2,0,1
C00114,49,Male,Islamabad,ISB-001,416,9,235521.56,528226.36,2,0,1,0,TXN0000801,2023-08-16,21892.94,travel,credit,15,2,0,0
C00069,47,Female,Karachi,KHI-001,521,0,359508.64,233769.28,1,0,1,0,TXN0000504,2023-08-17,5421.82,atm,debit,20,3,0,0
C00027,43,Female,Karachi,KHI-001,552,0,450335.39,154072.7,4,0,0,0,TXN0000209,2023-08-17,2823.38,healthcare,transfer,16,3,0,0
C00310,35,Male,Peshawar,PEW-001,787,7,62064.6,148952.66,1,0,1,0,TXN0002155,2023-08-18,11877.09,electronics,credit,15,4,0,0
C00246,40,Male,Karachi,KHI-001,761,4,479520.45,566890.2,3,1,1,0,TXN0001717,2023-08-18,2085.39,travel,debit,14,4,0,0
C00214,54,Male,Karachi,KHI-001,589,4,372135.04,49732.68,2,1,1,0,TXN0001480,2023-08-18,12043.59,online,transfer,8,4,0,0
C00007,60,Male,Peshawar,PEW-001,470,3,495510.09,526110.42,3,0,1,0,TXN0000047,2023-08-18,34438.27,restaurant,transfer,19,4,0,0
C00346,51,Female,Islamabad,ISB-001,789,4,242491.76,547299.02,4,1,1,0,TXN0002408,2023-08-18,6514.63,online,transfer,12,4,0,0
C00061,61,Female,Karachi,KHI-001,818,4,253632.73,445599.77,3,1,0,1,TXN0000442,2023-08-18,7425.89,grocery,transfer,9,4,0,0
C00107,56,Female,Multan,MUL-001,804,8,106762.01,372236.04,2,0,1,1,TXN0000764,2023-08-19,1844.0,healthcare,transfer,12,5,1,0
C00384,30,Female,Lahore,LHR-001,737,5,23182.31,472668.73,2,0,0,0,TXN0002664,2023-08-19,2288.71,restaurant,debit,10,5,1,0
C00044,25,Male,Lahore,LHR-001,774,8,250234.7,166302.48,4,0,1,0,TXN0000311,2023-08-19,5682.51,online,debit,15,5,1,0
C00365,46,Male,Quetta,QTA-001,844,0,66596.59,168937.85,2,0,1,0,TXN0002541,2023-08-19,6950.84,atm,credit,11,5,1,0
C00021,51,Male,Karachi,KHI-001,669,10,454393.73,526148.78,3,1,0,1,TXN0000158,2023-08-19,24850.19,electronics,credit,19,5,1,0
C00034,36,Female,Islamabad,ISB-001,390,2,268269.45,204734.07,4,0,0,1,TXN0000251,2023-08-19,27910.63,electronics,credit,20,5,1,0
C00457,66,Female,Islamabad,ISB-001,599,1,46628.62,391652.03,4,0,1,0,TXN0003205,2023-08-19,1425.52,online,debit,0,5,1,0
C00442,49,Male,Karachi,KHI-001,654,4,351000.42,233940.19,2,1,1,0,TXN0003093,2023-08-21,2134.94,grocery,debit,10,0,0,0
C00043,39,Male,Lahore,LHR-001,435,3,439921.41,352711.1,1,1,1,0,TXN0000307,2023-08-21,3810.06,online,debit,8,0,0,0
C00269,23,Female,Islamabad,ISB-001,400,10,239747.47,206246.79,3,1,1,0,TXN0001870,2023-08-21,85330.94,online,credit,11,0,0,1
C00467,37,Female,Karachi,KHI-001,673,2,218959.19,165224.08,1,1,1,0,TXN0003262,2023-08-21,2808.29,atm,transfer,17,0,0,0
C00286,45,Male,Karachi,KHI-001,645,5,346827.32,343723.65,1,1,0,1,TXN0001980,2023-08-21,5038.45,electronics,debit,20,0,0,0
C00072,31,Female,Multan,MUL-001,794,5,479742.02,80553.11,2,0,1,0,TXN0000532,2023-08-21,3780.98,electronics,credit,19,0,0,0
C00130,56,Male,Lahore,LHR-001,559,8,487892.95,578037.11,1,1,1,0,TXN0000928,2023-08-21,9787.59,travel,withdrawal,19,0,0,0
C00284,45,Male,Karachi,KHI-001,749,5,481238.9,465232.82,2,0,0,0,TXN0001968,2023-08-21,2684.48,atm,transfer,21,0,0,0
C00427,25,Male,Peshawar,PEW-001,634,4,453724.29,470415.89,3,0,1,0,TXN0002987,2023-08-21,7335.95,restaurant,credit,16,0,0,0
C00227,45,Female,Multan,MUL-001,507,10,251554.92,130933.86,3,1,0,0,TXN0001572,2023-08-21,11604.04,travel,transfer,16,0,0,0
C00312,69,Female,Karachi,KHI-001,495,1,398694.21,385716.98,3,0,1,1,TXN0002169,2023-08-22,3245.14,travel,transfer,16,1,0,0
C00136,24,Male,Lahore,LHR-001,632,6,153299.98,322713.13,4,0,1,0,TXN0000968,2023-08-22,48500.09,restaurant,debit,10,1,0,0
C00121,69,Female,Lahore,LHR-001,788,4,290927.82,343788.04,4,1,1,0,TXN0000852,2023-08-22,592515.95,online,debit,8,1,0,1
C00092,50,Female,Karachi,KHI-001,710,4,43273.93,563713.02,4,0,0,0,TXN0000668,2023-08-22,16311.88,online,credit,20,1,0,0
C00177,32,Female,Quetta,QTA-001,731,2,494420.75,171417.46,4,1,1,0,TXN0001256,2023-08-23,10970.77,online,credit,14,2,0,0
C00232,32,Female,Lahore,LHR-001,524,8,57756.47,579474.23,4,0,1,0,TXN0001609,2023-08-23,7538.13,atm,debit,20,2,0,0
C00129,48,Male,Karachi,KHI-001,502,6,260010.97,137548.27,4,0,0,0,TXN0000919,2023-08-23,12747.06,online,credit,14,2,0,0
C00060,57,Female,Islamabad,ISB-001,399,6,303959.15,548378.45,2,1,1,0,TXN0000434,2023-08-23,103116.9,online,debit,14,2,0,1
C00380,47,Male,Karachi,KHI-001,553,6,416168.05,498475.95,2,0,1,0,TXN0002636,2023-08-23,747920.31,atm,debit,18,2,0,1
C00015,45,Male,Lahore,LHR-001,666,4,376498.45,287687.31,1,0,1,0,TXN0000110,2023-08-23,23883.54,electronics,credit,13,2,0,0
C00286,45,Male,Karachi,KHI-001,645,5,346827.32,343723.65,1,1,0,1,TXN0001976,2023-08-23,9293.83,grocery,debit,19,2,0,0
C00028,65,Female,Lahore,LHR-001,658,9,313930.26,91052.11,3,0,1,0,TXN0000214,2023-08-24,2643.12,online,debit,16,3,0,0
C00435,37,Male,Islamabad,ISB-001,573,7,126416.34,323829.52,2,0,0,0,TXN0003045,2023-08-24,22644.2,travel,debit,12,3,0,0
C00007,60,Male,Peshawar,PEW-001,470,3,495510.09,526110.42,3,0,1,0,TXN0000048,2023-08-24,6738.86,grocery,transfer,17,3,0,0
C00347,50,Male,Lahore,LHR-001,505,8,292474.82,471169.03,4,0,1,0,TXN0002414,2023-08-24,4685.45,online,transfer,9,3,0,0
C00128,43,Male,Karachi,KHI-001,563,0,110276.99,510653.35,4,1,1,0,TXN0000909,2023-08-24,14132.15,atm,transfer,13,3,0,0
C00094,66,Male,Islamabad,ISB-001,375,8,421017.62,390170.61,3,1,1,0,TXN0000684,2023-08-24,5459.43,online,debit,14,3,0,0
C00422,29,Female,Quetta,QTA-001,483,10,447767.57,254214.72,1,1,1,0,TXN0002955,2023-08-25,17022.83,grocery,debit,14,4,0,0
C00394,34,Female,Karachi,KHI-001,424,6,260047.72,414977.47,3,0,0,0,TXN0002746,2023-08-25,28333.58,online,transfer,8,4,0,0
C00244,47,Male,Islamabad,ISB-001,496,6,213907.85,554459.57,4,0,1,0,TXN0001705,2023-08-25,31341.82,atm,credit,16,4,0,0
C00050,41,Female,Peshawar,PEW-001,826,8,390393.11,591236.79,3,1,0,0,TXN0000360,2023-08-25,1988.94,atm,debit,14,4,0,0
C00208,23,Male,Quetta,QTA-001,421,8,285059.43,97853.02,4,0,0,0,TXN0001437,2023-08-25,3801.33,grocery,debit,17,4,0,0
C00233,69,Male,Karachi,KHI-001,689,2,74309.18,182971.65,3,1,0,1,TXN0001617,2023-08-25,26099.81,online,credit,20,4,0,0
C00167,23,Female,Islamabad,ISB-001,439,2,130674.84,93346.44,1,1,0,0,TXN0001183,2023-08-25,58700.14,electronics,debit,21,4,0,0
C00362,54,Female,Islamabad,ISB-001,825,3,27324.84,339800.54,2,1,0,0,TXN0002514,2023-08-26,8201.8,electronics,transfer,18,5,1,0
C00140,35,Male,Islamabad,ISB-001,711,2,400892.1,56460.89,3,0,0,0,TXN0001001,2023-08-26,55994.42,atm,credit,11,5,1,0
C00022,59,Male,Peshawar,PEW-001,510,1,161517.31,440357.46,4,1,0,0,TXN0000166,2023-08-27,36962.59,travel,transfer,20,6,1,0
C00479,37,Male,Islamabad,ISB-001,833,2,239419.07,573566.62,4,0,0,0,TXN0003346,2023-08-27,8794.73,electronics,transfer,14,6,1,0
C00476,67,Male,Islamabad,ISB-001,460,10,87356.91,543026.51,4,1,1,1,TXN0003318,2023-08-27,1860.7,grocery,debit,8,6,1,0
C00225,38,Female,Lahore,LHR-001,523,8,267182.53,566299.08,3,1,1,0,TXN0001555,2023-08-27,18385.13,grocery,debit,14,6,1,0
C00395,28,Male,Multan,MUL-001,394,5,248137.24,79161.7,2,1,0,1,TXN0002753,2023-08-27,1494.11,healthcare,withdrawal,17,6,1,0
C00483,42,Female,Islamabad,ISB-001,601,7,495123.44,307811.05,1,0,1,0,TXN0003373,2023-08-27,21833.59,online,withdrawal,11,6,1,0
C00421,54,Male,Lahore,LHR-001,436,7,59187.09,305936.46,4,0,1,0,TXN0002952,2023-08-27,12148.76,atm,transfer,12,6,1,0
C00195,65,Female,Karachi,KHI-001,616,3,171253.6,289966.44,2,0,0,0,TXN0001358,2023-08-28,1189.49,online,debit,17,0,0,0
C00344,65,Male,Karachi,KHI-001,516,5,48828.99,137873.13,2,0,1,0,TXN0002398,2023-08-28,572.48,grocery,debit,8,0,0,0
C00116,30,Female,Islamabad,ISB-001,841,1,459635.09,64450.53,1,1,0,1,TXN0000825,2023-08-28,4177.66,atm,credit,13,0,0,0
C00377,48,Female,Karachi,KHI-001,525,2,203782.22,445729.44,2,1,1,0,TXN0002611,2023-08-28,13937.71,travel,debit,13,0,0,0
C00041,30,Male,Lahore,LHR-001,474,10,348390.22,380091.61,2,0,1,0,TXN0000294,2023-08-28,1456.6,online,debit,16,0,0,0
C00082,42,Male,Lahore,LHR-001,650,2,364417.32,500006.81,1,0,1,0,TXN0000593,2023-08-28,3422.23,travel,debit,9,0,0,0
C00150,60,Male,Karachi,KHI-001,781,2,269555.67,300855.17,4,0,1,0,TXN0001072,2023-08-29,26466.34,grocery,debit,16,1,0,0
C00396,57,Female,Islamabad,ISB-001,609,9,498186.21,398494.21,4,1,1,0,TXN0002760,2023-08-29,9372.53,travel,debit,16,1,0,0
C00156,60,Female,Islamabad,ISB-001,538,5,42374.17,394222.7,4,1,0,1,TXN0001118,2023-08-29,17093.16,healthcare,credit,12,1,0,0
C00016,24,Female,Multan,MUL-001,513,2,400770.88,214693.11,1,0,1,0,TXN0000114,2023-08-30,5135.03,grocery,debit,21,2,0,0
C00418,36,Male,Islamabad,ISB-001,473,9,29147.87,40692.54,2,0,0,0,TXN0002924,2023-08-30,34594.06,online,transfer,17,2,0,0
C00338,26,Male,Karachi,KHI-001,662,4,96809.09,41447.05,3,1,0,0,TXN0002362,2023-08-30,916.31,online,credit,21,2,0,0
C00472,49,Female,Lahore,LHR-001,629,0,395459.46,308438.49,3,0,0,0,TXN0003303,2023-08-30,2902.04,grocery,credit,23,2,0,0
C00452,55,Female,Islamabad,ISB-001,391,0,5554.46,357282.2,2,0,0,1,TXN0003166,2023-08-30,8629.34,grocery,transfer,14,2,0,0
C00345,49,Female,Karachi,KHI-001,639,0,23610.4,242032.61,2,1,1,0,TXN0002405,2023-08-30,21030.01,travel,credit,10,2,0,0
C00001,60,Male,Lahore,LHR-001,555,3,398173.28,502515.63,1,1,0,1,TXN0000004,2023-08-31,6521.84,online,credit,11,3,0,0
C00119,55,Male,Islamabad,ISB-001,511,1,456810.98,405827.29,1,1,0,1,TXN0000839,2023-08-31,41096.56,travel,credit,18,3,0,0
C00332,42,Female,Multan,MUL-001,412,2,216274.44,277735.36,3,0,0,0,TXN0002321,2023-08-31,1173.52,healthcare,credit,13,3,0,0
C00494,52,Female,Islamabad,ISB-001,357,8,5509.59,40186.2,3,1,1,0,TXN0003443,2023-08-31,7607.8,electronics,withdrawal,8,3,0,0
C00393,45,Female,Islamabad,ISB-001,416,0,133815.52,505843.34,3,0,0,0,TXN0002737,2023-08-31,6523.92,atm,credit,20,3,0,0
C00399,22,Male,Karachi,KHI-001,779,3,313354.0,420873.88,2,1,0,0,TXN0002782,2023-09-01,641.86,atm,credit,8,4,0,0
C00301,39,Male,Karachi,KHI-001,398,0,26861.89,500540.31,2,1,1,0,TXN0002091,2023-09-01,3550.89,grocery,transfer,14,4,0,0
C00377,48,Female,Karachi,KHI-001,525,2,203782.22,445729.44,2,1,1,0,TXN0002608,2023-09-01,35478.96,restaurant,transfer,18,4,0,0
C00162,34,Female,Peshawar,PEW-001,485,4,489571.06,94540.3,1,0,1,0,TXN0001148,2023-09-01,2218.09,restaurant,debit,17,4,0,0
C00331,55,Female,Lahore,LHR-001,390,2,262483.21,553941.39,2,0,1,0,TXN0002314,2023-09-01,1520.3,grocery,credit,20,4,0,0
C00322,43,Female,Quetta,QTA-001,537,6,443074.19,500977.45,1,0,0,1,TXN0002244,2023-09-01,18362.59,grocery,debit,16,4,0,0
C00150,60,Male,Karachi,KHI-001,781,2,269555.67,300855.17,4,0,1,0,TXN0001073,2023-09-02,8075.88,grocery,withdrawal,11,5,1,0
C00200,45,Male,Lahore,LHR-001,476,0,175870.11,592548.07,2,1,1,0,TXN0001386,2023-09-02,927.3,electronics,credit,15,5,1,0
C00284,45,Male,Karachi,KHI-001,749,5,481238.9,465232.82,2,1,0,0,TXN0001967,2023-09-02,15838.56,electronics,debit,12,5,1,0
C00281,37,Male,Lahore,LHR-001,442,10,56031.4,368754.56,4,1,1,0,TXN0001948,2023-09-02,13576.85,restaurant,credit,12,5,1,0
C00212,58,Female,Karachi,KHI-001,617,1,244965.29,308742.37,2,0,0,1,TXN0001467,2023-09-02,4913.69,online,credit,11,5,1,0
C00147,63,Male,Islamabad,ISB-001,773,8,150552.12,198958.54,1,0,0,0,TXN0001054,2023-09-02,4168.58,restaurant,credit,20,5,1,0
C00455,46,Male,Peshawar,PEW-001,458,2,133050.72,262420.12,4,0,0,0,TXN0003189,2023-09-03,17310.25,atm,credit,13,6,1,0
C00122,44,Female,Multan,MUL-001,710,5,86929.09,316235.03,1,1,1,0,TXN0000871,2023-09-03,50246.36,healthcare,debit,16,6,1,0
C00330,48,Male,Peshawar,PEW-001,684,8,370238.6,143727.93,3,0,1,0,TXN0002306,2023-09-03,24124.87,restaurant,debit,18,6,1,0
C00441,40,Male,Lahore,LHR-001,838,7,57387.88,253309.33,4,1,0,1,TXN0003089,2023-09-03,552269.97,online,transfer,17,6,1,1
C00119,55,Male,Islamabad,ISB-001,511,1,456810.98,405827.29,1,0,0,1,TXN0000833,2023-09-03,2973.15,healthcare,debit,18,6,1,0
C00030,48,Male,Quetta,QTA-001,838,9,222178.61,294068.44,1,1,0,0,TXN0000226,2023-09-04,13524.76,online,debit,10,0,0,0
C00370,67,Male,Islamabad,ISB-001,654,9,491253.6,72734.58,1,0,1,0,TXN0002567,2023-09-04,1056.34,restaurant,transfer,15,0,0,0
C00104,32,Male,Karachi,KHI-001,528,10,305907.72,131839.71,4,1,0,0,TXN0000744,2023-09-04,3347.87,travel,transfer,8,0,0,0
C00455,46,Male,Peshawar,PEW-001,458,2,133050.72,262420.12,4,0,0,0,TXN0003188,2023-09-04,544035.51,atm,transfer,20,0,0,1
C00109,54,Male,Karachi,KHI-001,377,9,303842.16,308396.2,3,0,0,0,TXN0000775,2023-09-04,493898.55,online,transfer,21,0,0,1
C00444,58,Female,Lahore,LHR-001,511,7,441410.38,325445.58,2,1,1,0,TXN0003109,2023-09-04,6342.97,restaurant,transfer,11,0,0,0
C00174,65,Female,Lahore,LHR-001,455,4,280577.18,375279.83,1,1,1,0,TXN0001234,2023-09-05,5382.03,online,credit,14,1,0,0
C00219,47,Male,Peshawar,PEW-001,825,0,213743.45,332168.83,4,0,1,1,TXN0001508,2023-09-05,14297.74,online,debit,8,1,0,0
C00456,61,Female,Islamabad,ISB-001,400,8,100600.77,342250.27,1,1,0,1,TXN0003199,2023-09-05,2950.3,atm,withdrawal,10,1,0,0
C00308,25,Male,Lahore,LHR-001,633,0,366856.72,150406.31,2,0,1,0,TXN0002137,2023-09-05,3500.46,grocery,transfer,8,1,0,0
C00039,28,Female,Islamabad,ISB-001,351,4,169743.81,40689.83,2,1,1,0,TXN0000275,2023-09-05,13101.75,restaurant,credit,23,1,0,0
C00140,35,Male,Islamabad,ISB-001,711,2,400892.1,56460.89,3,0,0,0,TXN0001000,2023-09-05,12831.0,online,credit,17,1,0,0
C00406,36,Male,Peshawar,PEW-001,611,3,140114.89,597469.07,4,0,0,0,TXN0002835,2023-09-06,302617.16,atm,transfer,0,2,0,1
C00003,36,Female,Peshawar,PEW-001,422,6,426110.09,510370.41,2,0,1,0,TXN0000021,2023-09-06,16072.32,grocery,transfer,19,2,0,0
C00230,27,Female,Lahore,LHR-001,564,0,251245.12,127451.75,1,1,1,0,TXN0001592,2023-09-06,61440.63,restaurant,debit,20,2,0,0
C00364,39,Male,Karachi,KHI-001,776,7,198856.92,214872.2,4,0,0,0,TXN0002527,2023-09-06,5604.02,electronics,transfer,0,2,0,0
C00446,44,Female,Islamabad,ISB-001,691,1,235407.65,196633.98,3,0,1,0,TXN0003130,2023-09-06,2331.96,online,debit,9,2,0,0
C00480,47,Female,Karachi,KHI-001,784,0,33670.63,502112.43,3,1,0,1,TXN0003355,2023-09-07,10892.48,atm,transfer,21,3,0,0
C00275,53,Female,Islamabad,ISB-001,608,8,232542.35,253035.03,2,0,1,1,TXN0001906,2023-09-07,55233.6,online,debit,21,3,0,0
C00475,51,Female,Multan,MUL-001,746,4,473912.45,117950.89,3,0,0,1,TXN0003314,2023-09-07,4821.76,travel,debit,21,3,0,0
C00237,27,Male,Quetta,QTA-001,673,5,129111.68,49808.95,1,1,1,0,TXN0001651,2023-09-07,5209.4,online,debit,21,3,0,0
C00384,30,Female,Lahore,LHR-001,737,5,23182.31,472668.73,2,1,0,0,TXN0002668,2023-09-07,3558.69,electronics,debit,18,3,0,0
C00338,26,Male,Karachi,KHI-001,662,4,96809.09,41447.05,3,1,0,0,TXN0002369,2023-09-08,15229.69,grocery,transfer,16,4,0,0
C00231,43,Male,Islamabad,ISB-001,526,1,361500.28,171354.32,4,0,1,0,TXN0001598,2023-09-08,12125.82,atm,debit,16,4,0,0
C00481,47,Female,Lahore,LHR-001,622,5,41973.74,413131.86,3,1,1,1,TXN0003364,2023-09-08,8612.48,electronics,debit,17,4,0,0
C00319,69,Female,Quetta,QTA-001,835,2,185525.14,441876.04,3,1,0,1,TXN0002224,2023-09-08,28256.29,atm,debit,20,4,0,0
C00153,51,Male,Karachi,KHI-001,661,8,383851.36,474560.12,1,0,0,1,TXN0001090,2023-09-08,29331.16,grocery,credit,11,4,0,0
C00024,42,Male,Lahore,LHR-001,657,1,343076.12,304058.18,4,0,0,0,TXN0000182,2023-09-08,4028.41,electronics,debit,17,4,0,0
C00236,30,Female,Peshawar,PEW-001,799,6,367431.37,249606.19,2,0,0,0,TXN0001643,2023-09-09,33363.77,travel,transfer,19,5,1,0
C00379,23,Female,Lahore,LHR-001,789,2,119131.75,231010.41,2,0,1,0,TXN0002624,2023-09-09,14432.12,atm,withdrawal,22,5,1,0
C00381,38,Female,Karachi,KHI-001,835,10,64567.69,377802.87,4,1,1,0,TXN0002640,2023-09-09,1547.66,grocery,debit,10,5,1,0
C00244,47,Male,Islamabad,ISB-001,496,6,213907.85,554459.57,4,0,1,0,TXN0001707,2023-09-10,253806.45,online,transfer,10,6,1,1
C00186,24,Male,Islamabad,ISB-001,626,7,318454.18,571206.68,3,0,1,0,TXN0001313,2023-09-10,4626.85,electronics,debit,21,6,1,0
C00001,60,Male,Lahore,LHR-001,555,3,398173.28,502515.63,1,0,0,1,TXN0000006,2023-09-10,14834.75,grocery,debit,9,6,1,0
C00212,58,Female,Karachi,KHI-001,617,1,244965.29,308742.37,2,1,0,1,TXN0001470,2023-09-11,34546.54,atm,credit,16,0,0,0
C00403,35,Female,Karachi,KHI-001,583,2,430762.77,69309.77,4,0,1,0,TXN0002806,2023-09-11,766407.86,atm,debit,14,0,0,1
C00468,58,Female,Islamabad,ISB-001,848,3,420860.14,576100.82,4,0,1,0,TXN0003267,2023-09-11,7385.77,grocery,debit,14,0,0,0
C00380,47,Male,Karachi,KHI-001,553,6,416168.05,498475.95,2,0,1,0,TXN0002635,2023-09-11,1558.95,electronics,transfer,18,0,0,0
C00235,54,Female,Islamabad,ISB-001,495,4,136916.7,588033.52,2,0,1,0,TXN0001633,2023-09-12,18626.25,restaurant,transfer,21,1,0,0
C00190,48,Female,Karachi,KHI-001,532,7,438839.82,379101.37,3,1,0,0,TXN0001330,2023-09-12,6622.68,atm,debit,19,1,0,0
C00472,49,Female,Lahore,LHR-001,629,0,395459.46,308438.49,3,1,0,0,TXN0003297,2023-09-12,1981.03,restaurant,debit,11,1,0,0
C00066,25,Female,Karachi,KHI-001,625,2,11040.52,50285.88,2,1,1,1,TXN0000474,2023-09-12,16615.52,grocery,credit,20,1,0,0
C00307,54,Male,Peshawar,PEW-001,643,9,64658.68,252841.73,1,1,1,0,TXN0002134,2023-09-12,4538.31,travel,debit,14,1,0,0
C00455,46,Male,Peshawar,PEW-001,458,2,133050.72,262420.12,4,0,0,0,TXN0003184,2023-09-13,3784.77,online,credit,20,2,0,0
C00402,37,Female,Islamabad,ISB-001,824,9,447986.11,146581.92,1,1,0,1,TXN0002797,2023-09-13,12712.24,restaurant,credit,12,2,0,0
C00383,54,Male,Quetta,QTA-001,380,9,195124.85,547093.88,2,0,0,0,TXN0002659,2023-09-13,1094.85,restaurant,debit,11,2,0,0
C00363,24,Male,Karachi,KHI-001,768,0,59186.46,139929.74,1,0,1,0,TXN0002521,2023-09-14,30718.31,grocery,debit,10,3,0,0
C00098,30,Male,Multan,MUL-001,581,9,86932.65,410059.27,3,0,1,0,TXN0000713,2023-09-14,34939.43,atm,debit,20,3,0,0
C00468,58,Female,Islamabad,ISB-001,848,3,420860.14,576100.82,4,1,1,0,TXN0003269,2023-09-15,10516.95,electronics,debit,20,4,0,0
C00216,40,Male,Lahore,LHR-001,650,7,204262.27,584934.74,1,1,1,0,TXN0001489,2023-09-15,1191.92,online,credit,16,4,0,0
C00150,60,Male,Karachi,KHI-001,781,2,269555.67,300855.17,4,1,1,0,TXN0001066,2023-09-15,8840.32,electronics,debit,19,4,0,0
C00402,37,Female,Islamabad,ISB-001,824,9,447986.11,146581.92,1,1,0,1,TXN0002803,2023-09-16,525649.43,healthcare,transfer,21,5,1,1
C00124,58,Male,Peshawar,PEW-001,421,7,159179.22,265826.36,1,1,1,0,TXN0000878,2023-09-16,773413.57,restaurant,debit,14,5,1,1
C00241,41,Female,Karachi,KHI-001,769,5,419862.95,470370.84,4,1,1,1,TXN0001677,2023-09-16,22493.11,travel,transfer,17,5,1,0
C00265,28,Female,Lahore,LHR-001,810,1,423971.89,531619.05,4,1,0,1,TXN0001839,2023-09-16,540720.84,grocery,transfer,0,5,1,1
C00415,43,Male,Karachi,KHI-001,474,4,130061.3,269307.6,3,1,1,0,TXN0002895,2023-09-16,929.52,restaurant,debit,18,5,1,0
C00375,44,Female,Lahore,LHR-001,741,10,372959.65,287921.5,4,0,1,0,TXN0002597,2023-09-16,7189.48,grocery,transfer,16,5,1,0
C00439,40,Male,Karachi,KHI-001,418,2,123151.57,167320.09,4,1,0,0,TXN0003067,2023-09-16,521687.76,grocery,transfer,20,5,1,1
C00440,38,Male,Karachi,KHI-001,514,2,465394.72,231337.72,2,0,0,0,TXN0003073,2023-09-16,2259.08,online,transfer,17,5,1,0
C00278,56,Male,Lahore,LHR-001,504,4,6158.0,345584.66,3,0,1,0,TXN0001926,2023-09-16,20364.87,online,debit,15,5,1,0
C00223,25,Male,Multan,MUL-001,502,4,343176.01,114320.21,1,1,1,0,TXN0001537,2023-09-17,689099.84,online,credit,14,6,1,1
C00127,61,Male,Multan,MUL-001,611,3,113948.12,154003.84,2,1,0,1,TXN0000904,2023-09-17,577351.21,electronics,credit,10,6,1,1
C00329,48,Female,Lahore,LHR-001,521,7,332519.31,484308.06,3,1,1,0,TXN0002299,2023-09-17,353402.76,travel,transfer,19,6,1,1
C00044,25,Male,Lahore,LHR-001,774,8,250234.7,166302.48,4,1,1,0,TXN0000314,2023-09-17,6211.36,restaurant,credit,13,6,1,0
C00309,54,Male,Lahore,LHR-001,626,3,100336.52,308342.61,2,0,1,0,TXN0002149,2023-09-18,3822.25,travel,debit,17,0,0,0
C00378,63,Male,Karachi,KHI-001,465,6,419723.74,48859.81,2,1,0,0,TXN0002621,2023-09-18,313277.27,online,credit,12,0,0,1
C00138,26,Male,Karachi,KHI-001,816,9,201672.47,327837.69,1,0,0,0,TXN0000986,2023-09-18,6795.48,grocery,debit,9,0,0,0
C00103,45,Male,Lahore,LHR-001,506,6,117560.83,62822.3,2,0,1,0,TXN0000734,2023-09-18,14453.58,grocery,credit,15,0,0,0
C00092,50,Female,Karachi,KHI-001,710,4,43273.93,563713.02,4,0,0,0,TXN0000673,2023-09-18,41812.1,electronics,credit,10,0,0,0
C00226,59,Male,Lahore,LHR-001,692,5,408451.94,450423.39,2,1,0,1,TXN0001569,2023-09-18,7655.29,restaurant,transfer,12,0,0,0
C00184,34,Male,Lahore,LHR-001,366,7,165375.08,291682.95,3,0,1,0,TXN0001301,2023-09-18,21349.25,grocery,transfer,13,0,0,0
C00115,28,Female,Islamabad,ISB-001,691,8,243014.3,282846.99,2,1,1,0,TXN0000815,2023-09-19,14195.88,atm,credit,10,1,0,0
C00025,54,Male,Karachi,KHI-001,438,2,228714.56,344210.37,1,0,0,0,TXN0000189,2023-09-19,41275.47,electronics,debit,11,1,0,0
C00079,35,Male,Lahore,LHR-001,829,8,73862.52,587381.18,2,1,1,0,TXN0000567,2023-09-19,4066.62,online,credit,12,1,0,0
C00054,65,Male,Lahore,LHR-001,507,2,249520.84,261505.25,2,0,1,1,TXN0000378,2023-09-19,6216.24,electronics,credit,17,1,0,0
C00039,28,Female,Islamabad,ISB-001,351,4,169743.81,40689.83,2,0,1,0,TXN0000271,2023-09-19,13030.52,grocery,withdrawal,10,1,0,0
C00011,32,Male,Lahore,LHR-001,747,0,362190.29,549333.73,3,1,0,1,TXN0000071,2023-09-19,5040.22,electronics,transfer,14,1,0,0
C00406,36,Male,Peshawar,PEW-001,611,3,140114.89,597469.07,4,0,0,0,TXN0002837,2023-09-19,6834.4,restaurant,withdrawal,16,1,0,0
C00307,54,Male,Peshawar,PEW-001,643,9,64658.68,252841.73,1,0,1,0,TXN0002132,2023-09-19,28386.5,grocery,transfer,8,1,0,0
C00377,48,Female,Karachi,KHI-001,525,2,203782.22,445729.44,2,0,1,0,TXN0002610,2023-09-20,7871.69,electronics,transfer,13,2,0,0
C00244,47,Male,Islamabad,ISB-001,496,6,213907.85,554459.57,4,1,1,0,TXN0001700,2023-09-20,28498.14,grocery,withdrawal,15,2,0,0
C00348,67,Male,Karachi,KHI-001,770,9,139485.05,351716.75,1,1,0,0,TXN0002427,2023-09-21,13428.79,online,transfer,10,3,0,0
C00144,36,Female,Karachi,KHI-001,458,9,191974.34,484055.41,3,1,0,0,TXN0001026,2023-09-21,7029.95,travel,debit,2,3,0,0
C00316,24,Male,Karachi,KHI-001,724,10,263605.12,338065.72,3,1,1,0,TXN0002200,2023-09-21,8060.05,travel,withdrawal,8,3,0,0
C00495,31,Female,Karachi,KHI-001,633,0,83674.45,49905.17,3,0,0,1,TXN0003451,2023-09-21,3422.68,grocery,debit,14,3,0,0
C00330,48,Male,Peshawar,PEW-001,684,8,370238.6,143727.93,3,0,1,0,TXN0002304,2023-09-22,9326.79,grocery,credit,8,4,0,0
C00180,60,Male,Lahore,LHR-001,693,10,481511.41,225298.04,2,1,1,0,TXN0001271,2023-09-22,6171.57,travel,withdrawal,9,4,0,0
C00309,54,Male,Lahore,LHR-001,626,3,100336.52,308342.61,2,1,1,0,TXN0002147,2023-09-23,10941.72,atm,transfer,12,5,1,0
C00448,33,Female,Islamabad,ISB-001,728,10,7546.86,529068.53,4,1,0,1,TXN0003138,2023-09-23,3942.84,grocery,transfer,21,5,1,0
C00223,25,Male,Multan,MUL-001,502,4,343176.01,114320.21,1,1,1,0,TXN0001543,2023-09-24,4839.98,travel,credit,17,6,1,0
C00005,29,Male,Lahore,LHR-001,473,0,207216.56,168830.06,2,1,0,0,TXN0000030,2023-09-24,17303.36,online,transfer,12,6,1,0
C00055,29,Female,Karachi,KHI-001,617,3,378544.47,585831.92,3,0,0,0,TXN0000393,2023-09-24,5065.8,atm,credit,8,6,1,0
C00219,47,Male,Peshawar,PEW-001,825,0,213743.45,332168.83,4,0,1,1,TXN0001509,2023-09-24,15073.88,online,debit,18,6,1,0
C00478,33,Male,Islamabad,ISB-001,488,10,355743.14,217817.61,3,0,1,0,TXN0003338,2023-09-24,2972.26,restaurant,credit,21,6,1,0
C00096,46,Male,Karachi,KHI-001,442,4,65791.34,382864.47,4,1,1,0,TXN0000700,2023-09-25,12010.91,restaurant,debit,8,0,0,0
C00132,56,Male,Islamabad,ISB-001,410,3,280866.16,513897.36,2,1,0,0,TXN0000937,2023-09-25,14700.55,electronics,credit,17,0,0,0
C00231,43,Male,Islamabad,ISB-001,526,1,361500.28,171354.32,4,1,1,0,TXN0001595,2023-09-25,615233.22,atm,credit,14,0,0,1
C00116,30,Female,Islamabad,ISB-001,841,1,459635.09,64450.53,1,1,0,1,TXN0000818,2023-09-25,430815.23,atm,transfer,13,0,0,1
C00095,22,Male,Islamabad,ISB-001,657,6,455789.67,478716.73,1,0,0,0,TXN0000690,2023-09-25,4839.44,travel,transfer,11,0,0,0
C00376,23,Male,Islamabad,ISB-001,767,7,37168.27,289642.91,2,1,1,0,TXN0002601,2023-09-25,10625.1,atm,credit,16,0,0,0
C00433,56,Male,Multan,MUL-001,750,3,263023.85,524224.27,1,0,0,0,TXN0003030,2023-09-25,3774.7,restaurant,credit,15,0,0,0
C00362,54,Female,Islamabad,ISB-001,825,3,27324.84,339800.54,2,0,0,0,TXN0002511,2023-09-25,23633.85,atm,debit,12,0,0,0
C00428,27,Male,Peshawar,PEW-001,426,5,287802.88,176447.76,4,1,0,0,TXN0002999,2023-09-26,756.71,online,debit,18,1,0,0
C00332,42,Female,Multan,MUL-001,412,2,216274.44,277735.36,3,1,0,0,TXN0002319,2023-09-26,8138.0,electronics,debit,17,1,0,0
C00355,67,Male,Peshawar,PEW-001,396,8,236318.83,469327.44,3,0,1,1,TXN0002468,2023-09-26,9917.29,restaurant,debit,0,1,0,0
C00336,68,Female,Lahore,LHR-001,397,2,495218.95,334839.55,3,1,0,0,TXN0002348,2023-09-26,21959.69,grocery,transfer,11,1,0,0
C00117,29,Male,Lahore,LHR-001,543,10,295598.77,130536.62,2,0,1,0,TXN0000826,2023-09-26,9609.15,restaurant,credit,20,1,0,0
C00458,22,Female,Islamabad,ISB-001,846,10,166584.62,417610.13,2,1,0,0,TXN0003207,2023-09-27,16612.95,online,withdrawal,21,2,0,0
C00100,22,Female,Islamabad,ISB-001,656,9,419557.94,374586.48,2,1,0,0,TXN0000721,2023-09-27,2199.69,electronics,credit,20,2,0,0
C00325,59,Male,Multan,MUL-001,637,7,205220.3,521272.84,1,1,1,1,TXN0002268,2023-09-27,8891.48,restaurant,transfer,14,2,0,0
C00495,31,Female,Karachi,KHI-001,633,0,83674.45,49905.17,3,1,0,1,TXN0003452,2023-09-27,7160.8,restaurant,transfer,15,2,0,0
C00391,56,Female,Peshawar,PEW-001,693,6,300650.67,385607.24,4,0,1,0,TXN0002723,2023-09-27,5438.66,online,withdrawal,21,2,0,0
C00132,56,Male,Islamabad,ISB-001,410,3,280866.16,513897.36,2,0,0,0,TXN0000935,2023-09-27,535115.19,online,transfer,21,2,0,1
C00127,61,Male,Multan,MUL-001,611,3,113948.12,154003.84,2,1,0,1,TXN0000902,2023-09-27,12210.81,grocery,debit,8,2,0,0
C00469,43,Female,Quetta,QTA-001,734,0,199114.85,360903.2,2,1,0,1,TXN0003276,2023-09-28,7038.86,electronics,credit,1,3,0,0
C00491,26,Male,Karachi,KHI-001,514,3,189057.6,530618.91,4,1,1,0,TXN0003427,2023-09-28,3475.97,atm,withdrawal,10,3,0,0
C00410,53,Male,Islamabad,ISB-001,594,7,22534.07,89709.74,1,0,1,0,TXN0002865,2023-09-28,7270.37,grocery,debit,20,3,0,0
C00310,35,Male,Peshawar,PEW-001,787,7,62064.6,148952.66,1,1,1,0,TXN0002152,2023-09-29,40613.79,online,transfer,0,4,0,0
C00049,23,Female,Karachi,KHI-001,365,4,354955.33,282618.18,3,0,0,1,TXN0000351,2023-09-29,469051.61,atm,debit,1,4,0,1
C00181,54,Male,Islamabad,ISB-001,386,9,472482.81,291315.44,4,1,1,0,TXN0001274,2023-09-29,367532.41,electronics,debit,15,4,0,1
C00393,45,Female,Islamabad,ISB-001,416,0,133815.52,505843.34,3,1,0,0,TXN0002738,2023-09-29,877152.31,online,transfer,12,4,0,1
C00007,60,Male,Peshawar,PEW-001,470,3,495510.09,526110.42,3,1,1,0,TXN0000046,2023-09-29,21653.77,restaurant,transfer,14,4,0,0
C00290,59,Male,Quetta,QTA-001,617,10,380404.24,495709.12,4,0,1,0,TXN0002004,2023-09-29,7546.33,online,debit,11,4,0,0
C00396,57,Female,Islamabad,ISB-001,609,9,498186.21,398494.21,4,0,1,0,TXN0002763,2023-09-29,3117.46,travel,debit,10,4,0,0
C00356,52,Female,Peshawar,PEW-001,497,8,152016.42,123834.22,4,1,1,0,TXN0002476,2023-09-29,567908.02,online,credit,12,4,0,1
C00042,60,Female,Karachi,KHI-001,459,7,87531.73,178622.38,3,1,1,1,TXN0000305,2023-09-29,13082.21,online,debit,21,4,0,0
C00491,26,Male,Karachi,KHI-001,514,3,189057.6,530618.91,4,0,1,0,TXN0003426,2023-09-30,1481.96,restaurant,credit,18,5,1,0
C00079,35,Male,Lahore,LHR-001,829,8,73862.52,587381.18,2,0,1,0,TXN0000572,2023-09-30,1540.28,healthcare,credit,20,5,1,0
C00080,44,Male,Karachi,KHI-001,414,6,54893.33,152481.09,2,1,1,0,TXN0000578,2023-09-30,6713.16,electronics,credit,12,5,1,0
C00229,55,Female,Karachi,KHI-001,780,0,205597.8,449264.51,2,0,1,0,TXN0001584,2023-09-30,30849.49,restaurant,debit,8,5,1,0
C00152,25,Female,Karachi,KHI-001,689,0,251020.91,172043.57,4,0,1,0,TXN0001088,2023-09-30,666674.7,online,credit,11,5,1,1
C00499,26,Female,Peshawar,PEW-001,513,5,427833.84,356087.01,4,1,0,0,TXN0003480,2023-09-30,18672.96,grocery,credit,8,5,1,0
C00300,67,Female,Islamabad,ISB-001,411,2,336609.14,331891.11,2,0,0,1,TXN0002084,2023-10-01,2097.05,online,debit,16,6,1,0
C00167,23,Female,Islamabad,ISB-001,439,2,130674.84,93346.44,1,1,0,0,TXN0001185,2023-10-02,5151.84,healthcare,debit,18,0,0,0
C00111,63,Male,Islamabad,ISB-001,755,5,210179.77,224249.77,1,1,1,0,TXN0000781,2023-10-02,9307.58,grocery,debit,21,0,0,0
C00144,36,Female,Karachi,KHI-001,458,9,191974.34,484055.41,3,1,0,0,TXN0001034,2023-10-02,7592.77,electronics,transfer,12,0,0,0
C00038,58,Male,Karachi,KHI-001,613,9,218606.43,298774.48,4,1,1,0,TXN0000269,2023-10-02,1125.66,online,debit,20,0,0,0
C00338,26,Male,Karachi,KHI-001,662,4,96809.09,41447.05,3,0,0,0,TXN0002364,2023-10-02,10123.08,atm,debit,15,0,0,0
C00013,57,Female,Islamabad,ISB-001,771,2,391849.67,580131.46,1,1,0,1,TXN0000089,2023-10-02,1532.0,restaurant,debit,16,0,0,0
C00195,65,Female,Karachi,KHI-001,616,3,171253.6,289966.44,2,0,0,0,TXN0001359,2023-10-02,6405.97,online,debit,12,0,0,0
C00134,68,Male,Lahore,LHR-001,611,2,269859.51,451796.17,2,1,1,0,TXN0000947,2023-10-03,5645.47,grocery,debit,8,1,0,0
C00125,56,Male,Karachi,KHI-001,436,0,391345.38,163514.23,1,0,1,0,TXN0000887,2023-10-03,717505.42,atm,credit,11,1,0,1
C00332,42,Female,Multan,MUL-001,412,2,216274.44,277735.36,3,0,0,0,TXN0002318,2023-10-03,11382.26,online,debit,18,1,0,0
C00301,39,Male,Karachi,KHI-001,398,0,26861.89,500540.31,2,1,1,0,TXN0002088,2023-10-03,8336.6,healthcare,debit,12,1,0,0
C00141,60,Female,Islamabad,ISB-001,798,6,177946.56,261488.5,3,1,0,0,TXN0001012,2023-10-03,5452.48,grocery,transfer,12,1,0,0
C00479,37,Male,Islamabad,ISB-001,833,2,239419.07,573566.62,4,0,0,0,TXN0003352,2023-10-03,6572.98,atm,withdrawal,12,1,0,0
C00017,43,Male,Karachi,KHI-001,773,0,413440.67,219615.93,4,0,1,0,TXN0000127,2023-10-04,14556.01,electronics,transfer,20,2,0,0
C00191,30,Male,Lahore,LHR-001,390,9,323248.15,239769.95,2,1,0,0,TXN0001338,2023-10-04,16954.05,electronics,transfer,9,2,0,0
C00061,61,Female,Karachi,KHI-001,818,4,253632.73,445599.77,3,1,0,1,TXN0000444,2023-10-04,7807.87,grocery,withdrawal,10,2,0,0
C00246,40,Male,Karachi,KHI-001,761,4,479520.45,566890.2,3,0,1,0,TXN0001721,2023-10-04,8386.13,grocery,debit,20,2,0,0
C00362,54,Female,Islamabad,ISB-001,825,3,27324.84,339800.54,2,0,0,0,TXN0002513,2023-10-04,426931.64,online,withdrawal,10,2,0,1
C00162,34,Female,Peshawar,PEW-001,485,4,489571.06,94540.3,1,1,1,0,TXN0001155,2023-10-05,4055.32,travel,withdrawal,17,3,0,0
C00144,36,Female,Karachi,KHI-001,458,9,191974.34,484055.41,3,0,0,0,TXN0001029,2023-10-05,750376.58,electronics,credit,1,3,0,1
C00421,54,Male,Lahore,LHR-001,436,7,59187.09,305936.46,4,1,1,0,TXN0002945,2023-10-05,18484.55,atm,credit,14,3,0,0
C00008,40,Female,Karachi,KHI-001,624,7,106475.9,579412.53,4,1,0,0,TXN0000051,2023-10-06,28814.8,grocery,credit,10,4,0,0
C00173,65,Female,Islamabad,ISB-001,667,0,444292.94,369511.07,1,1,1,0,TXN0001226,2023-10-06,1151.25,online,debit,17,4,0,0
C00428,27,Male,Peshawar,PEW-001,426,5,287802.88,176447.76,4,0,0,0,TXN0002994,2023-10-07,1034.47,grocery,credit,11,5,1,0
C00235,54,Female,Islamabad,ISB-001,495,4,136916.7,588033.52,2,0,1,0,TXN0001632,2023-10-07,5479.86,travel,debit,9,5,1,0
C00104,32,Male,Karachi,KHI-001,528,10,305907.72,131839.71,4,1,0,0,TXN0000746,2023-10-07,23779.09,atm,transfer,18,5,1,0
C00218,65,Male,Lahore,LHR-001,452,5,324301.81,182365.76,2,0,1,0,TXN0001500,2023-10-08,1596.54,atm,transfer,9,6,1,0
C00463,50,Male,Peshawar,PEW-001,370,5,410246.31,498491.6,4,1,1,0,TXN0003242,2023-10-08,19421.33,restaurant,transfer,16,6,1,0
C00473,26,Male,Karachi,KHI-001,474,9,91007.97,215687.51,1,0,0,1,TXN0003307,2023-10-08,28005.46,atm,credit,11,6,1,0
C00004,64,Female,Islamabad,ISB-001,600,1,374257.39,472780.76,3,0,1,0,TXN0000027,2023-10-08,5038.61,travel,debit,12,6,1,0
C00469,43,Female,Quetta,QTA-001,734,0,199114.85,360903.2,2,0,0,1,TXN0003279,2023-10-08,24465.47,atm,transfer,11,6,1,0
C00207,38,Male,Islamabad,ISB-001,681,4,61547.77,89591.13,4,1,1,0,TXN0001429,2023-10-09,2985.13,travel,debit,19,0,0,0
C00040,42,Female,Karachi,KHI-001,710,1,366621.82,375063.27,3,0,0,1,TXN0000288,2023-10-09,14961.6,grocery,credit,12,0,0,0
C00221,27,Male,Lahore,LHR-001,802,0,450783.29,338057.19,1,1,0,0,TXN0001521,2023-10-09,5984.92,restaurant,transfer,10,0,0,0
C00071,55,Female,Karachi,KHI-001,550,8,414265.42,567093.0,3,1,1,0,TXN0000522,2023-10-09,10905.27,online,credit,13,0,0,0
C00170,27,Female,Karachi,KHI-001,594,1,299549.24,263465.73,4,1,0,1,TXN0001197,2023-10-10,18415.76,online,debit,17,1,0,0
C00462,43,Female,Multan,MUL-001,841,4,9490.84,158710.19,3,1,0,1,TXN0003234,2023-10-10,2021.23,online,debit,17,1,0,0
C00050,41,Female,Peshawar,PEW-001,826,8,390393.11,591236.79,3,1,0,0,TXN0000361,2023-10-10,12654.33,online,credit,14,1,0,0
C00340,40,Female,Lahore,LHR-001,449,1,466632.01,328498.1,4,0,0,1,TXN0002382,2023-10-10,2824.3,travel,credit,10,1,0,0
C00301,39,Male,Karachi,KHI-001,398,0,26861.89,500540.31,2,1,1,0,TXN0002086,2023-10-10,784089.28,online,transfer,15,1,0,1
C00364,39,Male,Karachi,KHI-001,776,7,198856.92,214872.2,4,1,0,0,TXN0002530,2023-10-10,9285.13,restaurant,credit,21,1,0,0
C00225,38,Female,Lahore,LHR-001,523,8,267182.53,566299.08,3,1,1,0,TXN0001554,2023-10-10,31804.32,online,transfer,11,1,0,0
C00461,26,Female,Islamabad,ISB-001,732,2,191464.2,119115.71,1,1,0,0,TXN0003225,2023-10-10,2161.44,online,debit,10,1,0,0
C00181,54,Male,Islamabad,ISB-001,386,9,472482.81,291315.44,4,0,1,0,TXN0001278,2023-10-10,1064.22,electronics,credit,14,1,0,0
C00440,38,Male,Karachi,KHI-001,514,2,465394.72,231337.72,2,1,0,0,TXN0003077,2023-10-10,6845.55,electronics,debit,19,1,0,0
C00415,43,Male,Karachi,KHI-001,474,4,130061.3,269307.6,3,1,1,0,TXN0002894,2023-10-10,9950.77,electronics,debit,8,1,0,0
C00007,60,Male,Peshawar,PEW-001,470,3,495510.09,526110.42,3,1,1,0,TXN0000041,2023-10-10,34362.14,online,debit,13,1,0,0
C00242,57,Male,Islamabad,ISB-001,431,2,205168.84,103341.5,4,1,0,0,TXN0001692,2023-10-11,19900.17,online,debit,16,2,0,0
C00155,44,Male,Islamabad,ISB-001,490,0,170509.59,377039.01,1,1,1,1,TXN0001106,2023-10-11,30207.65,online,transfer,11,2,0,0
C00418,36,Male,Islamabad,ISB-001,473,9,29147.87,40692.54,2,0,0,0,TXN0002915,2023-10-11,2761.51,grocery,debit,20,2,0,0
C00288,29,Female,Karachi,KHI-001,430,1,47919.08,514413.72,1,1,0,1,TXN0001994,2023-10-11,11891.53,grocery,debit,14,2,0,0
C00300,67,Female,Islamabad,ISB-001,411,2,336609.14,331891.11,2,1,0,1,TXN0002085,2023-10-12,266515.65,online,transfer,22,3,0,1
C00141,60,Female,Islamabad,ISB-001,798,6,177946.56,261488.5,3,0,0,0,TXN0001004,2023-10-12,4049.29,healthcare,debit,13,3,0,0
C00119,55,Male,Islamabad,ISB-001,511,1,456810.98,405827.29,1,0,0,1,TXN0000834,2023-10-12,7434.46,grocery,credit,14,3,0,0
C00024,42,Male,Lahore,LHR-001,657,1,343076.12,304058.18,4,1,0,0,TXN0000186,2023-10-12,1207.28,atm,credit,8,3,0,0
C00367,52,Female,Quetta,QTA-001,824,3,400004.71,397258.04,3,0,0,0,TXN0002550,2023-10-12,778.59,online,transfer,12,3,0,0
C00395,28,Male,Multan,MUL-001,394,5,248137.24,79161.7,2,0,0,1,TXN0002755,2023-10-12,17727.59,electronics,credit,17,3,0,0
C00428,27,Male,Peshawar,PEW-001,426,5,287802.88,176447.76,4,1,0,0,TXN0002992,2023-10-12,1003.13,electronics,debit,19,3,0,0
C00444,58,Female,Lahore,LHR-001,511,7,441410.38,325445.58,2,1,1,0,TXN0003108,2023-10-13,10170.1,grocery,credit,10,4,0,0
C00027,43,Female,Karachi,KHI-001,552,0,450335.39,154072.7,4,0,0,0,TXN0000207,2023-10-13,15631.02,travel,credit,18,4,0,0
C00352,58,Male,Karachi,KHI-001,405,10,263647.0,516657.59,1,0,0,1,TXN0002448,2023-10-13,786412.08,atm,withdrawal,14,4,0,1
C00442,49,Male,Karachi,KHI-001,654,4,351000.42,233940.19,2,0,1,0,TXN0003098,2023-10-14,16388.42,atm,debit,13,5,1,0
C00114,49,Male,Islamabad,ISB-001,416,9,235521.56,528226.36,2,1,1,0,TXN0000807,2023-10-14,12999.23,grocery,debit,20,5,1,0
C00279,40,Female,Quetta,QTA-001,466,4,484011.2,288874.89,3,1,1,0,TXN0001933,2023-10-14,26155.81,online,credit,17,5,1,0
C00025,54,Male,Karachi,KHI-001,438,2,228714.56,344210.37,1,0,0,0,TXN0000190,2023-10-14,36063.72,restaurant,debit,8,5,1,0
C00355,67,Male,Peshawar,PEW-001,396,8,236318.83,469327.44,3,1,1,1,TXN0002469,2023-10-14,14614.67,atm,credit,12,5,1,0
C00312,69,Female,Karachi,KHI-001,495,1,398694.21,385716.98,3,0,1,1,TXN0002177,2023-10-14,24355.57,online,transfer,20,5,1,0
C00072,31,Female,Multan,MUL-001,794,5,479742.02,80553.11,2,1,1,0,TXN0000530,2023-10-14,508.61,travel,transfer,8,5,1,0
C00331,55,Female,Lahore,LHR-001,390,2,262483.21,553941.39,2,1,1,0,TXN0002309,2023-10-14,5934.35,grocery,transfer,12,5,1,0
C00138,26,Male,Karachi,KHI-001,816,9,201672.47,327837.69,1,1,0,0,TXN0000988,2023-10-14,16741.78,grocery,transfer,9,5,1,0
C00280,69,Female,Islamabad,ISB-001,351,1,7600.64,48213.55,1,0,1,0,TXN0001946,2023-10-15,12169.77,grocery,credit,10,6,1,0
C00354,50,Male,Islamabad,ISB-001,542,9,6656.45,493336.79,4,0,1,0,TXN0002462,2023-10-15,2902.01,online,withdrawal,12,6,1,0
C00271,69,Male,Lahore,LHR-001,550,0,179012.38,223893.49,1,0,0,0,TXN0001882,2023-10-15,14711.16,online,credit,8,6,1,0
C00435,37,Male,Islamabad,ISB-001,573,7,126416.34,323829.52,2,1,0,0,TXN0003039,2023-10-15,403367.14,online,withdrawal,10,6,1,1
C00387,60,Male,Islamabad,ISB-001,783,8,401381.0,373620.41,1,0,1,0,TXN0002689,2023-10-16,19019.15,online,withdrawal,20,0,0,0
C00425,26,Male,Quetta,QTA-001,550,8,442038.6,51214.76,1,1,0,0,TXN0002973,2023-10-17,10416.07,travel,credit,11,1,0,0
C00220,53,Male,Peshawar,PEW-001,599,1,70476.72,231885.95,2,0,0,1,TXN0001516,2023-10-17,1460.35,travel,debit,15,1,0,0
C00130,56,Male,Lahore,LHR-001,559,8,487892.95,578037.11,1,1,1,0,TXN0000923,2023-10-17,4622.46,grocery,debit,11,1,0,0
C00079,35,Male,Lahore,LHR-001,829,8,73862.52,587381.18,2,1,1,0,TXN0000568,2023-10-17,7654.93,grocery,credit,15,1,0,0
C00006,42,Female,Karachi,KHI-001,724,10,466804.34,113547.67,1,1,0,0,TXN0000038,2023-10-17,19228.62,electronics,debit,21,1,0,0
C00232,32,Female,Lahore,LHR-001,524,8,57756.47,579474.23,4,1,1,0,TXN0001611,2023-10-18,7800.33,restaurant,withdrawal,16,2,0,0
C00099,45,Female,Karachi,KHI-001,370,6,97228.84,349680.81,1,0,0,0,TXN0000715,2023-10-18,6949.86,restaurant,debit,14,2,0,0
C00146,47,Male,Quetta,QTA-001,704,7,295789.53,595594.66,4,0,0,1,TXN0001039,2023-10-19,10377.88,travel,debit,11,3,0,0
C00074,35,Female,Lahore,LHR-001,673,2,117538.74,534218.75,3,1,1,0,TXN0000545,2023-10-19,20002.73,online,debit,10,3,0,0
C00039,28,Female,Islamabad,ISB-001,351,4,169743.81,40689.83,2,0,1,0,TXN0000277,2023-10-20,631325.58,online,debit,13,4,0,1
C00230,27,Female,Lahore,LHR-001,564,0,251245.12,127451.75,1,0,1,0,TXN0001588,2023-10-20,7574.12,electronics,transfer,9,4,0,0
C00167,23,Female,Islamabad,ISB-001,439,2,130674.84,93346.44,1,1,0,0,TXN0001181,2023-10-20,23516.97,electronics,debit,13,4,0,0
C00391,56,Female,Peshawar,PEW-001,693,6,300650.67,385607.24,4,1,1,0,TXN0002718,2023-10-20,3316.29,electronics,debit,13,4,0,0
C00388,50,Male,Lahore,LHR-001,674,6,316740.07,264665.23,1,0,0,0,TXN0002697,2023-10-21,8533.95,restaurant,transfer,21,5,1,0
C00340,40,Female,Lahore,LHR-001,449,1,466632.01,328498.1,4,0,0,1,TXN0002383,2023-10-21,195661.76,grocery,transfer,18,5,1,1
C00212,58,Female,Karachi,KHI-001,617,1,244965.29,308742.37,2,1,0,1,TXN0001469,2023-10-21,7700.59,grocery,credit,15,5,1,0
C00004,64,Female,Islamabad,ISB-001,600,1,374257.39,472780.76,3,1,1,0,TXN0000025,2023-10-21,344635.79,electronics,transfer,18,5,1,1
C00227,45,Female,Multan,MUL-001,507,10,251554.92,130933.86,3,0,0,0,TXN0001570,2023-10-21,14853.44,healthcare,debit,16,5,1,0
C00168,63,Female,Islamabad,ISB-001,644,3,102075.98,405189.02,1,0,1,1,TXN0001189,2023-10-22,1621.84,online,transfer,20,6,1,0
C00077,36,Male,Lahore,LHR-001,831,8,309400.38,240368.76,1,1,0,1,TXN0000560,2023-10-23,22446.66,electronics,transfer,11,0,0,0
C00318,54,Male,Peshawar,PEW-001,786,10,326832.84,90190.75,3,0,1,0,TXN0002215,2023-10-23,4262.62,electronics,withdrawal,11,0,0,0
C00325,59,Male,Multan,MUL-001,637,7,205220.3,521272.84,1,0,1,1,TXN0002263,2023-10-23,4183.93,healthcare,transfer,20,0,0,0
C00355,67,Male,Peshawar,PEW-001,396,8,236318.83,469327.44,3,0,1,1,TXN0002470,2023-10-23,12556.28,travel,credit,13,0,0,0
C00292,41,Male,Lahore,LHR-001,584,1,380722.74,123435.44,4,1,1,0,TXN0002017,2023-10-23,7938.33,grocery,credit,21,0,0,0
C00277,62,Female,Lahore,LHR-001,803,6,43493.85,374031.87,2,1,1,0,TXN0001913,2023-10-23,20646.45,grocery,debit,20,0,0,0
C00446,44,Female,Islamabad,ISB-001,691,1,235407.65,196633.98,3,0,1,0,TXN0003127,2023-10-23,8393.25,restaurant,transfer,16,0,0,0
C00066,25,Female,Karachi,KHI-001,625,2,11040.52,50285.88,2,0,1,1,TXN0000476,2023-10-23,1386.09,online,credit,11,0,0,0
C00492,57,Male,Karachi,KHI-001,836,0,410298.89,195541.47,4,1,0,1,TXN0003429,2023-10-23,98391.67,atm,transfer,8,0,0,1
C00494,52,Female,Islamabad,ISB-001,357,8,5509.59,40186.2,3,0,1,0,TXN0003441,2023-10-24,41057.06,grocery,debit,10,1,0,0
C00239,50,Male,Lahore,LHR-001,510,4,249665.56,505291.23,4,0,0,0,TXN0001660,2023-10-24,16767.87,travel,credit,0,1,0,0
C00441,40,Male,Lahore,LHR-001,838,7,57387.88,253309.33,4,1,0,1,TXN0003083,2023-10-24,7198.62,electronics,debit,21,1,0,0
C00185,62,Female,Lahore,LHR-001,693,4,48027.88,369215.25,3,1,1,1,TXN0001304,2023-10-24,22948.17,electronics,credit,11,1,0,0
C00054,65,Male,Lahore,LHR-001,507,2,249520.84,261505.25,2,1,1,1,TXN0000379,2023-10-24,28530.43,restaurant,credit,8,1,0,0
C00044,25,Male,Lahore,LHR-001,774,8,250234.7,166302.48,4,1,1,0,TXN0000313,2023-10-24,51668.08,grocery,credit,14,1,0,0
C00038,58,Male,Karachi,KHI-001,613,9,218606.43,298774.48,4,0,1,0,TXN0000270,2023-10-24,843.62,restaurant,debit,10,1,0,0
C00115,28,Female,Islamabad,ISB-001,691,8,243014.3,282846.99,2,0,1,0,TXN0000816,2023-10-24,43796.17,online,credit,14,1,0,0
C00110,26,Female,Multan,MUL-001,609,0,61562.31,384815.53,1,1,1,0,TXN0000780,2023-10-24,16073.41,online,credit,15,1,0,0
C00268,69,Male,Multan,MUL-001,559,2,313549.61,250376.46,4,1,0,0,TXN0001863,2023-10-25,11348.76,travel,debit,9,2,0,0
C00279,40,Female,Quetta,QTA-001,466,4,484011.2,288874.89,3,1,1,0,TXN0001940,2023-10-25,20636.02,grocery,withdrawal,18,2,0,0
C00014,61,Male,Peshawar,PEW-001,786,10,414830.74,465652.68,3,1,0,0,TXN0000098,2023-10-25,14756.7,electronics,transfer,13,2,0,0
C00380,47,Male,Karachi,KHI-001,553,6,416168.05,498475.95,2,1,1,0,TXN0002633,2023-10-25,3889.23,electronics,transfer,15,2,0,0
C00330,48,Male,Peshawar,PEW-001,684,8,370238.6,143727.93,3,0,1,0,TXN0002302,2023-10-26,15548.42,atm,debit,18,3,0,0
C00302,23,Male,Karachi,KHI-001,476,4,296190.56,281282.77,3,0,1,0,TXN0002093,2023-10-26,47816.72,atm,debit,14,3,0,0
C00445,47,Male,Peshawar,PEW-001,714,5,480851.07,502160.22,3,0,1,0,TXN0003119,2023-10-26,16990.58,electronics,withdrawal,8,3,0,0
C00444,58,Female,Lahore,LHR-001,511,7,441410.38,325445.58,2,1,1,0,TXN0003105,2023-10-26,2656.47,travel,debit,17,3,0,0
C00313,41,Female,Quetta,QTA-001,769,5,373806.95,332927.45,4,0,0,1,TXN0002182,2023-10-27,43401.04,healthcare,withdrawal,18,4,0,0
C00404,33,Male,Islamabad,ISB-001,400,8,231428.89,251946.8,4,1,0,0,TXN0002815,2023-10-27,10855.61,atm,debit,19,4,0,0
C00418,36,Male,Islamabad,ISB-001,473,9,29147.87,40692.54,2,0,0,0,TXN0002921,2023-10-27,13837.85,grocery,withdrawal,17,4,0,0
C00077,36,Male,Lahore,LHR-001,831,8,309400.38,240368.76,1,1,0,1,TXN0000556,2023-10-27,14488.3,atm,debit,22,4,0,0
C00268,69,Male,Multan,MUL-001,559,2,313549.61,250376.46,4,1,0,0,TXN0001865,2023-10-27,1455.91,electronics,debit,15,4,0,0
C00092,50,Female,Karachi,KHI-001,710,4,43273.93,563713.02,4,1,0,0,TXN0000675,2023-10-27,4651.22,atm,transfer,21,4,0,0
C00209,23,Male,Peshawar,PEW-001,805,1,492756.82,367415.59,4,0,0,0,TXN0001455,2023-10-27,18315.79,atm,transfer,11,4,0,0
C00075,52,Male,Islamabad,ISB-001,384,0,214680.45,86204.78,1,0,0,0,TXN0000548,2023-10-28,5024.45,healthcare,debit,19,5,1,0
C00069,47,Female,Karachi,KHI-001,521,0,359508.64,233769.28,1,0,1,0,TXN0000500,2023-10-28,13868.83,atm,withdrawal,19,5,1,0
C00408,55,Male,Karachi,KHI-001,474,1,26966.45,226798.95,3,1,1,0,TXN0002844,2023-10-28,617.28,grocery,credit,8,5,1,0
C00405,44,Female,Peshawar,PEW-001,655,1,198629.03,243248.79,2,1,0,1,TXN0002826,2023-10-28,3808.81,atm,debit,14,5,1,0
C00405,44,Female,Peshawar,PEW-001,655,1,198629.03,243248.79,2,1,0,1,TXN0002824,2023-10-28,4176.02,online,transfer,17,5,1,0
C00112,60,Female,Quetta,QTA-001,425,6,432441.48,303302.25,4,1,1,0,TXN0000791,2023-10-28,6391.34,atm,credit,13,5,1,0
C00480,47,Female,Karachi,KHI-001,784,0,33670.63,502112.43,3,0,0,1,TXN0003362,2023-10-28,13968.61,restaurant,debit,9,5,1,0
C00016,24,Female,Multan,MUL-001,513,2,400770.88,214693.11,1,0,1,0,TXN0000120,2023-10-28,2968.97,travel,transfer,12,5,1,0
C00002,50,Female,Karachi,KHI-001,412,7,57816.13,207089.68,2,1,0,0,TXN0000018,2023-10-28,838.97,grocery,debit,17,5,1,0
C00135,35,Male,Karachi,KHI-001,567,5,96309.12,469925.38,4,1,0,0,TXN0000963,2023-10-28,7321.58,restaurant,debit,15,5,1,0
C00047,30,Male,Islamabad,ISB-001,604,3,498857.84,222518.26,4,0,0,1,TXN0000329,2023-10-30,13131.23,electronics,debit,20,0,0,0
C00391,56,Female,Peshawar,PEW-001,693,6,300650.67,385607.24,4,0,1,0,TXN0002724,2023-10-30,570.3,grocery,credit,10,0,0,0
C00245,24,Male,Karachi,KHI-001,588,4,180166.33,376341.34,2,1,0,0,TXN0001711,2023-10-31,3523.05,grocery,debit,11,1,0,0
C00321,43,Female,Karachi,KHI-001,379,6,243125.63,586966.13,4,0,0,1,TXN0002235,2023-10-31,322419.87,online,transfer,21,1,0,1
C00056,68,Male,Lahore,LHR-001,384,1,55943.44,444257.07,1,0,1,1,TXN0000399,2023-10-31,6355.06,travel,transfer,20,1,0,0
C00325,59,Male,Multan,MUL-001,637,7,205220.3,521272.84,1,0,1,1,TXN0002270,2023-10-31,2066.92,restaurant,debit,17,1,0,0
C00085,39,Male,Islamabad,ISB-001,773,4,459781.51,572867.99,1,1,0,1,TXN0000621,2023-10-31,3824.24,electronics,withdrawal,21,1,0,0
C00496,40,Female,Islamabad,ISB-001,354,8,236927.01,377429.77,2,1,0,0,TXN0003457,2023-10-31,2164.61,restaurant,credit,10,1,0,0
C00122,44,Female,Multan,MUL-001,710,5,86929.09,316235.03,1,0,1,0,TXN0000869,2023-10-31,19788.0,electronics,transfer,12,1,0,0
C00463,50,Male,Peshawar,PEW-001,370,5,410246.31,498491.6,4,1,1,0,TXN0003244,2023-10-31,35457.42,grocery,credit,12,1,0,0
C00037,24,Female,Quetta,QTA-001,825,3,273710.41,143856.97,4,0,0,0,TXN0000265,2023-10-31,14993.53,grocery,credit,20,1,0,0
C00035,68,Male,Islamabad,ISB-001,545,8,37976.46,550628.18,1,1,1,0,TXN0000256,2023-10-31,2360.51,grocery,debit,19,1,0,0
C00362,54,Female,Islamabad,ISB-001,825,3,27324.84,339800.54,2,1,0,0,TXN0002515,2023-11-01,25737.3,restaurant,debit,8,2,0,0
C00270,22,Male,Islamabad,ISB-001,467,1,175469.95,403481.81,2,1,0,0,TXN0001871,2023-11-01,1305.31,online,withdrawal,15,2,0,0
C00174,65,Female,Lahore,LHR-001,455,4,280577.18,375279.83,1,1,1,0,TXN0001231,2023-11-01,7859.3,grocery,transfer,10,2,0,0
C00327,66,Male,Islamabad,ISB-001,544,7,402968.6,143367.67,1,1,1,0,TXN0002282,2023-11-01,19255.31,electronics,transfer,19,2,0,0
C00357,56,Female,Peshawar,PEW-001,624,5,427146.8,277409.1,4,1,1,0,TXN0002480,2023-11-01,1817.79,atm,transfer,19,2,0,0
C00055,29,Female,Karachi,KHI-001,617,3,378544.47,585831.92,3,1,0,0,TXN0000383,2023-11-01,275262.37,online,withdrawal,12,2,0,1
C00019,45,Female,Islamabad,ISB-001,635,7,121667.41,457668.73,2,1,1,1,TXN0000142,2023-11-02,2025.56,online,debit,19,3,0,0
C00470,50,Male,Quetta,QTA-001,441,3,93851.18,562329.21,3,0,1,0,TXN0003285,2023-11-02,38841.97,electronics,debit,11,3,0,0
C00157,66,Male,Islamabad,ISB-001,835,4,377856.88,248795.24,4,0,0,1,TXN0001125,2023-11-02,10025.45,travel,transfer,16,3,0,0
C00014,61,Male,Peshawar,PEW-001,786,10,414830.74,465652.68,3,0,0,0,TXN0000103,2023-11-02,16962.21,grocery,withdrawal,17,3,0,0
C00319,69,Female,Quetta,QTA-001,835,2,185525.14,441876.04,3,1,0,1,TXN0002222,2023-11-04,26982.95,electronics,debit,17,5,1,0
C00476,67,Male,Islamabad,ISB-001,460,10,87356.91,543026.51,4,1,1,1,TXN0003325,2023-11-04,14499.52,atm,debit,20,5,1,0
C00058,35,Female,Islamabad,ISB-001,413,6,192516.67,463953.19,2,1,1,0,TXN0000415,2023-11-04,3161.68,travel,transfer,21,5,1,0
C00073,57,Female,Karachi,KHI-001,742,10,174549.51,339175.64,4,1,1,1,TXN0000539,2023-11-04,4607.87,online,transfer,20,5,1,0
C00186,24,Male,Islamabad,ISB-001,626,7,318454.18,571206.68,3,0,1,0,TXN0001314,2023-11-04,7364.04,electronics,transfer,20,5,1,0
C00360,53,Male,Islamabad,ISB-001,793,0,142246.49,526785.39,3,1,1,0,TXN0002499,2023-11-05,11187.02,grocery,debit,15,6,1,0
C00138,26,Male,Karachi,KHI-001,816,9,201672.47,327837.69,1,1,0,0,TXN0000984,2023-11-05,786224.5,atm,transfer,9,6,1,1
C00204,23,Male,Karachi,KHI-001,517,5,113657.71,398401.66,4,0,0,1,TXN0001407,2023-11-05,1284.95,electronics,debit,13,6,1,0
C00360,53,Male,Islamabad,ISB-001,793,0,142246.49,526785.39,3,0,1,0,TXN0002497,2023-11-05,30374.44,healthcare,credit,20,6,1,0
C00112,60,Female,Quetta,QTA-001,425,6,432441.48,303302.25,4,0,1,0,TXN0000792,2023-11-06,5286.4,restaurant,debit,9,0,0,0
C00490,31,Female,Islamabad,ISB-001,624,1,411648.91,564411.54,4,1,0,1,TXN0003421,2023-11-06,27818.52,online,transfer,13,0,0,0
C00066,25,Female,Karachi,KHI-001,625,2,11040.52,50285.88,2,0,1,1,TXN0000477,2023-11-06,24437.22,online,debit,19,0,0,0
C00086,68,Female,Multan,MUL-001,681,2,396091.9,109563.18,1,0,1,0,TXN0000629,2023-11-06,19055.79,restaurant,transfer,13,0,0,0
C00286,45,Male,Karachi,KHI-001,645,5,346827.32,343723.65,1,0,0,1,TXN0001984,2023-11-07,9164.84,online,transfer,12,1,0,0
C00005,29,Male,Lahore,LHR-001,473,0,207216.56,168830.06,2,1,0,0,TXN0000031,2023-11-07,313323.94,online,debit,18,1,0,1
C00175,41,Male,Karachi,KHI-001,712,5,361802.48,262129.47,4,0,1,0,TXN0001236,2023-11-07,7351.41,travel,debit,16,1,0,0
C00141,60,Female,Islamabad,ISB-001,798,6,177946.56,261488.5,3,1,0,0,TXN0001010,2023-11-07,5604.97,electronics,withdrawal,20,1,0,0
C00178,49,Male,Islamabad,ISB-001,582,6,303582.71,534877.42,2,0,0,0,TXN0001260,2023-11-07,32012.94,online,withdrawal,16,1,0,0
C00207,38,Male,Islamabad,ISB-001,681,4,61547.77,89591.13,4,1,1,0,TXN0001426,2023-11-07,30222.12,online,transfer,17,1,0,0
C00450,22,Male,Karachi,KHI-001,784,5,118169.45,480314.54,1,1,0,0,TXN0003150,2023-11-07,2498.23,restaurant,debit,15,1,0,0
C00384,30,Female,Lahore,LHR-001,737,5,23182.31,472668.73,2,1,0,0,TXN0002667,2023-11-08,134316.39,online,transfer,18,2,0,1
C00405,44,Female,Peshawar,PEW-001,655,1,198629.03,243248.79,2,1,0,1,TXN0002830,2023-11-08,3959.98,grocery,withdrawal,18,2,0,0
C00003,36,Female,Peshawar,PEW-001,422,6,426110.09,510370.41,2,0,1,0,TXN0000019,2023-11-08,6587.67,online,credit,15,2,0,0
C00392,46,Male,Karachi,KHI-001,792,8,264890.59,287749.56,3,0,1,0,TXN0002736,2023-11-08,10293.13,grocery,credit,21,2,0,0
C00048,47,Male,Lahore,LHR-001,532,9,377439.54,370547.81,1,1,1,0,TXN0000336,2023-11-08,4406.95,atm,transfer,11,2,0,0
C00057,56,Male,Multan,MUL-001,616,0,270558.27,407910.96,1,1,1,0,TXN0000411,2023-11-08,6289.37,travel,debit,10,2,0,0
C00090,66,Male,Multan,MUL-001,396,4,190345.51,383248.74,3,1,1,0,TXN0000662,2023-11-08,9221.6,travel,credit,10,2,0,0
C00013,57,Female,Islamabad,ISB-001,771,2,391849.67,580131.46,1,1,0,1,TXN0000087,2023-11-09,3157.21,electronics,credit,12,3,0,0
C00243,40,Male,Karachi,KHI-001,834,4,386601.13,485485.81,4,0,1,0,TXN0001699,2023-11-09,20089.94,grocery,transfer,14,3,0,0
C00380,47,Male,Karachi,KHI-001,553,6,416168.05,498475.95,2,0,1,0,TXN0002630,2023-11-09,1972.21,electronics,credit,19,3,0,0
C00059,38,Male,Islamabad,ISB-001,843,7,231215.11,573483.24,1,1,1,0,TXN0000418,2023-11-10,3792.44,grocery,withdrawal,13,4,0,0
C00156,60,Female,Islamabad,ISB-001,538,5,42374.17,394222.7,4,0,0,1,TXN0001113,2023-11-10,1770.2,grocery,transfer,10,4,0,0
C00280,69,Female,Islamabad,ISB-001,351,1,7600.64,48213.55,1,1,1,0,TXN0001943,2023-11-10,5982.05,grocery,debit,18,4,0,0
C00432,68,Female,Karachi,KHI-001,849,6,368285.41,481225.11,4,0,0,0,TXN0003019,2023-11-10,19079.17,grocery,credit,18,4,0,0
C00002,50,Female,Karachi,KHI-001,412,7,57816.13,207089.68,2,0,0,0,TXN0000012,2023-11-10,751071.95,online,transfer,18,4,0,1
C00152,25,Female,Karachi,KHI-001,689,0,251020.91,172043.57,4,0,1,0,TXN0001086,2023-11-10,11122.58,restaurant,transfer,20,4,0,0
C00217,23,Male,Lahore,LHR-001,439,0,112921.44,364862.85,4,1,0,0,TXN0001494,2023-11-11,30878.24,restaurant,debit,12,5,1,0
C00064,27,Male,Karachi,KHI-001,674,6,207432.81,97563.75,3,1,1,0,TXN0000462,2023-11-11,15517.01,online,debit,8,5,1,0
C00124,58,Male,Peshawar,PEW-001,421,7,159179.22,265826.36,1,0,1,0,TXN0000876,2023-11-11,1873.13,restaurant,transfer,14,5,1,0
C00181,54,Male,Islamabad,ISB-001,386,9,472482.81,291315.44,4,1,1,0,TXN0001280,2023-11-11,23263.5,grocery,credit,13,5,1,0
C00197,36,Male,Quetta,QTA-001,496,5,184714.31,352558.54,4,1,1,0,TXN0001365,2023-11-12,2799.89,atm,debit,19,6,1,0
C00107,56,Female,Multan,MUL-001,804,8,106762.01,372236.04,2,0,1,1,TXN0000766,2023-11-12,2869.41,online,debit,11,6,1,0
C00424,65,Female,Lahore,LHR-001,623,4,35450.93,585532.19,4,0,1,0,TXN0002967,2023-11-12,14273.05,online,credit,14,6,1,0
C00046,35,Female,Lahore,LHR-001,476,8,288709.67,404850.9,2,1,0,0,TXN0000322,2023-11-12,15684.67,electronics,transfer,9,6,1,0
C00164,28,Male,Lahore,LHR-001,753,4,434161.91,372034.3,1,0,1,0,TXN0001165,2023-11-12,21804.73,grocery,credit,11,6,1,0
C00347,50,Male,Lahore,LHR-001,505,8,292474.82,471169.03,4,0,1,0,TXN0002419,2023-11-12,4631.48,atm,debit,20,6,1,0
C00339,69,Male,Lahore,LHR-001,467,4,195062.13,397271.72,1,1,0,1,TXN0002372,2023-11-13,4420.87,electronics,credit,20,0,0,0
C00206,58,Male,Karachi,KHI-001,368,2,390980.59,140805.84,3,1,1,0,TXN0001417,2023-11-13,2151.41,restaurant,transfer,14,0,0,0
C00055,29,Female,Karachi,KHI-001,617,3,378544.47,585831.92,3,0,0,0,TXN0000385,2023-11-13,4854.17,travel,debit,10,0,0,0
C00380,47,Male,Karachi,KHI-001,553,6,416168.05,498475.95,2,1,1,0,TXN0002631,2023-11-14,10229.98,restaurant,debit,12,1,0,0
C00002,50,Female,Karachi,KHI-001,412,7,57816.13,207089.68,2,0,0,0,TXN0000011,2023-11-14,3200.67,electronics,credit,9,1,0,0
C00036,65,Male,Peshawar,PEW-001,417,6,118367.57,581806.31,4,0,0,0,TXN0000263,2023-11-14,7515.68,grocery,credit,9,1,0,0
C00028,65,Female,Lahore,LHR-001,658,9,313930.26,91052.11,3,1,1,0,TXN0000217,2023-11-14,3486.57,electronics,credit,17,1,0,0
C00471,35,Male,Lahore,LHR-001,796,0,378080.92,362091.48,1,1,1,0,TXN0003290,2023-11-14,3303.05,online,debit,12,1,0,0
C00254,39,Male,Karachi,KHI-001,492,0,362158.77,525205.65,1,1,0,1,TXN0001778,2023-11-14,2631.63,travel,debit,18,1,0,0
C00375,44,Female,Lahore,LHR-001,741,10,372959.65,287921.5,4,0,1,0,TXN0002598,2023-11-14,71059.7,grocery,credit,20,1,0,0
C00074,35,Female,Lahore,LHR-001,673,2,117538.74,534218.75,3,1,1,0,TXN0000542,2023-11-15,10072.02,grocery,debit,16,2,0,0
C00340,40,Female,Lahore,LHR-001,449,1,466632.01,328498.1,4,0,0,1,TXN0002375,2023-11-15,22241.51,restaurant,credit,12,2,0,0
C00316,24,Male,Karachi,KHI-001,724,10,263605.12,338065.72,3,0,1,0,TXN0002204,2023-11-15,1301.43,electronics,debit,20,2,0,0
C00437,63,Female,Quetta,QTA-001,627,8,84398.05,75341.06,4,1,0,0,TXN0003056,2023-11-15,39498.33,grocery,transfer,14,2,0,0
C00020,65,Male,Quetta,QTA-001,614,9,318710.49,152201.12,3,1,0,0,TXN0000151,2023-11-15,1367.23,atm,transfer,13,2,0,0
C00207,38,Male,Islamabad,ISB-001,681,4,61547.77,89591.13,4,0,1,0,TXN0001435,2023-11-16,949.85,atm,withdrawal,18,3,0,0
C00107,56,Female,Multan,MUL-001,804,8,106762.01,372236.04,2,0,1,1,TXN0000761,2023-11-16,13557.33,electronics,debit,20,3,0,0
C00071,55,Female,Karachi,KHI-001,550,8,414265.42,567093.0,3,0,1,0,TXN0000519,2023-11-16,31160.0,grocery,withdrawal,17,3,0,0
C00427,25,Male,Peshawar,PEW-001,634,4,453724.29,470415.89,3,0,1,0,TXN0002988,2023-11-16,9544.09,restaurant,credit,12,3,0,0
C00010,32,Female,Multan,MUL-001,849,2,463592.46,449511.24,1,1,1,0,TXN0000065,2023-11-16,25386.99,atm,withdrawal,14,3,0,0
C00318,54,Male,Peshawar,PEW-001,786,10,326832.84,90190.75,3,0,1,0,TXN0002214,2023-11-16,16365.94,electronics,debit,11,3,0,0
C00158,36,Female,Karachi,KHI-001,398,5,139789.42,327064.51,1,1,0,0,TXN0001130,2023-11-16,27612.38,atm,withdrawal,11,3,0,0
C00253,60,Female,Karachi,KHI-001,592,8,458179.27,218142.47,1,0,0,0,TXN0001773,2023-11-16,11861.03,atm,debit,22,3,0,0
C00406,36,Male,Peshawar,PEW-001,611,3,140114.89,597469.07,4,0,0,0,TXN0002836,2023-11-17,1391.67,grocery,withdrawal,13,4,0,0
C00073,57,Female,Karachi,KHI-001,742,10,174549.51,339175.64,4,1,1,1,TXN0000537,2023-11-17,24657.32,atm,transfer,9,4,0,0
C00299,39,Male,Islamabad,ISB-001,562,9,30539.92,440674.91,4,0,1,0,TXN0002073,2023-11-17,13268.73,atm,debit,11,4,0,0
C00295,46,Male,Peshawar,PEW-001,650,5,490385.52,306949.47,3,0,1,0,TXN0002041,2023-11-18,1652.21,grocery,transfer,20,5,1,0
C00355,67,Male,Peshawar,PEW-001,396,8,236318.83,469327.44,3,1,1,1,TXN0002467,2023-11-18,5689.26,online,withdrawal,11,5,1,0
C00212,58,Female,Karachi,KHI-001,617,1,244965.29,308742.37,2,0,0,1,TXN0001465,2023-11-18,581455.91,online,transfer,21,5,1,1
C00016,24,Female,Multan,MUL-001,513,2,400770.88,214693.11,1,0,1,0,TXN0000117,2023-11-18,29289.43,online,transfer,17,5,1,0
C00141,60,Female,Islamabad,ISB-001,798,6,177946.56,261488.5,3,0,0,0,TXN0001008,2023-11-18,879.06,online,transfer,8,5,1,0
C00221,27,Male,Lahore,LHR-001,802,0,450783.29,338057.19,1,1,0,0,TXN0001523,2023-11-19,13931.53,travel,debit,20,6,1,0
C00496,40,Female,Islamabad,ISB-001,354,8,236927.01,377429.77,2,0,0,0,TXN0003459,2023-11-19,4356.95,atm,debit,14,6,1,0
C00430,53,Male,Islamabad,ISB-001,780,5,274170.56,92040.32,2,1,1,0,TXN0003009,2023-11-19,10085.34,atm,debit,10,6,1,0
C00098,30,Male,Multan,MUL-001,581,9,86932.65,410059.27,3,1,1,0,TXN0000710,2023-11-19,11865.91,travel,withdrawal,16,6,1,0
C00271,69,Male,Lahore,LHR-001,550,0,179012.38,223893.49,1,1,0,0,TXN0001880,2023-11-19,6831.18,online,credit,16,6,1,0
C00286,45,Male,Karachi,KHI-001,645,5,346827.32,343723.65,1,0,0,1,TXN0001981,2023-11-19,1744.54,grocery,debit,20,6,1,0
C00118,33,Female,Karachi,KHI-001,821,9,21259.1,51682.24,1,0,0,0,TXN0000831,2023-11-20,11143.3,atm,transfer,17,0,0,0
C00026,33,Male,Quetta,QTA-001,491,6,358322.32,129177.61,4,0,1,0,TXN0000200,2023-11-20,3641.35,grocery,debit,18,0,0,0
C00093,36,Male,Islamabad,ISB-001,496,6,56602.25,570516.26,3,0,1,1,TXN0000682,2023-11-20,129948.03,online,debit,23,0,0,1
C00412,43,Female,Lahore,LHR-001,775,2,466136.8,395577.63,1,1,1,0,TXN0002874,2023-11-20,11708.33,grocery,credit,15,0,0,0
C00086,68,Female,Multan,MUL-001,681,2,396091.9,109563.18,1,0,1,0,TXN0000625,2023-11-20,18776.51,atm,transfer,15,0,0,0
C00444,58,Female,Lahore,LHR-001,511,7,441410.38,325445.58,2,0,1,0,TXN0003115,2023-11-20,11799.02,grocery,debit,21,0,0,0
C00301,39,Male,Karachi,KHI-001,398,0,26861.89,500540.31,2,0,1,0,TXN0002087,2023-11-21,2801.34,electronics,debit,20,1,0,0
C00412,43,Female,Lahore,LHR-001,775,2,466136.8,395577.63,1,0,1,0,TXN0002876,2023-11-21,9867.25,healthcare,transfer,13,1,0,0
C00183,48,Male,Islamabad,ISB-001,390,5,206164.19,121623.68,4,0,0,0,TXN0001294,2023-11-21,3480.53,online,debit,10,1,0,0
C00499,26,Female,Peshawar,PEW-001,513,5,427833.84,356087.01,4,0,0,0,TXN0003486,2023-11-21,168413.53,atm,credit,8,1,0,1
C00200,45,Male,Lahore,LHR-001,476,0,175870.11,592548.07,2,1,1,0,TXN0001387,2023-11-22,817280.12,atm,transfer,10,2,0,1
C00462,43,Female,Multan,MUL-001,841,4,9490.84,158710.19,3,1,0,1,TXN0003231,2023-11-22,501.5,travel,credit,14,2,0,0
C00122,44,Female,Multan,MUL-001,710,5,86929.09,316235.03,1,0,1,0,TXN0000862,2023-11-22,8693.48,travel,debit,17,2,0,0
C00026,33,Male,Quetta,QTA-001,491,6,358322.32,129177.61,4,1,1,0,TXN0000197,2023-11-22,3858.91,atm,transfer,18,2,0,0
C00016,24,Female,Multan,MUL-001,513,2,400770.88,214693.11,1,1,1,0,TXN0000119,2023-11-22,19601.57,grocery,debit,9,2,0,0
C00334,54,Female,Lahore,LHR-001,709,1,211665.51,496819.24,1,1,0,0,TXN0002331,2023-11-23,12702.47,electronics,withdrawal,9,3,0,0
C00407,49,Male,Peshawar,PEW-001,664,5,240955.03,289957.32,2,0,0,1,TXN0002841,2023-11-23,28313.7,restaurant,withdrawal,10,3,0,0
C00425,26,Male,Quetta,QTA-001,550,8,442038.6,51214.76,1,1,0,0,TXN0002970,2023-11-23,51049.18,atm,transfer,14,3,0,0
C00139,47,Female,Islamabad,ISB-001,729,9,216260.51,369312.69,4,0,0,0,TXN0000994,2023-11-23,34285.33,restaurant,transfer,13,3,0,0
C00183,48,Male,Islamabad,ISB-001,390,5,206164.19,121623.68,4,1,0,0,TXN0001293,2023-11-23,4635.5,healthcare,transfer,20,3,0,0
C00440,38,Male,Karachi,KHI-001,514,2,465394.72,231337.72,2,1,0,0,TXN0003075,2023-11-24,2153.69,atm,withdrawal,14,4,0,0
C00102,29,Female,Islamabad,ISB-001,625,2,159164.91,309306.15,4,1,1,0,TXN0000730,2023-11-24,7763.76,online,debit,16,4,0,0
C00333,51,Female,Islamabad,ISB-001,372,10,438949.36,88741.82,3,1,0,0,TXN0002327,2023-11-24,5150.07,travel,credit,11,4,0,0
C00060,57,Female,Islamabad,ISB-001,399,6,303959.15,548378.45,2,1,1,0,TXN0000429,2023-11-25,5950.46,online,debit,15,5,1,0
C00161,57,Female,Peshawar,PEW-001,539,5,401371.14,284812.62,4,0,0,0,TXN0001142,2023-11-25,19371.58,electronics,transfer,12,5,1,0
C00354,50,Male,Islamabad,ISB-001,542,9,6656.45,493336.79,4,0,1,0,TXN0002463,2023-11-25,11664.35,atm,credit,10,5,1,0
C00401,67,Female,Karachi,KHI-001,797,3,22258.25,295840.84,3,0,1,0,TXN0002794,2023-11-26,29819.64,restaurant,credit,8,6,1,0
C00462,43,Female,Multan,MUL-001,841,4,9490.84,158710.19,3,1,0,1,TXN0003235,2023-11-26,4994.53,grocery,credit,10,6,1,0
C00487,51,Female,Lahore,LHR-001,598,9,299225.95,474965.23,1,1,1,0,TXN0003406,2023-11-26,3570.67,atm,debit,19,6,1,0
C00287,32,Male,Islamabad,ISB-001,607,1,263043.83,572827.99,2,0,0,1,TXN0001988,2023-11-26,865235.58,restaurant,transfer,15,6,1,1
C00499,26,Female,Peshawar,PEW-001,513,5,427833.84,356087.01,4,1,0,0,TXN0003479,2023-11-26,13220.49,atm,debit,19,6,1,0
C00038,58,Male,Karachi,KHI-001,613,9,218606.43,298774.48,4,1,1,0,TXN0000267,2023-11-26,258534.42,atm,credit,18,6,1,1
C00084,66,Female,Karachi,KHI-001,780,4,55595.27,415415.86,2,0,1,0,TXN0000610,2023-11-27,7648.58,online,withdrawal,9,0,0,0
C00281,37,Male,Lahore,LHR-001,442,10,56031.4,368754.56,4,1,1,0,TXN0001951,2023-11-27,4190.92,atm,credit,13,0,0,0
C00160,50,Male,Peshawar,PEW-001,718,4,265656.34,78714.36,1,0,0,0,TXN0001135,2023-11-27,7105.96,atm,transfer,8,0,0,0
C00382,61,Male,Lahore,LHR-001,670,1,28237.95,228847.19,1,1,1,1,TXN0002648,2023-11-27,11069.84,restaurant,transfer,17,0,0,0
C00470,50,Male,Quetta,QTA-001,441,3,93851.18,562329.21,3,0,1,0,TXN0003283,2023-11-27,15222.9,atm,debit,19,0,0,0
C00046,35,Female,Lahore,LHR-001,476,8,288709.67,404850.9,2,1,0,0,TXN0000320,2023-11-27,22770.24,online,debit,19,0,0,0
C00402,37,Female,Islamabad,ISB-001,824,9,447986.11,146581.92,1,0,0,1,TXN0002796,2023-11-28,4747.84,electronics,credit,17,1,0,0
C00382,61,Male,Lahore,LHR-001,670,1,28237.95,228847.19,1,1,1,1,TXN0002653,2023-11-28,6873.34,online,debit,10,1,0,0
C00461,26,Female,Islamabad,ISB-001,732,2,191464.2,119115.71,1,1,0,0,TXN0003218,2023-11-28,498199.07,online,debit,10,1,0,1
C00235,54,Female,Islamabad,ISB-001,495,4,136916.7,588033.52,2,0,1,0,TXN0001637,2023-11-28,47260.73,grocery,debit,17,1,0,0
C00051,49,Female,Karachi,KHI-001,411,7,75848.35,123765.16,3,1,1,0,TXN0000364,2023-11-28,1999.98,restaurant,transfer,10,1,0,0
C00462,43,Female,Multan,MUL-001,841,4,9490.84,158710.19,3,1,0,1,TXN0003229,2023-11-28,5211.05,grocery,debit,16,1,0,0
C00186,24,Male,Islamabad,ISB-001,626,7,318454.18,571206.68,3,0,1,0,TXN0001316,2023-11-29,2764.48,atm,credit,19,2,0,0
C00089,46,Male,Karachi,KHI-001,523,10,386767.1,385298.57,1,0,1,0,TXN0000648,2023-11-30,4195.19,restaurant,credit,17,3,0,0
C00342,56,Female,Islamabad,ISB-001,766,5,9695.29,484496.56,3,1,0,1,TXN0002387,2023-11-30,2487.5,restaurant,transfer,9,3,0,0
C00417,27,Male,Karachi,KHI-001,519,3,349378.57,500211.61,2,0,0,0,TXN0002909,2023-11-30,3610.3,restaurant,credit,17,3,0,0
C00394,34,Female,Karachi,KHI-001,424,6,260047.72,414977.47,3,0,0,0,TXN0002744,2023-12-01,6783.04,atm,withdrawal,14,4,0,0
C00136,24,Male,Lahore,LHR-001,632,6,153299.98,322713.13,4,0,1,0,TXN0000973,2023-12-01,6634.6,atm,credit,13,4,0,0
C00226,59,Male,Lahore,LHR-001,692,5,408451.94,450423.39,2,1,0,1,TXN0001563,2023-12-01,6952.87,atm,withdrawal,16,4,0,0
C00206,58,Male,Karachi,KHI-001,368,2,390980.59,140805.84,3,0,1,0,TXN0001420,2023-12-01,1068.62,atm,debit,20,4,0,0
C00234,37,Male,Quetta,QTA-001,687,0,135523.48,410514.12,4,0,0,0,TXN0001628,2023-12-01,10073.68,travel,debit,15,4,0,0
C00204,23,Male,Karachi,KHI-001,517,5,113657.71,398401.66,4,1,0,1,TXN0001409,2023-12-01,7320.25,electronics,debit,20,4,0,0
C00096,46,Male,Karachi,KHI-001,442,4,65791.34,382864.47,4,0,1,0,TXN0000697,2023-12-01,860447.72,online,credit,20,4,0,1
C00383,54,Male,Quetta,QTA-001,380,9,195124.85,547093.88,2,1,0,0,TXN0002657,2023-12-01,19557.9,online,transfer,14,4,0,0
C00290,59,Male,Quetta,QTA-001,617,10,380404.24,495709.12,4,1,1,0,TXN0002002,2023-12-01,10603.4,electronics,debit,10,4,0,0
C00184,34,Male,Lahore,LHR-001,366,7,165375.08,291682.95,3,0,1,0,TXN0001297,2023-12-02,2117.69,electronics,debit,11,5,1,0
C00101,65,Male,Islamabad,ISB-001,387,4,169412.47,478946.23,2,1,0,1,TXN0000724,2023-12-02,28618.6,grocery,withdrawal,20,5,1,0
C00066,25,Female,Karachi,KHI-001,625,2,11040.52,50285.88,2,0,1,1,TXN0000480,2023-12-02,3598.01,grocery,transfer,18,5,1,0
C00304,37,Male,Lahore,LHR-001,758,9,280124.26,79916.95,2,1,0,0,TXN0002111,2023-12-02,4305.83,atm,credit,20,5,1,0
C00185,62,Female,Lahore,LHR-001,693,4,48027.88,369215.25,3,0,1,1,TXN0001310,2023-12-02,22518.12,online,transfer,9,5,1,0
C00272,33,Male,Lahore,LHR-001,726,5,209332.81,392916.9,4,1,0,0,TXN0001888,2023-12-02,10616.01,grocery,transfer,21,5,1,0
C00068,39,Male,Multan,MUL-001,800,0,284926.63,157795.76,3,1,1,0,TXN0000496,2023-12-02,6809.79,restaurant,transfer,11,5,1,0
C00180,60,Male,Lahore,LHR-001,693,10,481511.41,225298.04,2,1,1,0,TXN0001273,2023-12-03,16068.0,travel,debit,13,6,1,0
C00249,28,Female,Islamabad,ISB-001,462,9,386638.03,363223.73,1,0,0,0,TXN0001739,2023-12-03,3403.28,travel,credit,11,6,1,0
C00057,56,Male,Multan,MUL-001,616,0,270558.27,407910.96,1,1,1,0,TXN0000405,2023-12-03,1920.48,restaurant,transfer,9,6,1,0
C00461,26,Female,Islamabad,ISB-001,732,2,191464.2,119115.71,1,0,0,0,TXN0003222,2023-12-04,8655.18,grocery,debit,20,0,0,0
C00070,65,Female,Lahore,LHR-001,766,3,301519.54,474450.65,2,0,1,1,TXN0000517,2023-12-04,909.46,electronics,transfer,11,0,0,0
C00409,23,Female,Karachi,KHI-001,748,7,426835.8,365066.0,2,0,0,0,TXN0002855,2023-12-04,30606.98,atm,transfer,21,0,0,0
C00084,66,Female,Karachi,KHI-001,780,4,55595.27,415415.86,2,0,1,0,TXN0000606,2023-12-04,2644.12,electronics,credit,18,0,0,0
C00045,46,Female,Islamabad,ISB-001,469,4,372023.15,130062.26,3,0,1,0,TXN0000317,2023-12-05,12097.83,grocery,credit,18,1,0,0
C00147,63,Male,Islamabad,ISB-001,773,8,150552.12,198958.54,1,0,0,0,TXN0001053,2023-12-05,2065.25,online,transfer,16,1,0,0
C00299,39,Male,Islamabad,ISB-001,562,9,30539.92,440674.91,4,1,1,0,TXN0002071,2023-12-05,7283.0,online,debit,14,1,0,0
C00413,46,Male,Karachi,KHI-001,834,9,368930.26,462709.18,2,1,0,0,TXN0002885,2023-12-05,6265.9,healthcare,credit,17,1,0,0
C00463,50,Male,Peshawar,PEW-001,370,5,410246.31,498491.6,4,0,1,0,TXN0003240,2023-12-05,33883.96,healthcare,credit,20,1,0,0
C00002,50,Female,Karachi,KHI-001,412,7,57816.13,207089.68,2,1,0,0,TXN0000016,2023-12-05,1241.78,online,transfer,8,1,0,0
C00285,54,Female,Lahore,LHR-001,699,1,396056.71,320249.37,1,0,1,0,TXN0001974,2023-12-05,18069.99,electronics,credit,8,1,0,0
C00004,64,Female,Islamabad,ISB-001,600,1,374257.39,472780.76,3,0,1,0,TXN0000029,2023-12-05,14255.68,electronics,credit,12,1,0,0
C00057,56,Male,Multan,MUL-001,616,0,270558.27,407910.96,1,0,1,0,TXN0000404,2023-12-06,8413.18,restaurant,debit,18,2,0,0
C00290,59,Male,Quetta,QTA-001,617,10,380404.24,495709.12,4,1,1,0,TXN0002008,2023-12-06,30157.36,atm,debit,13,2,0,0
C00420,58,Female,Islamabad,ISB-001,384,10,481250.38,589492.37,4,1,0,1,TXN0002939,2023-12-06,13151.07,restaurant,debit,12,2,0,0
C00463,50,Male,Peshawar,PEW-001,370,5,410246.31,498491.6,4,0,1,0,TXN0003239,2023-12-06,23611.21,atm,transfer,18,2,0,0
C00115,28,Female,Islamabad,ISB-001,691,8,243014.3,282846.99,2,0,1,0,TXN0000810,2023-12-07,52056.51,atm,transfer,16,3,0,0
C00242,57,Male,Islamabad,ISB-001,431,2,205168.84,103341.5,4,1,0,0,TXN0001685,2023-12-07,3699.86,restaurant,debit,21,3,0,0
C00309,54,Male,Lahore,LHR-001,626,3,100336.52,308342.61,2,1,1,0,TXN0002146,2023-12-07,7787.72,grocery,debit,16,3,0,0
C00349,27,Male,Peshawar,PEW-001,356,1,202152.26,183161.2,4,0,0,0,TXN0002434,2023-12-07,760659.94,online,debit,9,3,0,1
C00239,50,Male,Lahore,LHR-001,510,4,249665.56,505291.23,4,0,0,0,TXN0001666,2023-12-07,3797.12,online,transfer,13,3,0,0
C00313,41,Female,Quetta,QTA-001,769,5,373806.95,332927.45,4,0,0,1,TXN0002184,2023-12-07,11533.05,online,debit,19,3,0,0
C00137,22,Male,Islamabad,ISB-001,485,10,158418.78,344248.29,4,1,0,0,TXN0000978,2023-12-07,37195.42,atm,withdrawal,21,3,0,0
C00226,59,Male,Lahore,LHR-001,692,5,408451.94,450423.39,2,1,0,1,TXN0001567,2023-12-07,19526.21,grocery,debit,19,3,0,0
C00009,44,Male,Islamabad,ISB-001,780,1,192718.15,57529.3,3,1,1,0,TXN0000053,2023-12-07,11649.15,travel,withdrawal,12,3,0,0
C00193,54,Male,Lahore,LHR-001,746,4,455758.88,477802.58,1,1,1,0,TXN0001349,2023-12-07,10661.55,travel,debit,16,3,0,0
C00129,48,Male,Karachi,KHI-001,502,6,260010.97,137548.27,4,1,0,0,TXN0000914,2023-12-08,783798.9,atm,credit,18,4,0,1
C00333,51,Female,Islamabad,ISB-001,372,10,438949.36,88741.82,3,1,0,0,TXN0002325,2023-12-08,575547.82,electronics,credit,11,4,0,1
C00033,37,Female,Karachi,KHI-001,571,1,198783.64,486206.78,4,0,1,0,TXN0000243,2023-12-09,7097.78,grocery,debit,21,5,1,0
C00108,56,Female,Karachi,KHI-001,697,9,394955.99,404164.74,4,1,0,0,TXN0000770,2023-12-09,41112.04,grocery,debit,8,5,1,0
C00066,25,Female,Karachi,KHI-001,625,2,11040.52,50285.88,2,0,1,1,TXN0000479,2023-12-09,15067.94,atm,debit,8,5,1,0
C00326,59,Female,Karachi,KHI-001,800,3,288351.74,487877.41,1,1,0,0,TXN0002278,2023-12-09,12196.36,electronics,debit,19,5,1,0
C00403,35,Female,Karachi,KHI-001,583,2,430762.77,69309.77,4,1,1,0,TXN0002805,2023-12-09,7873.43,electronics,debit,18,5,1,0
C00229,55,Female,Karachi,KHI-001,780,0,205597.8,449264.51,2,0,1,0,TXN0001577,2023-12-09,2336.21,electronics,debit,15,5,1,0
C00212,58,Female,Karachi,KHI-001,617,1,244965.29,308742.37,2,1,0,1,TXN0001464,2023-12-09,7720.81,travel,debit,11,5,1,0
C00163,53,Male,Multan,MUL-001,392,10,420695.49,266811.65,4,1,1,0,TXN0001157,2023-12-09,670124.42,online,withdrawal,18,5,1,1
C00449,22,Male,Karachi,KHI-001,692,3,410873.72,130587.96,3,1,0,0,TXN0003142,2023-12-10,21716.6,online,withdrawal,11,6,1,0
C00002,50,Female,Karachi,KHI-001,412,7,57816.13,207089.68,2,1,0,0,TXN0000013,2023-12-10,11569.81,online,transfer,8,6,1,0
C00313,41,Female,Quetta,QTA-001,769,5,373806.95,332927.45,4,1,0,1,TXN0002178,2023-12-10,26442.9,travel,transfer,21,6,1,0
C00119,55,Male,Islamabad,ISB-001,511,1,456810.98,405827.29,1,0,0,1,TXN0000836,2023-12-10,7361.05,restaurant,debit,19,6,1,0
C00168,63,Female,Islamabad,ISB-001,644,3,102075.98,405189.02,1,1,1,1,TXN0001191,2023-12-10,11895.75,grocery,debit,3,6,1,0
C00451,68,Male,Peshawar,PEW-001,736,5,454807.15,361768.93,3,1,1,0,TXN0003160,2023-12-10,9892.07,healthcare,credit,20,6,1,0
C00125,56,Male,Karachi,KHI-001,436,0,391345.38,163514.23,1,1,1,0,TXN0000892,2023-12-10,8881.29,atm,credit,9,6,1,0
C00331,55,Female,Lahore,LHR-001,390,2,262483.21,553941.39,2,0,1,0,TXN0002311,2023-12-11,33003.58,electronics,debit,18,0,0,0
C00278,56,Male,Lahore,LHR-001,504,4,6158.0,345584.66,3,1,1,0,TXN0001924,2023-12-11,3268.39,grocery,credit,13,0,0,0
C00251,54,Female,Lahore,LHR-001,681,0,419354.1,129200.97,2,1,0,1,TXN0001754,2023-12-11,549503.67,online,debit,15,0,0,1
C00378,63,Male,Karachi,KHI-001,465,6,419723.74,48859.81,2,1,0,0,TXN0002620,2023-12-11,5590.32,electronics,debit,13,0,0,0
C00241,41,Female,Karachi,KHI-001,769,5,419862.95,470370.84,4,0,1,1,TXN0001683,2023-12-11,2713.05,online,debit,19,0,0,0
C00354,50,Male,Islamabad,ISB-001,542,9,6656.45,493336.79,4,1,1,0,TXN0002465,2023-12-11,8111.13,electronics,transfer,18,0,0,0
C00482,69,Female,Islamabad,ISB-001,448,1,426945.26,108186.67,3,1,1,0,TXN0003368,2023-12-11,3323.79,online,debit,3,0,0,0
C00424,65,Female,Lahore,LHR-001,623,4,35450.93,585532.19,4,0,1,0,TXN0002965,2023-12-12,7102.08,grocery,debit,11,1,0,0
C00226,59,Male,Lahore,LHR-001,692,5,408451.94,450423.39,2,0,0,1,TXN0001564,2023-12-12,37125.82,travel,debit,21,1,0,0
C00377,48,Female,Karachi,KHI-001,525,2,203782.22,445729.44,2,0,1,0,TXN0002606,2023-12-12,42002.98,grocery,debit,12,1,0,0
C00361,44,Male,Islamabad,ISB-001,751,9,455617.86,304819.5,1,0,0,0,TXN0002503,2023-12-13,5346.17,healthcare,credit,11,2,0,0
C00051,49,Female,Karachi,KHI-001,411,7,75848.35,123765.16,3,1,1,0,TXN0000366,2023-12-13,24940.37,online,withdrawal,19,2,0,0
C00264,56,Female,Karachi,KHI-001,680,9,421557.18,544770.36,2,1,1,0,TXN0001835,2023-12-13,6730.27,travel,credit,8,2,0,0
C00036,65,Male,Peshawar,PEW-001,417,6,118367.57,581806.31,4,1,0,0,TXN0000259,2023-12-13,20658.89,electronics,debit,12,2,0,0
C00279,40,Female,Quetta,QTA-001,466,4,484011.2,288874.89,3,1,1,0,TXN0001934,2023-12-13,2021.84,restaurant,withdrawal,13,2,0,0
C00399,22,Male,Karachi,KHI-001,779,3,313354.0,420873.88,2,1,0,0,TXN0002780,2023-12-13,3656.96,restaurant,credit,12,2,0,0
C00442,49,Male,Karachi,KHI-001,654,4,351000.42,233940.19,2,1,1,0,TXN0003097,2023-12-14,21379.53,restaurant,credit,12,3,0,0
C00252,61,Female,Karachi,KHI-001,727,4,221410.73,378774.2,3,1,1,0,TXN0001767,2023-12-14,44116.17,atm,debit,8,3,0,0
C00426,60,Female,Multan,MUL-001,718,0,260459.12,452820.93,3,1,0,0,TXN0002980,2023-12-14,6751.42,restaurant,withdrawal,8,3,0,0
C00479,37,Male,Islamabad,ISB-001,833,2,239419.07,573566.62,4,1,0,0,TXN0003351,2023-12-14,3672.08,online,credit,12,3,0,0
C00473,26,Male,Karachi,KHI-001,474,9,91007.97,215687.51,1,1,0,1,TXN0003308,2023-12-14,31744.15,online,transfer,2,3,0,0
C00122,44,Female,Multan,MUL-001,710,5,86929.09,316235.03,1,1,1,0,TXN0000861,2023-12-14,12322.66,grocery,transfer,10,3,0,0
C00268,69,Male,Multan,MUL-001,559,2,313549.61,250376.46,4,0,0,0,TXN0001862,2023-12-14,8704.17,electronics,credit,10,3,0,0
C00359,42,Male,Karachi,KHI-001,551,10,296608.72,171731.93,2,0,1,0,TXN0002493,2023-12-14,23063.63,online,debit,20,3,0,0
C00313,41,Female,Quetta,QTA-001,769,5,373806.95,332927.45,4,0,0,1,TXN0002179,2023-12-14,13242.32,grocery,debit,13,3,0,0
C00222,53,Female,Quetta,QTA-001,357,10,347154.82,110415.25,1,1,1,0,TXN0001529,2023-12-15,2849.24,travel,transfer,8,4,0,0
C00401,67,Female,Karachi,KHI-001,797,3,22258.25,295840.84,3,1,1,0,TXN0002791,2023-12-15,207128.18,online,withdrawal,10,4,0,1
C00253,60,Female,Karachi,KHI-001,592,8,458179.27,218142.47,1,1,0,0,TXN0001775,2023-12-15,3411.79,grocery,credit,15,4,0,0
C00429,66,Male,Karachi,KHI-001,408,4,332745.45,416072.73,1,1,0,0,TXN0003005,2023-12-16,3129.85,online,debit,22,5,1,0
C00300,67,Female,Islamabad,ISB-001,411,2,336609.14,331891.11,2,1,0,1,TXN0002082,2023-12-18,3852.1,grocery,transfer,14,0,0,0
C00278,56,Male,Lahore,LHR-001,504,4,6158.0,345584.66,3,0,1,0,TXN0001931,2023-12-18,18425.37,grocery,debit,18,0,0,0
C00387,60,Male,Islamabad,ISB-001,783,8,401381.0,373620.41,1,1,1,0,TXN0002685,2023-12-18,14295.16,grocery,debit,14,0,0,0
C00306,57,Male,Peshawar,PEW-001,757,0,159863.15,406628.13,1,1,1,0,TXN0002119,2023-12-18,3492.17,restaurant,transfer,19,0,0,0
C00430,53,Male,Islamabad,ISB-001,780,5,274170.56,92040.32,2,1,1,0,TXN0003010,2023-12-18,3885.8,healthcare,credit,17,0,0,0
C00457,66,Female,Islamabad,ISB-001,599,1,46628.62,391652.03,4,1,1,0,TXN0003202,2023-12-19,399349.97,online,transfer,9,1,0,1
C00386,69,Male,Karachi,KHI-001,714,2,413971.82,401362.31,2,0,1,1,TXN0002676,2023-12-19,11659.1,restaurant,debit,12,1,0,0
C00366,63,Female,Islamabad,ISB-001,828,2,478425.77,155464.25,3,1,1,0,TXN0002542,2023-12-19,24775.92,atm,credit,10,1,0,0
C00214,54,Male,Karachi,KHI-001,589,4,372135.04,49732.68,2,1,1,0,TXN0001483,2023-12-20,2269.52,atm,debit,16,2,0,0
C00218,65,Male,Lahore,LHR-001,452,5,324301.81,182365.76,2,1,1,0,TXN0001498,2023-12-20,22180.51,restaurant,credit,12,2,0,0
C00019,45,Female,Islamabad,ISB-001,635,7,121667.41,457668.73,2,1,1,1,TXN0000138,2023-12-20,38296.35,grocery,withdrawal,3,2,0,0
C00190,48,Female,Karachi,KHI-001,532,7,438839.82,379101.37,3,1,0,0,TXN0001332,2023-12-20,23301.73,electronics,credit,8,2,0,0
C00219,47,Male,Peshawar,PEW-001,825,0,213743.45,332168.83,4,1,1,1,TXN0001504,2023-12-21,4670.64,healthcare,debit,9,3,0,0
C00464,24,Male,Lahore,LHR-001,649,9,68582.12,220615.67,4,1,1,0,TXN0003246,2023-12-22,1343.27,online,transfer,19,4,0,0
C00201,62,Female,Islamabad,ISB-001,395,4,388048.09,108863.65,3,1,0,1,TXN0001392,2023-12-22,19810.14,grocery,withdrawal,21,4,0,0
C00266,37,Female,Karachi,KHI-001,615,5,477841.97,217629.6,1,1,1,0,TXN0001848,2023-12-22,7604.02,electronics,transfer,11,4,0,0
C00292,41,Male,Lahore,LHR-001,584,1,380722.74,123435.44,4,0,1,0,TXN0002018,2023-12-23,3676.87,travel,transfer,11,5,1,0
C00206,58,Male,Karachi,KHI-001,368,2,390980.59,140805.84,3,0,1,0,TXN0001418,2023-12-24,3692.92,grocery,credit,10,6,1,0
C00391,56,Female,Peshawar,PEW-001,693,6,300650.67,385607.24,4,1,1,0,TXN0002725,2023-12-24,24922.74,online,debit,11,6,1,0
C00479,37,Male,Islamabad,ISB-001,833,2,239419.07,573566.62,4,1,0,0,TXN0003344,2023-12-24,662749.89,online,transfer,1,6,1,1
C00225,38,Female,Lahore,LHR-001,523,8,267182.53,566299.08,3,1,1,0,TXN0001552,2023-12-24,7490.41,online,debit,8,6,1,0
C00373,68,Female,Islamabad,ISB-001,413,1,452343.36,374346.27,1,0,1,0,TXN0002585,2023-12-24,16027.67,grocery,withdrawal,15,6,1,0
C00239,50,Male,Lahore,LHR-001,510,4,249665.56,505291.23,4,0,0,0,TXN0001662,2023-12-25,3238.91,grocery,debit,14,0,0,0
C00487,51,Female,Lahore,LHR-001,598,9,299225.95,474965.23,1,1,1,0,TXN0003401,2023-12-25,1870.54,travel,withdrawal,8,0,0,0
C00085,39,Male,Islamabad,ISB-001,773,4,459781.51,572867.99,1,0,0,1,TXN0000613,2023-12-25,1626.87,online,debit,20,0,0,0
C00427,25,Male,Peshawar,PEW-001,634,4,453724.29,470415.89,3,0,1,0,TXN0002984,2023-12-26,541634.77,atm,transfer,12,1,0,1
C00005,29,Male,Lahore,LHR-001,473,0,207216.56,168830.06,2,1,0,0,TXN0000032,2023-12-26,1872.07,grocery,debit,18,1,0,0
C00134,68,Male,Lahore,LHR-001,611,2,269859.51,451796.17,2,0,1,0,TXN0000951,2023-12-27,8991.92,grocery,transfer,11,2,0,0
C00103,45,Male,Lahore,LHR-001,506,6,117560.83,62822.3,2,0,1,0,TXN0000741,2023-12-27,15285.34,travel,debit,14,2,0,0
C00202,33,Male,Karachi,KHI-001,394,3,184565.16,169433.31,4,0,1,1,TXN0001395,2023-12-27,7015.92,grocery,debit,21,2,0,0
C00321,43,Female,Karachi,KHI-001,379,6,243125.63,586966.13,4,0,0,1,TXN0002236,2023-12-27,11483.36,grocery,transfer,15,2,0,0
C00434,61,Male,Lahore,LHR-001,458,10,434739.6,380752.39,4,1,1,0,TXN0003034,2023-12-27,35260.06,atm,debit,9,2,0,0
C00392,46,Male,Karachi,KHI-001,792,8,264890.59,287749.56,3,0,1,0,TXN0002726,2023-12-28,2953.7,electronics,debit,10,3,0,0
C00462,43,Female,Multan,MUL-001,841,4,9490.84,158710.19,3,0,0,1,TXN0003232,2023-12-28,2288.47,grocery,credit,23,3,0,0
C00331,55,Female,Lahore,LHR-001,390,2,262483.21,553941.39,2,1,1,0,TXN0002308,2023-12-28,31306.94,restaurant,debit,11,3,0,0
C00089,46,Male,Karachi,KHI-001,523,10,386767.1,385298.57,1,1,1,0,TXN0000649,2023-12-29,18030.5,online,credit,14,4,0,0
C00163,53,Male,Multan,MUL-001,392,10,420695.49,266811.65,4,0,1,0,TXN0001156,2023-12-29,5568.32,travel,withdrawal,19,4,0,0
C00323,67,Female,Lahore,LHR-001,713,10,267481.24,332589.38,2,0,0,0,TXN0002251,2023-12-29,16480.53,online,debit,16,4,0,0
C00348,67,Male,Karachi,KHI-001,770,9,139485.05,351716.75,1,1,0,0,TXN0002428,2023-12-30,16161.9,restaurant,debit,17,5,1,0
C00054,65,Male,Lahore,LHR-001,507,2,249520.84,261505.25,2,1,1,1,TXN0000380,2023-12-30,1623.03,restaurant,transfer,9,5,1,0
C00497,53,Female,Lahore,LHR-001,494,10,472430.3,244287.0,3,0,1,0,TXN0003465,2023-12-31,21266.47,travel,transfer,9,6,1,0
C00085,39,Male,Islamabad,ISB-001,773,4,459781.51,572867.99,1,0,0,1,TXN0000615,2023-12-31,23327.88,restaurant,debit,20,6,1,0
C00165,43,Female,Karachi,KHI-001,729,3,206952.33,364472.34,3,1,0,1,TXN0001168,2024-01-01,25823.85,online,debit,15,0,0,0
C00238,37,Male,Islamabad,ISB-001,827,0,318383.54,176722.48,1,1,1,0,TXN0001654,2024-01-01,2094.71,atm,transfer,12,0,0,0
C00181,54,Male,Islamabad,ISB-001,386,9,472482.81,291315.44,4,1,1,0,TXN0001282,2024-01-01,23700.11,online,transfer,10,0,0,0
C00045,46,Female,Islamabad,ISB-001,469,4,372023.15,130062.26,3,0,1,0,TXN0000319,2024-01-01,13835.44,electronics,transfer,18,0,0,0
C00101,65,Male,Islamabad,ISB-001,387,4,169412.47,478946.23,2,1,0,1,TXN0000727,2024-01-01,19586.57,travel,debit,10,0,0,0
C00032,49,Female,Peshawar,PEW-001,683,9,180904.41,50002.66,3,0,0,0,TXN0000239,2024-01-01,14302.51,online,debit,18,0,0,0
C00450,22,Male,Karachi,KHI-001,784,5,118169.45,480314.54,1,1,0,0,TXN0003148,2024-01-02,21368.2,grocery,debit,17,1,0,0
C00123,45,Female,Lahore,LHR-001,606,2,21770.18,85654.83,4,0,1,0,TXN0000873,2024-01-02,15498.42,electronics,debit,18,1,0,0
C00469,43,Female,Quetta,QTA-001,734,0,199114.85,360903.2,2,1,0,1,TXN0003278,2024-01-02,3109.79,grocery,transfer,15,1,0,0
C00436,34,Male,Peshawar,PEW-001,845,6,82883.63,129210.25,3,0,0,0,TXN0003048,2024-01-02,5215.77,atm,debit,13,1,0,0
C00408,55,Male,Karachi,KHI-001,474,1,26966.45,226798.95,3,0,1,0,TXN0002849,2024-01-02,200937.32,online,debit,13,1,0,1
C00418,36,Male,Islamabad,ISB-001,473,9,29147.87,40692.54,2,0,0,0,TXN0002917,2024-01-02,8146.99,online,credit,12,1,0,0
C00114,49,Male,Islamabad,ISB-001,416,9,235521.56,528226.36,2,1,1,0,TXN0000808,2024-01-02,480239.55,atm,credit,0,1,0,1
C00307,54,Male,Peshawar,PEW-001,643,9,64658.68,252841.73,1,0,1,0,TXN0002133,2024-01-03,22946.47,online,credit,8,2,0,0
C00289,57,Female,Lahore,LHR-001,774,1,479294.54,551972.45,2,0,0,1,TXN0001997,2024-01-03,29768.86,online,transfer,20,2,0,0
C00498,22,Female,Islamabad,ISB-001,450,7,55585.84,256418.07,2,1,1,1,TXN0003474,2024-01-03,20629.05,atm,transfer,21,2,0,0
C00320,33,Female,Karachi,KHI-001,471,8,282535.21,263946.92,4,1,0,0,TXN0002231,2024-01-03,1268.38,atm,transfer,8,2,0,0
C00017,43,Male,Karachi,KHI-001,773,0,413440.67,219615.93,4,0,1,0,TXN0000122,2024-01-03,18030.66,online,credit,14,2,0,0
C00034,36,Female,Islamabad,ISB-001,390,2,268269.45,204734.07,4,0,0,1,TXN0000254,2024-01-03,16406.91,healthcare,debit,13,2,0,0
C00281,37,Male,Lahore,LHR-001,442,10,56031.4,368754.56,4,0,1,0,TXN0001949,2024-01-04,4704.36,electronics,debit,11,3,0,0
C00369,61,Female,Islamabad,ISB-001,744,5,296334.34,393928.67,2,1,1,0,TXN0002557,2024-01-04,1277.93,restaurant,debit,19,3,0,0
C00023,23,Female,Islamabad,ISB-001,725,2,296211.8,355140.16,4,1,0,0,TXN0000176,2024-01-04,7051.98,grocery,debit,23,3,0,0
C00374,43,Female,Karachi,KHI-001,674,9,494646.53,418471.1,4,1,1,0,TXN0002588,2024-01-04,14636.35,online,debit,17,3,0,0
C00105,38,Male,Islamabad,ISB-001,481,10,192756.32,285620.04,4,1,0,0,TXN0000749,2024-01-04,12518.79,electronics,credit,21,3,0,0
C00283,41,Male,Islamabad,ISB-001,736,6,404677.97,399842.54,3,0,1,0,TXN0001966,2024-01-04,50532.02,grocery,debit,14,3,0,0
C00291,61,Male,Karachi,KHI-001,768,2,321279.95,100994.27,2,1,0,1,TXN0002009,2024-01-04,13577.49,travel,debit,19,3,0,0
C00093,36,Male,Islamabad,ISB-001,496,6,56602.25,570516.26,3,1,1,1,TXN0000679,2024-01-05,21954.4,atm,transfer,15,4,0,0
C00428,27,Male,Peshawar,PEW-001,426,5,287802.88,176447.76,4,1,0,0,TXN0002997,2024-01-05,3863.77,travel,transfer,13,4,0,0
C00014,61,Male,Peshawar,PEW-001,786,10,414830.74,465652.68,3,0,0,0,TXN0000101,2024-01-05,7701.71,grocery,debit,13,4,0,0
C00354,50,Male,Islamabad,ISB-001,542,9,6656.45,493336.79,4,0,1,0,TXN0002464,2024-01-05,17936.2,electronics,credit,19,4,0,0
C00101,65,Male,Islamabad,ISB-001,387,4,169412.47,478946.23,2,1,0,1,TXN0000726,2024-01-05,6717.52,grocery,transfer,14,4,0,0
C00403,35,Female,Karachi,KHI-001,583,2,430762.77,69309.77,4,1,1,0,TXN0002813,2024-01-05,3077.75,grocery,transfer,21,4,0,0
C00135,35,Male,Karachi,KHI-001,567,5,96309.12,469925.38,4,1,0,0,TXN0000957,2024-01-05,22949.9,grocery,debit,16,4,0,0
C00134,68,Male,Lahore,LHR-001,611,2,269859.51,451796.17,2,0,1,0,TXN0000953,2024-01-05,23639.82,restaurant,transfer,14,4,0,0
C00333,51,Female,Islamabad,ISB-001,372,10,438949.36,88741.82,3,1,0,0,TXN0002330,2024-01-05,4692.24,travel,debit,13,4,0,0
C00273,26,Male,Lahore,LHR-001,388,4,353938.15,381505.81,1,0,0,0,TXN0001892,2024-01-06,10906.97,atm,credit,3,5,1,0
C00337,54,Female,Lahore,LHR-001,509,2,5117.57,102890.43,4,0,0,0,TXN0002359,2024-01-06,2502.57,restaurant,credit,17,5,1,0
C00413,46,Male,Karachi,KHI-001,834,9,368930.26,462709.18,2,1,0,0,TXN0002883,2024-01-06,43257.75,grocery,credit,9,5,1,0
C00293,56,Female,Lahore,LHR-001,670,3,363431.15,334909.33,2,0,1,0,TXN0002026,2024-01-06,307873.41,online,credit,20,5,1,1
C00231,43,Male,Islamabad,ISB-001,526,1,361500.28,171354.32,4,1,1,0,TXN0001596,2024-01-07,8551.9,electronics,debit,11,6,1,0
C00221,27,Male,Lahore,LHR-001,802,0,450783.29,338057.19,1,0,0,0,TXN0001519,2024-01-07,9097.2,restaurant,withdrawal,13,6,1,0
C00184,34,Male,Lahore,LHR-001,366,7,165375.08,291682.95,3,1,1,0,TXN0001300,2024-01-08,30997.44,restaurant,withdrawal,20,0,0,0
C00161,57,Female,Peshawar,PEW-001,539,5,401371.14,284812.62,4,1,0,0,TXN0001141,2024-01-08,40866.86,grocery,debit,14,0,0,0
C00346,51,Female,Islamabad,ISB-001,789,4,242491.76,547299.02,4,0,1,0,TXN0002409,2024-01-09,29362.16,online,debit,14,1,0,0
C00056,68,Male,Lahore,LHR-001,384,1,55943.44,444257.07,1,0,1,1,TXN0000397,2024-01-09,13820.2,travel,debit,21,1,0,0
C00019,45,Female,Islamabad,ISB-001,635,7,121667.41,457668.73,2,1,1,1,TXN0000140,2024-01-09,13563.14,grocery,withdrawal,15,1,0,0
C00255,61,Male,Karachi,KHI-001,390,2,307150.31,596268.68,4,0,0,1,TXN0001784,2024-01-09,29108.95,grocery,transfer,15,1,0,0
C00413,46,Male,Karachi,KHI-001,834,9,368930.26,462709.18,2,1,0,0,TXN0002882,2024-01-09,1034.82,healthcare,debit,18,1,0,0
C00014,61,Male,Peshawar,PEW-001,786,10,414830.74,465652.68,3,0,0,0,TXN0000096,2024-01-09,33092.86,atm,withdrawal,10,1,0,0
C00261,52,Female,Lahore,LHR-001,551,7,138606.06,468506.88,2,1,1,0,TXN0001816,2024-01-10,929.95,grocery,withdrawal,8,2,0,0
C00135,35,Male,Karachi,KHI-001,567,5,96309.12,469925.38,4,0,0,0,TXN0000960,2024-01-10,4063.06,online,debit,10,2,0,0
C00312,69,Female,Karachi,KHI-001,495,1,398694.21,385716.98,3,0,1,1,TXN0002173,2024-01-10,13184.23,grocery,transfer,18,2,0,0
C00174,65,Female,Lahore,LHR-001,455,4,280577.18,375279.83,1,1,1,0,TXN0001229,2024-01-10,83507.14,grocery,debit,14,2,0,0
C00070,65,Female,Lahore,LHR-001,766,3,301519.54,474450.65,2,0,1,1,TXN0000514,2024-01-10,33780.73,healthcare,debit,8,2,0,0
C00146,47,Male,Quetta,QTA-001,704,7,295789.53,595594.66,4,0,0,1,TXN0001046,2024-01-11,5478.43,restaurant,transfer,13,3,0,0
C00172,49,Male,Quetta,QTA-001,541,0,286874.54,45057.03,4,1,1,0,TXN0001211,2024-01-11,6434.91,grocery,debit,9,3,0,0
C00278,56,Male,Lahore,LHR-001,504,4,6158.0,345584.66,3,0,1,0,TXN0001929,2024-01-11,594.07,travel,credit,20,3,0,0
C00392,46,Male,Karachi,KHI-001,792,8,264890.59,287749.56,3,0,1,0,TXN0002733,2024-01-11,1832.07,atm,credit,12,3,0,0
C00369,61,Female,Islamabad,ISB-001,744,5,296334.34,393928.67,2,0,1,0,TXN0002561,2024-01-12,14694.37,travel,withdrawal,1,4,0,0
C00133,58,Female,Quetta,QTA-001,617,5,431012.85,392108.3,2,1,0,1,TXN0000941,2024-01-12,2507.91,online,credit,17,4,0,0
C00358,54,Male,Lahore,LHR-001,506,7,359198.89,125670.93,2,0,0,0,TXN0002483,2024-01-12,5949.16,restaurant,debit,13,4,0,0
C00175,41,Male,Karachi,KHI-001,712,5,361802.48,262129.47,4,0,1,0,TXN0001239,2024-01-13,25157.12,online,credit,13,5,1,0
C00152,25,Female,Karachi,KHI-001,689,0,251020.91,172043.57,4,0,1,0,TXN0001082,2024-01-13,12563.12,online,debit,18,5,1,0
C00250,62,Male,Islamabad,ISB-001,574,2,38783.6,235201.25,4,0,0,1,TXN0001745,2024-01-13,1953.63,online,debit,16,5,1,0
C00419,64,Female,Karachi,KHI-001,706,1,268638.25,208477.74,2,1,1,0,TXN0002928,2024-01-13,4266.09,grocery,credit,15,5,1,0
C00252,61,Female,Karachi,KHI-001,727,4,221410.73,378774.2,3,1,1,0,TXN0001761,2024-01-13,3627.32,grocery,transfer,2,5,1,0
C00325,59,Male,Multan,MUL-001,637,7,205220.3,521272.84,1,1,1,1,TXN0002266,2024-01-14,4835.3,online,withdrawal,14,6,1,0
C00063,23,Male,Peshawar,PEW-001,498,6,245746.95,121716.36,2,1,1,0,TXN0000448,2024-01-14,17640.99,electronics,credit,16,6,1,0
C00020,65,Male,Quetta,QTA-001,614,9,318710.49,152201.12,3,1,0,0,TXN0000154,2024-01-14,17142.89,online,credit,21,6,1,0
C00028,65,Female,Lahore,LHR-001,658,9,313930.26,91052.11,3,1,1,0,TXN0000213,2024-01-14,2097.08,travel,debit,18,6,1,0
C00428,27,Male,Peshawar,PEW-001,426,5,287802.88,176447.76,4,0,0,0,TXN0002995,2024-01-15,3338.04,online,credit,18,0,0,0
C00361,44,Male,Islamabad,ISB-001,751,9,455617.86,304819.5,1,0,0,0,TXN0002506,2024-01-15,23052.6,electronics,transfer,16,0,0,0
C00454,69,Male,Karachi,KHI-001,765,5,379534.72,320645.68,2,1,1,0,TXN0003181,2024-01-15,12079.28,online,debit,12,0,0,0
C00315,28,Female,Lahore,LHR-001,778,1,230296.12,560579.29,2,0,0,0,TXN0002194,2024-01-15,12146.51,electronics,credit,18,0,0,0
C00338,26,Male,Karachi,KHI-001,662,4,96809.09,41447.05,3,1,0,0,TXN0002363,2024-01-16,7763.69,grocery,transfer,12,1,0,0
C00256,22,Male,Quetta,QTA-001,772,3,474906.86,461359.55,3,0,0,0,TXN0001791,2024-01-16,8916.45,travel,debit,16,1,0,0
C00040,42,Female,Karachi,KHI-001,710,1,366621.82,375063.27,3,1,0,1,TXN0000285,2024-01-16,869737.19,electronics,debit,9,1,0,1
C00445,47,Male,Peshawar,PEW-001,714,5,480851.07,502160.22,3,0,1,0,TXN0003120,2024-01-16,12323.72,atm,credit,15,1,0,0
C00329,48,Female,Lahore,LHR-001,521,7,332519.31,484308.06,3,1,1,0,TXN0002296,2024-01-16,4997.72,online,credit,19,1,0,0
C00318,54,Male,Peshawar,PEW-001,786,10,326832.84,90190.75,3,1,1,0,TXN0002217,2024-01-17,7369.0,online,withdrawal,18,2,0,0
C00319,69,Female,Quetta,QTA-001,835,2,185525.14,441876.04,3,0,0,1,TXN0002220,2024-01-17,16582.96,restaurant,debit,13,2,0,0
C00324,51,Male,Lahore,LHR-001,703,5,223310.92,109004.69,3,0,0,0,TXN0002262,2024-01-17,9619.06,restaurant,credit,21,2,0,0
C00357,56,Female,Peshawar,PEW-001,624,5,427146.8,277409.1,4,1,1,0,TXN0002478,2024-01-17,1134.17,travel,transfer,8,2,0,0
C00098,30,Male,Multan,MUL-001,581,9,86932.65,410059.27,3,0,1,0,TXN0000709,2024-01-17,5319.94,grocery,debit,0,2,0,0
C00477,26,Male,Peshawar,PEW-001,703,3,386637.22,504426.15,1,1,0,0,TXN0003330,2024-01-17,3377.54,atm,withdrawal,15,2,0,0
C00250,62,Male,Islamabad,ISB-001,574,2,38783.6,235201.25,4,1,0,1,TXN0001748,2024-01-18,37239.3,travel,withdrawal,10,3,0,0
C00208,23,Male,Quetta,QTA-001,421,8,285059.43,97853.02,4,1,0,0,TXN0001442,2024-01-18,6728.25,electronics,transfer,16,3,0,0
C00198,53,Female,Karachi,KHI-001,744,0,21942.91,342347.27,4,1,1,0,TXN0001372,2024-01-18,4014.39,atm,withdrawal,18,3,0,0
C00060,57,Female,Islamabad,ISB-001,399,6,303959.15,548378.45,2,0,1,0,TXN0000432,2024-01-18,14526.33,grocery,debit,17,3,0,0
C00290,59,Male,Quetta,QTA-001,617,10,380404.24,495709.12,4,1,1,0,TXN0002001,2024-01-18,9729.38,online,debit,22,3,0,0
C00309,54,Male,Lahore,LHR-001,626,3,100336.52,308342.61,2,0,1,0,TXN0002143,2024-01-19,6006.1,online,debit,11,4,0,0
C00129,48,Male,Karachi,KHI-001,502,6,260010.97,137548.27,4,1,0,0,TXN0000916,2024-01-19,22904.46,restaurant,credit,20,4,0,0
C00009,44,Male,Islamabad,ISB-001,780,1,192718.15,57529.3,3,1,1,0,TXN0000059,2024-01-19,1463.95,restaurant,transfer,17,4,0,0
C00148,34,Male,Karachi,KHI-001,491,6,358459.3,241124.58,3,1,1,0,TXN0001058,2024-01-19,25243.59,restaurant,debit,12,4,0,0
C00232,32,Female,Lahore,LHR-001,524,8,57756.47,579474.23,4,0,1,0,TXN0001608,2024-01-20,2050.42,grocery,withdrawal,12,5,1,0
C00070,65,Female,Lahore,LHR-001,766,3,301519.54,474450.65,2,0,1,1,TXN0000508,2024-01-20,12216.13,online,debit,12,5,1,0
C00042,60,Female,Karachi,KHI-001,459,7,87531.73,178622.38,3,1,1,1,TXN0000299,2024-01-21,19041.96,grocery,withdrawal,19,6,1,0
C00020,65,Male,Quetta,QTA-001,614,9,318710.49,152201.12,3,1,0,0,TXN0000150,2024-01-21,18368.94,atm,transfer,12,6,1,0
C00060,57,Female,Islamabad,ISB-001,399,6,303959.15,548378.45,2,1,1,0,TXN0000435,2024-01-21,3047.59,atm,withdrawal,19,6,1,0
C00466,47,Male,Lahore,LHR-001,708,3,14121.72,126123.04,4,1,1,0,TXN0003257,2024-01-21,323752.01,online,transfer,17,6,1,1
C00479,37,Male,Islamabad,ISB-001,833,2,239419.07,573566.62,4,1,0,0,TXN0003348,2024-01-21,27562.74,grocery,transfer,18,6,1,0
C00358,54,Male,Lahore,LHR-001,506,7,359198.89,125670.93,2,0,0,0,TXN0002486,2024-01-21,2888.83,online,transfer,3,6,1,0
C00472,49,Female,Lahore,LHR-001,629,0,395459.46,308438.49,3,1,0,0,TXN0003302,2024-01-21,282372.53,travel,debit,14,6,1,1
C00141,60,Female,Islamabad,ISB-001,798,6,177946.56,261488.5,3,1,0,0,TXN0001009,2024-01-22,11149.75,atm,debit,9,0,0,0
C00048,47,Male,Lahore,LHR-001,532,9,377439.54,370547.81,1,0,1,0,TXN0000343,2024-01-22,9797.33,atm,debit,15,0,0,0
C00080,44,Male,Karachi,KHI-001,414,6,54893.33,152481.09,2,1,1,0,TXN0000576,2024-01-22,357274.79,atm,withdrawal,12,0,0,1
C00384,30,Female,Lahore,LHR-001,737,5,23182.31,472668.73,2,1,0,0,TXN0002669,2024-01-22,33220.48,grocery,credit,11,0,0,0
C00269,23,Female,Islamabad,ISB-001,400,10,239747.47,206246.79,3,1,1,0,TXN0001866,2024-01-23,1312.68,travel,credit,20,1,0,0
C00069,47,Female,Karachi,KHI-001,521,0,359508.64,233769.28,1,1,1,0,TXN0000497,2024-01-23,20466.97,grocery,credit,16,1,0,0
C00400,29,Male,Islamabad,ISB-001,712,8,375196.44,169264.35,4,1,0,1,TXN0002787,2024-01-24,19939.06,atm,credit,8,2,0,0
C00102,29,Female,Islamabad,ISB-001,625,2,159164.91,309306.15,4,1,1,0,TXN0000729,2024-01-24,6682.25,electronics,transfer,20,2,0,0
C00139,47,Female,Islamabad,ISB-001,729,9,216260.51,369312.69,4,1,0,0,TXN0000991,2024-01-24,37210.86,online,credit,8,2,0,0
C00431,51,Male,Karachi,KHI-001,475,5,432923.98,183946.47,3,0,1,0,TXN0003016,2024-01-24,9724.31,electronics,debit,14,2,0,0
C00095,22,Male,Islamabad,ISB-001,657,6,455789.67,478716.73,1,1,0,0,TXN0000694,2024-01-24,4358.66,grocery,debit,13,2,0,0
C00398,41,Female,Karachi,KHI-001,504,0,234373.47,371974.72,1,1,1,0,TXN0002777,2024-01-25,7533.25,restaurant,transfer,17,3,0,0
C00417,27,Male,Karachi,KHI-001,519,3,349378.57,500211.61,2,1,0,0,TXN0002912,2024-01-25,3300.43,healthcare,debit,19,3,0,0
C00464,24,Male,Lahore,LHR-001,649,9,68582.12,220615.67,4,0,1,0,TXN0003247,2024-01-25,17156.23,atm,transfer,18,3,0,0
C00479,37,Male,Islamabad,ISB-001,833,2,239419.07,573566.62,4,0,0,0,TXN0003343,2024-01-25,3904.11,atm,debit,14,3,0,0
C00395,28,Male,Multan,MUL-001,394,5,248137.24,79161.7,2,1,0,1,TXN0002752,2024-01-25,8564.41,electronics,debit,18,3,0,0
C00229,55,Female,Karachi,KHI-001,780,0,205597.8,449264.51,2,1,1,0,TXN0001580,2024-01-25,627.97,grocery,debit,11,3,0,0
C00383,54,Male,Quetta,QTA-001,380,9,195124.85,547093.88,2,0,0,0,TXN0002655,2024-01-26,17226.59,online,transfer,21,4,0,0
C00140,35,Male,Islamabad,ISB-001,711,2,400892.1,56460.89,3,0,0,0,TXN0001002,2024-01-26,3279.35,online,credit,14,4,0,0
C00420,58,Female,Islamabad,ISB-001,384,10,481250.38,589492.37,4,0,0,1,TXN0002941,2024-01-26,3444.42,grocery,credit,21,4,0,0
C00105,38,Male,Islamabad,ISB-001,481,10,192756.32,285620.04,4,0,0,0,TXN0000755,2024-01-26,1233.69,grocery,transfer,13,4,0,0
C00287,32,Male,Islamabad,ISB-001,607,1,263043.83,572827.99,2,0,0,1,TXN0001990,2024-01-26,24014.56,online,debit,12,4,0,0
C00232,32,Female,Lahore,LHR-001,524,8,57756.47,579474.23,4,0,1,0,TXN0001605,2024-01-26,13651.06,atm,credit,21,4,0,0
C00162,34,Female,Peshawar,PEW-001,485,4,489571.06,94540.3,1,1,1,0,TXN0001150,2024-01-26,21310.02,electronics,credit,13,4,0,0
C00331,55,Female,Lahore,LHR-001,390,2,262483.21,553941.39,2,0,1,0,TXN0002307,2024-01-26,14348.42,grocery,transfer,11,4,0,0
C00378,63,Male,Karachi,KHI-001,465,6,419723.74,48859.81,2,1,0,0,TXN0002617,2024-01-27,18725.89,restaurant,debit,16,5,1,0
C00103,45,Male,Lahore,LHR-001,506,6,117560.83,62822.3,2,1,1,0,TXN0000739,2024-01-28,34966.92,restaurant,transfer,13,6,1,0
C00492,57,Male,Karachi,KHI-001,836,0,410298.89,195541.47,4,1,0,1,TXN0003431,2024-01-28,5532.11,electronics,transfer,21,6,1,0
C00178,49,Male,Islamabad,ISB-001,582,6,303582.71,534877.42,2,1,0,0,TXN0001259,2024-01-28,5988.6,online,credit,8,6,1,0
C00306,57,Male,Peshawar,PEW-001,757,0,159863.15,406628.13,1,0,1,0,TXN0002120,2024-01-28,16023.75,healthcare,transfer,16,6,1,0
C00331,55,Female,Lahore,LHR-001,390,2,262483.21,553941.39,2,1,1,0,TXN0002317,2024-01-28,11182.55,grocery,credit,15,6,1,0
C00075,52,Male,Islamabad,ISB-001,384,0,214680.45,86204.78,1,0,0,0,TXN0000547,2024-01-28,8182.69,online,transfer,0,6,1,0
C00303,56,Female,Islamabad,ISB-001,572,3,499679.98,542160.0,1,1,1,0,TXN0002102,2024-01-29,8821.83,electronics,transfer,9,0,0,0
C00442,49,Male,Karachi,KHI-001,654,4,351000.42,233940.19,2,1,1,0,TXN0003096,2024-01-29,12962.99,grocery,transfer,11,0,0,0
C00404,33,Male,Islamabad,ISB-001,400,8,231428.89,251946.8,4,1,0,0,TXN0002820,2024-01-29,6913.24,online,debit,3,0,0,0
C00389,63,Male,Peshawar,PEW-001,763,4,112080.39,245495.4,4,0,0,0,TXN0002706,2024-01-30,16035.85,grocery,debit,15,1,0,0
C00184,34,Male,Lahore,LHR-001,366,7,165375.08,291682.95,3,1,1,0,TXN0001302,2024-01-30,24783.86,online,withdrawal,11,1,0,0
C00165,43,Female,Karachi,KHI-001,729,3,206952.33,364472.34,3,1,0,1,TXN0001171,2024-01-30,46995.67,grocery,debit,10,1,0,0
C00267,47,Female,Karachi,KHI-001,747,5,81562.71,526584.35,4,1,0,0,TXN0001857,2024-01-30,3602.3,electronics,debit,10,1,0,0
C00388,50,Male,Lahore,LHR-001,674,6,316740.07,264665.23,1,0,0,0,TXN0002694,2024-01-30,5245.04,grocery,debit,18,1,0,0
C00365,46,Male,Quetta,QTA-001,844,0,66596.59,168937.85,2,0,1,0,TXN0002536,2024-01-30,557867.39,atm,transfer,17,1,0,1
C00402,37,Female,Islamabad,ISB-001,824,9,447986.11,146581.92,1,1,0,1,TXN0002798,2024-01-31,522606.88,online,credit,15,2,0,1
C00179,46,Male,Peshawar,PEW-001,614,8,404390.82,287533.65,3,0,0,0,TXN0001270,2024-01-31,29587.17,restaurant,debit,10,2,0,0
C00046,35,Female,Lahore,LHR-001,476,8,288709.67,404850.9,2,0,0,0,TXN0000321,2024-01-31,2332.46,grocery,debit,18,2,0,0
C00305,62,Male,Peshawar,PEW-001,628,7,239239.01,574609.62,4,1,0,0,TXN0002114,2024-01-31,7222.9,electronics,transfer,11,2,0,0
C00448,33,Female,Islamabad,ISB-001,728,10,7546.86,529068.53,4,0,0,1,TXN0003135,2024-01-31,783.38,grocery,transfer,15,2,0,0
C00173,65,Female,Islamabad,ISB-001,667,0,444292.94,369511.07,1,1,1,0,TXN0001221,2024-02-01,4764.07,online,credit,11,3,0,0
C00415,43,Male,Karachi,KHI-001,474,4,130061.3,269307.6,3,1,1,0,TXN0002893,2024-02-01,8041.94,grocery,credit,8,3,0,0
C00135,35,Male,Karachi,KHI-001,567,5,96309.12,469925.38,4,1,0,0,TXN0000959,2024-02-01,6733.48,grocery,credit,11,3,0,0
C00332,42,Female,Multan,MUL-001,412,2,216274.44,277735.36,3,1,0,0,TXN0002320,2024-02-01,2671.95,online,transfer,19,3,0,0
C00461,26,Female,Islamabad,ISB-001,732,2,191464.2,119115.71,1,0,0,0,TXN0003220,2024-02-01,6055.08,atm,debit,17,3,0,0
C00192,58,Female,Karachi,KHI-001,388,1,353453.34,338766.68,1,1,1,0,TXN0001342,2024-02-01,1823.44,electronics,debit,17,3,0,0
C00412,43,Female,Lahore,LHR-001,775,2,466136.8,395577.63,1,0,1,0,TXN0002881,2024-02-01,11826.13,grocery,withdrawal,3,3,0,0
C00100,22,Female,Islamabad,ISB-001,656,9,419557.94,374586.48,2,0,0,0,TXN0000719,2024-02-02,4959.69,online,transfer,19,4,0,0
C00018,23,Female,Lahore,LHR-001,814,0,97270.47,445676.7,2,1,0,1,TXN0000136,2024-02-02,13941.32,travel,debit,23,4,0,0
C00392,46,Male,Karachi,KHI-001,792,8,264890.59,287749.56,3,1,1,0,TXN0002730,2024-02-02,35528.72,grocery,transfer,14,4,0,0
C00178,49,Male,Islamabad,ISB-001,582,6,303582.71,534877.42,2,1,0,0,TXN0001264,2024-02-02,5787.49,electronics,transfer,9,4,0,0
C00430,53,Male,Islamabad,ISB-001,780,5,274170.56,92040.32,2,0,1,0,TXN0003006,2024-02-03,533713.96,atm,debit,9,5,1,1
C00222,53,Female,Quetta,QTA-001,357,10,347154.82,110415.25,1,0,1,0,TXN0001528,2024-02-03,23653.93,atm,transfer,16,5,1,0
C00334,54,Female,Lahore,LHR-001,709,1,211665.51,496819.24,1,0,0,0,TXN0002334,2024-02-03,25102.1,online,transfer,16,5,1,0
C00489,44,Male,Islamabad,ISB-001,599,7,37484.94,372802.82,2,0,0,1,TXN0003415,2024-02-04,8054.32,grocery,transfer,11,6,1,0
C00189,29,Male,Peshawar,PEW-001,772,9,65774.56,252440.81,3,1,0,0,TXN0001327,2024-02-04,50227.19,travel,debit,20,6,1,0
C00281,37,Male,Lahore,LHR-001,442,10,56031.4,368754.56,4,1,1,0,TXN0001953,2024-02-04,1564.36,healthcare,withdrawal,19,6,1,0
C00327,66,Male,Islamabad,ISB-001,544,7,402968.6,143367.67,1,0,1,0,TXN0002284,2024-02-04,8042.67,travel,credit,13,6,1,0
C00202,33,Male,Karachi,KHI-001,394,3,184565.16,169433.31,4,1,1,1,TXN0001399,2024-02-05,6750.76,restaurant,credit,13,0,0,0
C00155,44,Male,Islamabad,ISB-001,490,0,170509.59,377039.01,1,0,1,1,TXN0001108,2024-02-05,772379.7,atm,debit,9,0,0,1
C00230,27,Female,Lahore,LHR-001,564,0,251245.12,127451.75,1,1,1,0,TXN0001594,2024-02-05,17164.24,travel,withdrawal,8,0,0,0
C00304,37,Male,Lahore,LHR-001,758,9,280124.26,79916.95,2,0,0,0,TXN0002107,2024-02-06,300607.51,online,transfer,12,1,0,1
C00234,37,Male,Quetta,QTA-001,687,0,135523.48,410514.12,4,1,0,0,TXN0001626,2024-02-06,9316.94,online,debit,9,1,0,0
C00172,49,Male,Quetta,QTA-001,541,0,286874.54,45057.03,4,1,1,0,TXN0001214,2024-02-06,1544.72,atm,debit,8,1,0,0
C00487,51,Female,Lahore,LHR-001,598,9,299225.95,474965.23,1,1,1,0,TXN0003405,2024-02-07,11192.48,travel,transfer,20,2,0,0
C00124,58,Male,Peshawar,PEW-001,421,7,159179.22,265826.36,1,0,1,0,TXN0000883,2024-02-07,2684.22,online,debit,19,2,0,0
C00311,42,Male,Lahore,LHR-001,456,4,213772.52,133145.7,1,0,0,0,TXN0002160,2024-02-07,9117.03,electronics,transfer,11,2,0,0
C00252,61,Female,Karachi,KHI-001,727,4,221410.73,378774.2,3,1,1,0,TXN0001764,2024-02-07,4730.33,restaurant,debit,14,2,0,0
C00418,36,Male,Islamabad,ISB-001,473,9,29147.87,40692.54,2,1,0,0,TXN0002922,2024-02-07,20491.55,restaurant,credit,9,2,0,0
C00422,29,Female,Quetta,QTA-001,483,10,447767.57,254214.72,1,1,1,0,TXN0002959,2024-02-08,1669.96,atm,debit,13,3,0,0
C00215,22,Male,Lahore,LHR-001,766,6,350928.7,220953.17,3,1,1,0,TXN0001484,2024-02-08,729220.97,online,transfer,9,3,0,1
C00199,53,Female,Peshawar,PEW-001,682,8,416173.98,59145.15,2,0,0,1,TXN0001377,2024-02-08,2593.32,travel,debit,14,3,0,0
C00346,51,Female,Islamabad,ISB-001,789,4,242491.76,547299.02,4,1,1,0,TXN0002411,2024-02-08,980.64,restaurant,transfer,12,3,0,0
C00249,28,Female,Islamabad,ISB-001,462,9,386638.03,363223.73,1,0,0,0,TXN0001740,2024-02-08,10000.63,online,credit,11,3,0,0
C00001,60,Male,Lahore,LHR-001,555,3,398173.28,502515.63,1,1,0,1,TXN0000005,2024-02-08,2439.64,atm,transfer,12,3,0,0
C00386,69,Male,Karachi,KHI-001,714,2,413971.82,401362.31,2,0,1,1,TXN0002679,2024-02-08,10372.31,online,withdrawal,11,3,0,0
C00055,29,Female,Karachi,KHI-001,617,3,378544.47,585831.92,3,1,0,0,TXN0000390,2024-02-08,20122.82,atm,transfer,19,3,0,0
C00353,45,Female,Peshawar,PEW-001,670,8,367474.54,415997.81,4,1,0,0,TXN0002457,2024-02-09,1253.65,grocery,credit,8,4,0,0
C00141,60,Female,Islamabad,ISB-001,798,6,177946.56,261488.5,3,0,0,0,TXN0001011,2024-02-09,10634.28,online,debit,12,4,0,0
C00015,45,Male,Lahore,LHR-001,666,4,376498.45,287687.31,1,1,1,0,TXN0000105,2024-02-09,135435.89,atm,debit,13,4,0,1
C00101,65,Male,Islamabad,ISB-001,387,4,169412.47,478946.23,2,0,0,1,TXN0000725,2024-02-09,39101.54,restaurant,debit,16,4,0,0
C00250,62,Male,Islamabad,ISB-001,574,2,38783.6,235201.25,4,1,0,1,TXN0001742,2024-02-09,26361.57,online,withdrawal,19,4,0,0
C00065,63,Female,Karachi,KHI-001,653,8,387081.58,359706.52,1,0,0,1,TXN0000466,2024-02-09,1112.75,online,debit,10,4,0,0
C00060,57,Female,Islamabad,ISB-001,399,6,303959.15,548378.45,2,1,1,0,TXN0000428,2024-02-10,18588.85,restaurant,credit,16,5,1,0
C00016,24,Female,Multan,MUL-001,513,2,400770.88,214693.11,1,0,1,0,TXN0000113,2024-02-10,20294.72,travel,credit,10,5,1,0
C00426,60,Female,Multan,MUL-001,718,0,260459.12,452820.93,3,1,0,0,TXN0002983,2024-02-10,15482.49,grocery,credit,18,5,1,0
C00130,56,Male,Lahore,LHR-001,559,8,487892.95,578037.11,1,1,1,0,TXN0000925,2024-02-10,14695.06,electronics,transfer,12,5,1,0
C00461,26,Female,Islamabad,ISB-001,732,2,191464.2,119115.71,1,0,0,0,TXN0003219,2024-02-11,5598.09,grocery,debit,15,6,1,0
C00004,64,Female,Islamabad,ISB-001,600,1,374257.39,472780.76,3,0,1,0,TXN0000024,2024-02-11,5097.32,restaurant,credit,19,6,1,0
C00363,24,Male,Karachi,KHI-001,768,0,59186.46,139929.74,1,0,1,0,TXN0002523,2024-02-11,2664.42,online,transfer,11,6,1,0
C00070,65,Female,Lahore,LHR-001,766,3,301519.54,474450.65,2,1,1,1,TXN0000509,2024-02-11,2659.83,electronics,credit,20,6,1,0
C00041,30,Male,Lahore,LHR-001,474,10,348390.22,380091.61,2,0,1,0,TXN0000292,2024-02-11,7909.19,restaurant,debit,15,6,1,0
C00316,24,Male,Karachi,KHI-001,724,10,263605.12,338065.72,3,1,1,0,TXN0002198,2024-02-11,3118.31,grocery,credit,16,6,1,0
C00417,27,Male,Karachi,KHI-001,519,3,349378.57,500211.61,2,1,0,0,TXN0002910,2024-02-12,8100.84,grocery,transfer,9,0,0,0
C00170,27,Female,Karachi,KHI-001,594,1,299549.24,263465.73,4,0,0,1,TXN0001198,2024-02-12,7699.47,online,debit,10,0,0,0
C00429,66,Male,Karachi,KHI-001,408,4,332745.45,416072.73,1,1,0,0,TXN0003001,2024-02-12,6778.49,grocery,debit,8,0,0,0
C00469,43,Female,Quetta,QTA-001,734,0,199114.85,360903.2,2,0,0,1,TXN0003274,2024-02-12,5928.14,online,debit,16,0,0,0
C00116,30,Female,Islamabad,ISB-001,841,1,459635.09,64450.53,1,1,0,1,TXN0000824,2024-02-12,10904.92,healthcare,withdrawal,13,0,0,0
C00322,43,Female,Quetta,QTA-001,537,6,443074.19,500977.45,1,1,0,1,TXN0002243,2024-02-13,1113.59,electronics,transfer,8,1,0,0
C00405,44,Female,Peshawar,PEW-001,655,1,198629.03,243248.79,2,1,0,1,TXN0002823,2024-02-13,4313.27,healthcare,debit,21,1,0,0
C00172,49,Male,Quetta,QTA-001,541,0,286874.54,45057.03,4,1,1,0,TXN0001215,2024-02-13,16407.97,grocery,debit,11,1,0,0
C00104,32,Male,Karachi,KHI-001,528,10,305907.72,131839.71,4,1,0,0,TXN0000747,2024-02-14,22157.13,grocery,debit,14,2,0,0
C00458,22,Female,Islamabad,ISB-001,846,10,166584.62,417610.13,2,0,0,0,TXN0003208,2024-02-14,10155.48,restaurant,transfer,10,2,0,0
C00460,60,Male,Islamabad,ISB-001,779,9,62342.71,443996.36,2,1,0,1,TXN0003213,2024-02-14,12670.82,online,transfer,9,2,0,0
C00116,30,Female,Islamabad,ISB-001,841,1,459635.09,64450.53,1,1,0,1,TXN0000821,2024-02-15,2887.08,atm,debit,15,3,0,0
C00347,50,Male,Lahore,LHR-001,505,8,292474.82,471169.03,4,0,1,0,TXN0002420,2024-02-15,5220.75,restaurant,debit,14,3,0,0
C00370,67,Male,Islamabad,ISB-001,654,9,491253.6,72734.58,1,1,1,0,TXN0002568,2024-02-15,8417.19,atm,withdrawal,12,3,0,0
C00305,62,Male,Peshawar,PEW-001,628,7,239239.01,574609.62,4,0,0,0,TXN0002113,2024-02-15,2280.3,online,credit,20,3,0,0
C00240,24,Male,Islamabad,ISB-001,476,4,288780.72,524180.95,3,1,1,0,TXN0001675,2024-02-15,2474.34,travel,credit,12,3,0,0
C00154,58,Female,Lahore,LHR-001,526,7,55975.83,266973.7,3,0,0,0,TXN0001095,2024-02-16,12316.42,online,transfer,15,4,0,0
C00076,69,Male,Islamabad,ISB-001,814,3,147525.16,501727.87,1,1,0,1,TXN0000551,2024-02-16,12268.15,grocery,debit,16,4,0,0
C00452,55,Female,Islamabad,ISB-001,391,0,5554.46,357282.2,2,0,0,1,TXN0003168,2024-02-16,8181.67,restaurant,debit,16,4,0,0
C00247,41,Female,Karachi,KHI-001,773,4,96263.61,503029.77,2,0,0,0,TXN0001727,2024-02-16,17053.03,healthcare,transfer,8,4,0,0
C00055,29,Female,Karachi,KHI-001,617,3,378544.47,585831.92,3,0,0,0,TXN0000391,2024-02-16,8059.53,electronics,debit,17,4,0,0
C00074,35,Female,Lahore,LHR-001,673,2,117538.74,534218.75,3,1,1,0,TXN0000543,2024-02-16,6633.01,grocery,debit,10,4,0,0
C00277,62,Female,Lahore,LHR-001,803,6,43493.85,374031.87,2,1,1,0,TXN0001917,2024-02-16,4402.44,grocery,credit,19,4,0,0
C00142,48,Male,Karachi,KHI-001,790,2,236774.76,379465.68,2,0,1,0,TXN0001014,2024-02-16,3866.3,restaurant,credit,14,4,0,0
C00097,28,Male,Karachi,KHI-001,755,9,121773.49,311263.13,4,0,1,0,TXN0000702,2024-02-16,3860.28,grocery,debit,14,4,0,0
C00165,43,Female,Karachi,KHI-001,729,3,206952.33,364472.34,3,1,0,1,TXN0001172,2024-02-17,1928.26,healthcare,debit,21,5,1,0
C00206,58,Male,Karachi,KHI-001,368,2,390980.59,140805.84,3,1,1,0,TXN0001419,2024-02-17,5768.32,online,withdrawal,8,5,1,0
C00499,26,Female,Peshawar,PEW-001,513,5,427833.84,356087.01,4,0,0,0,TXN0003483,2024-02-17,11774.05,travel,transfer,0,5,1,0
C00093,36,Male,Islamabad,ISB-001,496,6,56602.25,570516.26,3,0,1,1,TXN0000680,2024-02-17,1743.47,online,transfer,14,5,1,0
C00427,25,Male,Peshawar,PEW-001,634,4,453724.29,470415.89,3,1,1,0,TXN0002985,2024-02-17,7143.06,online,transfer,20,5,1,0
C00484,60,Male,Lahore,LHR-001,687,9,339645.87,323420.23,4,0,1,1,TXN0003383,2024-02-17,6677.36,online,transfer,17,5,1,0
C00178,49,Male,Islamabad,ISB-001,582,6,303582.71,534877.42,2,1,0,0,TXN0001261,2024-02-17,896.25,grocery,credit,13,5,1,0
C00063,23,Male,Peshawar,PEW-001,498,6,245746.95,121716.36,2,1,1,0,TXN0000450,2024-02-17,7429.67,grocery,credit,11,5,1,0
C00460,60,Male,Islamabad,ISB-001,779,9,62342.71,443996.36,2,0,0,1,TXN0003216,2024-02-17,22018.91,online,transfer,9,5,1,0
C00393,45,Female,Islamabad,ISB-001,416,0,133815.52,505843.34,3,1,0,0,TXN0002743,2024-02-18,789841.55,grocery,transfer,16,6,1,1
C00218,65,Male,Lahore,LHR-001,452,5,324301.81,182365.76,2,1,1,0,TXN0001503,2024-02-18,42873.55,electronics,transfer,8,6,1,0
C00307,54,Male,Peshawar,PEW-001,643,9,64658.68,252841.73,1,0,1,0,TXN0002131,2024-02-18,666.32,grocery,debit,10,6,1,0
C00125,56,Male,Karachi,KHI-001,436,0,391345.38,163514.23,1,1,1,0,TXN0000894,2024-02-19,4587.36,atm,transfer,0,0,0,0
C00422,29,Female,Quetta,QTA-001,483,10,447767.57,254214.72,1,0,1,0,TXN0002957,2024-02-19,3351.04,restaurant,withdrawal,20,0,0,0
C00265,28,Female,Lahore,LHR-001,810,1,423971.89,531619.05,4,0,0,1,TXN0001840,2024-02-19,16154.77,grocery,credit,9,0,0,0
C00363,24,Male,Karachi,KHI-001,768,0,59186.46,139929.74,1,1,1,0,TXN0002526,2024-02-19,718965.85,online,debit,13,0,0,1
C00455,46,Male,Peshawar,PEW-001,458,2,133050.72,262420.12,4,0,0,0,TXN0003186,2024-02-20,20758.03,online,transfer,16,1,0,0
C00070,65,Female,Lahore,LHR-001,766,3,301519.54,474450.65,2,0,1,1,TXN0000511,2024-02-20,8277.9,atm,transfer,8,1,0,0
C00151,53,Female,Karachi,KHI-001,586,8,243138.53,508158.92,3,0,0,0,TXN0001077,2024-02-20,2170.74,restaurant,credit,12,1,0,0
C00427,25,Male,Peshawar,PEW-001,634,4,453724.29,470415.89,3,1,1,0,TXN0002989,2024-02-20,39715.31,online,transfer,11,1,0,0
C00252,61,Female,Karachi,KHI-001,727,4,221410.73,378774.2,3,0,1,0,TXN0001760,2024-02-20,571.41,restaurant,credit,12,1,0,0
C00139,47,Female,Islamabad,ISB-001,729,9,216260.51,369312.69,4,0,0,0,TXN0000992,2024-02-20,1963.69,travel,withdrawal,19,1,0,0
C00025,54,Male,Karachi,KHI-001,438,2,228714.56,344210.37,1,1,0,0,TXN0000191,2024-02-21,7672.82,online,debit,18,2,0,0
C00060,57,Female,Islamabad,ISB-001,399,6,303959.15,548378.45,2,1,1,0,TXN0000431,2024-02-21,722.35,travel,credit,3,2,0,0
C00064,27,Male,Karachi,KHI-001,674,6,207432.81,97563.75,3,1,1,0,TXN0000459,2024-02-21,23806.44,restaurant,credit,18,2,0,0
C00018,23,Female,Lahore,LHR-001,814,0,97270.47,445676.7,2,0,0,1,TXN0000130,2024-02-21,10189.05,atm,credit,17,2,0,0
C00129,48,Male,Karachi,KHI-001,502,6,260010.97,137548.27,4,0,0,0,TXN0000915,2024-02-21,1072.4,healthcare,debit,15,2,0,0
C00165,43,Female,Karachi,KHI-001,729,3,206952.33,364472.34,3,1,0,1,TXN0001174,2024-02-21,51700.35,online,debit,19,2,0,0
C00169,66,Female,Lahore,LHR-001,690,8,255226.4,214802.91,3,0,0,1,TXN0001195,2024-02-22,21240.16,atm,withdrawal,10,3,0,0
C00012,45,Female,Karachi,KHI-001,469,0,28806.85,520121.65,3,0,0,0,TXN0000078,2024-02-22,7372.31,grocery,transfer,9,3,0,0
C00029,46,Female,Karachi,KHI-001,576,7,272191.63,126048.5,4,1,1,0,TXN0000221,2024-02-22,4170.99,online,debit,13,3,0,0
C00279,40,Female,Quetta,QTA-001,466,4,484011.2,288874.89,3,1,1,0,TXN0001938,2024-02-22,15355.96,grocery,transfer,15,3,0,0
C00107,56,Female,Multan,MUL-001,804,8,106762.01,372236.04,2,1,1,1,TXN0000767,2024-02-22,9224.53,travel,withdrawal,13,3,0,0
C00097,28,Male,Karachi,KHI-001,755,9,121773.49,311263.13,4,1,1,0,TXN0000705,2024-02-22,22473.34,restaurant,debit,9,3,0,0
C00149,53,Female,Karachi,KHI-001,640,0,266185.63,254954.41,1,1,0,0,TXN0001063,2024-02-23,32231.91,online,debit,9,4,0,0
C00217,23,Male,Lahore,LHR-001,439,0,112921.44,364862.85,4,1,0,0,TXN0001493,2024-02-23,24878.87,grocery,debit,14,4,0,0
C00439,40,Male,Karachi,KHI-001,418,2,123151.57,167320.09,4,0,0,0,TXN0003066,2024-02-23,4980.44,atm,transfer,12,4,0,0
C00239,50,Male,Lahore,LHR-001,510,4,249665.56,505291.23,4,1,0,0,TXN0001664,2024-02-23,4966.54,travel,transfer,12,4,0,0
C00130,56,Male,Lahore,LHR-001,559,8,487892.95,578037.11,1,1,1,0,TXN0000924,2024-02-23,480759.64,electronics,transfer,1,4,0,1
C00361,44,Male,Islamabad,ISB-001,751,9,455617.86,304819.5,1,0,0,0,TXN0002504,2024-02-23,8637.11,atm,debit,0,4,0,0
C00398,41,Female,Karachi,KHI-001,504,0,234373.47,371974.72,1,1,1,0,TXN0002772,2024-02-23,1044.71,electronics,debit,13,4,0,0
C00312,69,Female,Karachi,KHI-001,495,1,398694.21,385716.98,3,0,1,1,TXN0002176,2024-02-23,4731.33,restaurant,credit,11,4,0,0
C00274,58,Male,Islamabad,ISB-001,377,10,301151.6,355525.8,3,1,1,1,TXN0001899,2024-02-23,8599.14,restaurant,debit,13,4,0,0
C00171,49,Male,Lahore,LHR-001,782,8,172939.27,520472.3,3,0,1,0,TXN0001202,2024-02-24,1706.45,electronics,credit,15,5,1,0
C00471,35,Male,Lahore,LHR-001,796,0,378080.92,362091.48,1,0,1,0,TXN0003291,2024-02-25,1222.0,atm,credit,15,6,1,0
C00348,67,Male,Karachi,KHI-001,770,9,139485.05,351716.75,1,0,0,0,TXN0002425,2024-02-25,1638.14,online,debit,8,6,1,0
C00085,39,Male,Islamabad,ISB-001,773,4,459781.51,572867.99,1,0,0,1,TXN0000612,2024-02-25,760328.32,electronics,credit,9,6,1,1
C00178,49,Male,Islamabad,ISB-001,582,6,303582.71,534877.42,2,1,0,0,TXN0001262,2024-02-26,5886.33,electronics,debit,17,0,0,0
C00028,65,Female,Lahore,LHR-001,658,9,313930.26,91052.11,3,0,1,0,TXN0000216,2024-02-26,1569.49,atm,debit,13,0,0,0
C00058,35,Female,Islamabad,ISB-001,413,6,192516.67,463953.19,2,1,1,0,TXN0000416,2024-02-26,21617.9,online,credit,16,0,0,0
C00125,56,Male,Karachi,KHI-001,436,0,391345.38,163514.23,1,1,1,0,TXN0000886,2024-02-27,12194.22,atm,credit,18,1,0,0
C00278,56,Male,Lahore,LHR-001,504,4,6158.0,345584.66,3,1,1,0,TXN0001930,2024-02-27,17734.22,grocery,debit,16,1,0,0
C00012,45,Female,Karachi,KHI-001,469,0,28806.85,520121.65,3,0,0,0,TXN0000080,2024-02-27,13763.17,atm,debit,22,1,0,0
C00117,29,Male,Lahore,LHR-001,543,10,295598.77,130536.62,2,1,1,0,TXN0000827,2024-02-27,1804.95,restaurant,transfer,8,1,0,0
C00487,51,Female,Lahore,LHR-001,598,9,299225.95,474965.23,1,1,1,0,TXN0003399,2024-02-27,25251.42,online,debit,20,1,0,0
C00140,35,Male,Islamabad,ISB-001,711,2,400892.1,56460.89,3,0,0,0,TXN0000999,2024-02-28,15690.44,online,debit,10,2,0,0
C00340,40,Female,Lahore,LHR-001,449,1,466632.01,328498.1,4,1,0,1,TXN0002373,2024-02-28,645.48,electronics,transfer,20,2,0,0
C00008,40,Female,Karachi,KHI-001,624,7,106475.9,579412.53,4,0,0,0,TXN0000049,2024-02-28,12045.87,restaurant,debit,16,2,0,0
C00374,43,Female,Karachi,KHI-001,674,9,494646.53,418471.1,4,0,1,0,TXN0002586,2024-02-28,6289.23,healthcare,debit,15,2,0,0
C00070,65,Female,Lahore,LHR-001,766,3,301519.54,474450.65,2,1,1,1,TXN0000515,2024-02-28,4982.42,grocery,transfer,10,2,0,0
C00194,63,Female,Lahore,LHR-001,541,8,314256.83,435015.93,2,1,1,1,TXN0001351,2024-02-29,19609.85,online,debit,9,3,0,0
C00247,41,Female,Karachi,KHI-001,773,4,96263.61,503029.77,2,0,0,0,TXN0001725,2024-02-29,9537.91,electronics,debit,20,3,0,0
C00082,42,Male,Lahore,LHR-001,650,2,364417.32,500006.81,1,0,1,0,TXN0000591,2024-02-29,9477.81,travel,debit,13,3,0,0
C00300,67,Female,Islamabad,ISB-001,411,2,336609.14,331891.11,2,1,0,1,TXN0002079,2024-02-29,8452.39,online,debit,17,3,0,0
C00249,28,Female,Islamabad,ISB-001,462,9,386638.03,363223.73,1,1,0,0,TXN0001734,2024-02-29,6197.55,electronics,credit,21,3,0,0
C00456,61,Female,Islamabad,ISB-001,400,8,100600.77,342250.27,1,0,0,1,TXN0003197,2024-02-29,8342.97,atm,debit,12,3,0,0
C00391,56,Female,Peshawar,PEW-001,693,6,300650.67,385607.24,4,1,1,0,TXN0002721,2024-02-29,29991.73,healthcare,credit,18,3,0,0
C00172,49,Male,Quetta,QTA-001,541,0,286874.54,45057.03,4,0,1,0,TXN0001218,2024-03-01,1694.81,travel,credit,17,4,0,0
C00081,61,Male,Karachi,KHI-001,357,3,131727.69,428188.61,1,1,1,0,TXN0000587,2024-03-01,1910.82,atm,debit,18,4,0,0
C00026,33,Male,Quetta,QTA-001,491,6,358322.32,129177.61,4,0,1,0,TXN0000198,2024-03-01,10944.79,travel,debit,14,4,0,0
C00487,51,Female,Lahore,LHR-001,598,9,299225.95,474965.23,1,1,1,0,TXN0003403,2024-03-02,4685.54,grocery,withdrawal,14,5,1,0
C00041,30,Male,Lahore,LHR-001,474,10,348390.22,380091.61,2,1,1,0,TXN0000290,2024-03-02,21901.32,online,credit,15,5,1,0
C00006,42,Female,Karachi,KHI-001,724,10,466804.34,113547.67,1,0,0,0,TXN0000039,2024-03-02,216163.07,atm,credit,17,5,1,1
C00323,67,Female,Lahore,LHR-001,713,10,267481.24,332589.38,2,0,0,0,TXN0002250,2024-03-02,26788.32,online,credit,2,5,1,0
C00411,44,Male,Lahore,LHR-001,379,0,167880.43,578532.81,2,1,1,0,TXN0002873,2024-03-02,14995.19,travel,transfer,14,5,1,0
C00052,68,Male,Lahore,LHR-001,718,2,106249.57,300175.21,4,0,0,0,TXN0000373,2024-03-03,10691.55,electronics,debit,14,6,1,0
C00029,46,Female,Karachi,KHI-001,576,7,272191.63,126048.5,4,0,1,0,TXN0000218,2024-03-03,612635.93,online,credit,9,6,1,1
C00455,46,Male,Peshawar,PEW-001,458,2,133050.72,262420.12,4,0,0,0,TXN0003185,2024-03-03,466343.03,atm,debit,11,6,1,1
C00363,24,Male,Karachi,KHI-001,768,0,59186.46,139929.74,1,1,1,0,TXN0002519,2024-03-03,1520.48,healthcare,transfer,13,6,1,0
C00477,26,Male,Peshawar,PEW-001,703,3,386637.22,504426.15,1,0,0,0,TXN0003332,2024-03-03,3947.0,online,credit,19,6,1,0
C00486,54,Female,Karachi,KHI-001,563,6,325548.95,84780.62,1,0,0,0,TXN0003396,2024-03-04,9871.16,electronics,transfer,14,0,0,0
C00396,57,Female,Islamabad,ISB-001,609,9,498186.21,398494.21,4,1,1,0,TXN0002758,2024-03-04,15318.2,atm,debit,10,0,0,0
C00099,45,Female,Karachi,KHI-001,370,6,97228.84,349680.81,1,1,0,0,TXN0000717,2024-03-04,6728.53,electronics,credit,14,0,0,0
C00266,37,Female,Karachi,KHI-001,615,5,477841.97,217629.6,1,0,1,0,TXN0001846,2024-03-04,9201.5,travel,debit,8,0,0,0
C00205,24,Female,Karachi,KHI-001,457,1,487400.9,165832.66,1,1,0,0,TXN0001416,2024-03-04,5951.11,healthcare,credit,16,0,0,0
C00390,47,Male,Islamabad,ISB-001,725,9,261538.88,232393.87,3,1,0,0,TXN0002714,2024-03-04,12917.58,online,credit,10,0,0,0
C00472,49,Female,Lahore,LHR-001,629,0,395459.46,308438.49,3,0,0,0,TXN0003298,2024-03-05,18568.22,atm,debit,20,1,0,0
C00456,61,Female,Islamabad,ISB-001,400,8,100600.77,342250.27,1,1,0,1,TXN0003194,2024-03-05,15206.8,online,transfer,11,1,0,0
C00041,30,Male,Lahore,LHR-001,474,10,348390.22,380091.61,2,1,1,0,TXN0000291,2024-03-05,8497.66,online,debit,13,1,0,0
C00465,33,Female,Islamabad,ISB-001,488,5,145254.76,52820.54,3,0,1,0,TXN0003250,2024-03-05,5478.65,atm,transfer,13,1,0,0
C00237,27,Male,Quetta,QTA-001,673,5,129111.68,49808.95,1,1,1,0,TXN0001650,2024-03-05,1043.86,grocery,withdrawal,11,1,0,0
C00181,54,Male,Islamabad,ISB-001,386,9,472482.81,291315.44,4,1,1,0,TXN0001277,2024-03-05,3471.82,travel,debit,14,1,0,0
C00356,52,Female,Peshawar,PEW-001,497,8,152016.42,123834.22,4,1,1,0,TXN0002474,2024-03-05,26644.24,online,credit,10,1,0,0
C00012,45,Female,Karachi,KHI-001,469,0,28806.85,520121.65,3,1,0,0,TXN0000079,2024-03-05,9259.66,grocery,debit,16,1,0,0
C00350,56,Male,Peshawar,PEW-001,545,0,50391.17,209153.88,1,0,0,1,TXN0002439,2024-03-05,9000.85,atm,transfer,11,1,0,0
C00137,22,Male,Islamabad,ISB-001,485,10,158418.78,344248.29,4,0,0,0,TXN0000976,2024-03-05,857898.05,online,debit,8,1,0,1
C00031,63,Female,Islamabad,ISB-001,792,9,290855.7,336998.46,1,0,0,1,TXN0000232,2024-03-05,5247.46,grocery,credit,13,1,0,0
C00405,44,Female,Peshawar,PEW-001,655,1,198629.03,243248.79,2,1,0,1,TXN0002827,2024-03-05,3742.39,online,credit,11,1,0,0
C00143,30,Male,Islamabad,ISB-001,442,1,314363.11,374725.2,4,0,1,0,TXN0001023,2024-03-06,19860.35,restaurant,credit,17,2,0,0
C00156,60,Female,Islamabad,ISB-001,538,5,42374.17,394222.7,4,1,0,1,TXN0001110,2024-03-06,291346.85,online,transfer,12,2,0,1
C00231,43,Male,Islamabad,ISB-001,526,1,361500.28,171354.32,4,0,1,0,TXN0001600,2024-03-06,8317.21,restaurant,transfer,8,2,0,0
C00213,53,Male,Lahore,LHR-001,794,10,258666.54,424141.93,3,0,1,0,TXN0001473,2024-03-07,14062.51,online,withdrawal,11,3,0,0
C00221,27,Male,Lahore,LHR-001,802,0,450783.29,338057.19,1,1,0,0,TXN0001524,2024-03-07,3822.01,grocery,transfer,12,3,0,0
C00082,42,Male,Lahore,LHR-001,650,2,364417.32,500006.81,1,0,1,0,TXN0000592,2024-03-07,2487.81,atm,transfer,12,3,0,0
C00443,47,Female,Karachi,KHI-001,746,3,98664.66,173870.99,2,0,1,1,TXN0003103,2024-03-09,5113.62,restaurant,debit,13,5,1,0
C00002,50,Female,Karachi,KHI-001,412,7,57816.13,207089.68,2,0,0,0,TXN0000015,2024-03-09,18062.32,online,credit,9,5,1,0
C00494,52,Female,Islamabad,ISB-001,357,8,5509.59,40186.2,3,0,1,0,TXN0003446,2024-03-09,5205.98,travel,debit,14,5,1,0
C00087,45,Male,Islamabad,ISB-001,787,8,16396.19,541883.93,4,1,0,0,TXN0000637,2024-03-09,14318.2,online,credit,20,5,1,0
C00147,63,Male,Islamabad,ISB-001,773,8,150552.12,198958.54,1,1,0,0,TXN0001055,2024-03-09,5974.7,atm,credit,12,5,1,0
C00014,61,Male,Peshawar,PEW-001,786,10,414830.74,465652.68,3,1,0,0,TXN0000102,2024-03-10,23527.68,travel,transfer,12,6,1,0
C00395,28,Male,Multan,MUL-001,394,5,248137.24,79161.7,2,1,0,1,TXN0002754,2024-03-10,1356.82,atm,debit,16,6,1,0
C00344,65,Male,Karachi,KHI-001,516,5,48828.99,137873.13,2,1,1,0,TXN0002399,2024-03-10,9087.27,grocery,debit,17,6,1,0
C00304,37,Male,Lahore,LHR-001,758,9,280124.26,79916.95,2,0,0,0,TXN0002109,2024-03-10,394482.38,atm,transfer,18,6,1,1
C00241,41,Female,Karachi,KHI-001,769,5,419862.95,470370.84,4,1,1,1,TXN0001682,2024-03-10,4571.99,electronics,transfer,18,6,1,0
C00417,27,Male,Karachi,KHI-001,519,3,349378.57,500211.61,2,1,0,0,TXN0002905,2024-03-10,14970.88,electronics,credit,15,6,1,0
C00099,45,Female,Karachi,KHI-001,370,6,97228.84,349680.81,1,0,0,0,TXN0000718,2024-03-11,6774.06,atm,credit,22,0,0,0
C00178,49,Male,Islamabad,ISB-001,582,6,303582.71,534877.42,2,1,0,0,TXN0001266,2024-03-11,28968.67,travel,debit,21,0,0,0
C00321,43,Female,Karachi,KHI-001,379,6,243125.63,586966.13,4,0,0,1,TXN0002239,2024-03-11,8707.14,grocery,transfer,20,0,0,0
C00086,68,Female,Multan,MUL-001,681,2,396091.9,109563.18,1,0,1,0,TXN0000630,2024-03-11,23855.13,restaurant,transfer,20,0,0,0
C00224,32,Male,Lahore,LHR-001,696,9,412179.02,120383.72,2,1,1,0,TXN0001547,2024-03-11,3532.65,grocery,credit,13,0,0,0
C00267,47,Female,Karachi,KHI-001,747,5,81562.71,526584.35,4,1,0,0,TXN0001856,2024-03-11,720455.36,atm,credit,11,0,0,1
C00252,61,Female,Karachi,KHI-001,727,4,221410.73,378774.2,3,0,1,0,TXN0001759,2024-03-11,871.49,travel,debit,11,0,0,0
C00175,41,Male,Karachi,KHI-001,712,5,361802.48,262129.47,4,0,1,0,TXN0001241,2024-03-11,10746.23,online,transfer,16,0,0,0
C00248,53,Female,Karachi,KHI-001,433,9,49716.8,413504.05,3,1,1,0,TXN0001729,2024-03-11,13486.52,atm,debit,9,0,0,0
C00496,40,Female,Islamabad,ISB-001,354,8,236927.01,377429.77,2,1,0,0,TXN0003454,2024-03-12,5553.0,online,credit,14,1,0,0
C00422,29,Female,Quetta,QTA-001,483,10,447767.57,254214.72,1,0,1,0,TXN0002956,2024-03-12,19534.93,grocery,debit,11,1,0,0
C00313,41,Female,Quetta,QTA-001,769,5,373806.95,332927.45,4,1,0,1,TXN0002180,2024-03-12,3517.84,grocery,debit,16,1,0,0
C00290,59,Male,Quetta,QTA-001,617,10,380404.24,495709.12,4,1,1,0,TXN0002006,2024-03-12,2213.79,online,debit,10,1,0,0
C00122,44,Female,Multan,MUL-001,710,5,86929.09,316235.03,1,0,1,0,TXN0000865,2024-03-12,19145.31,electronics,debit,10,1,0,0
C00190,48,Female,Karachi,KHI-001,532,7,438839.82,379101.37,3,1,0,0,TXN0001331,2024-03-12,11527.84,online,debit,19,1,0,0
C00055,29,Female,Karachi,KHI-001,617,3,378544.47,585831.92,3,1,0,0,TXN0000387,2024-03-12,44808.47,electronics,transfer,12,1,0,0
C00244,47,Male,Islamabad,ISB-001,496,6,213907.85,554459.57,4,0,1,0,TXN0001704,2024-03-12,67506.74,grocery,debit,12,1,0,0
C00426,60,Female,Multan,MUL-001,718,0,260459.12,452820.93,3,1,0,0,TXN0002981,2024-03-13,4048.71,grocery,transfer,15,2,0,0
C00040,42,Female,Karachi,KHI-001,710,1,366621.82,375063.27,3,1,0,1,TXN0000281,2024-03-13,1399.44,online,credit,11,2,0,0
C00444,58,Female,Lahore,LHR-001,511,7,441410.38,325445.58,2,0,1,0,TXN0003106,2024-03-13,21858.28,online,transfer,19,2,0,0
C00170,27,Female,Karachi,KHI-001,594,1,299549.24,263465.73,4,0,0,1,TXN0001199,2024-03-13,4130.57,restaurant,debit,13,2,0,0
C00480,47,Female,Karachi,KHI-001,784,0,33670.63,502112.43,3,1,0,1,TXN0003354,2024-03-13,2867.27,atm,debit,13,2,0,0
C00047,30,Male,Islamabad,ISB-001,604,3,498857.84,222518.26,4,1,0,1,TXN0000325,2024-03-14,4400.83,online,transfer,8,3,0,0
C00316,24,Male,Karachi,KHI-001,724,10,263605.12,338065.72,3,0,1,0,TXN0002206,2024-03-14,5875.91,healthcare,transfer,21,3,0,0
C00331,55,Female,Lahore,LHR-001,390,2,262483.21,553941.39,2,0,1,0,TXN0002313,2024-03-14,25550.11,electronics,debit,16,3,0,0
C00442,49,Male,Karachi,KHI-001,654,4,351000.42,233940.19,2,0,1,0,TXN0003100,2024-03-14,734.2,electronics,transfer,12,3,0,0
C00441,40,Male,Lahore,LHR-001,838,7,57387.88,253309.33,4,1,0,1,TXN0003084,2024-03-14,15209.85,atm,withdrawal,14,3,0,0
C00126,65,Female,Islamabad,ISB-001,771,5,142405.65,274303.88,1,1,0,0,TXN0000896,2024-03-14,23021.74,electronics,debit,16,3,0,0
C00387,60,Male,Islamabad,ISB-001,783,8,401381.0,373620.41,1,0,1,0,TXN0002682,2024-03-14,8482.26,online,transfer,11,3,0,0
C00017,43,Male,Karachi,KHI-001,773,0,413440.67,219615.93,4,1,1,0,TXN0000126,2024-03-14,19869.71,restaurant,debit,21,3,0,0
C00165,43,Female,Karachi,KHI-001,729,3,206952.33,364472.34,3,1,0,1,TXN0001170,2024-03-14,6856.58,electronics,transfer,21,3,0,0
C00020,65,Male,Quetta,QTA-001,614,9,318710.49,152201.12,3,1,0,0,TXN0000148,2024-03-14,2090.14,atm,transfer,17,3,0,0
C00260,44,Male,Karachi,KHI-001,454,1,244458.7,404286.52,1,0,1,0,TXN0001812,2024-03-15,7561.75,online,debit,12,4,0,0
C00233,69,Male,Karachi,KHI-001,689,2,74309.18,182971.65,3,0,0,1,TXN0001620,2024-03-15,18356.76,grocery,debit,12,4,0,0
C00326,59,Female,Karachi,KHI-001,800,3,288351.74,487877.41,1,1,0,0,TXN0002275,2024-03-15,55399.03,healthcare,debit,11,4,0,0
C00069,47,Female,Karachi,KHI-001,521,0,359508.64,233769.28,1,1,1,0,TXN0000505,2024-03-15,12711.37,restaurant,credit,16,4,0,0
C00111,63,Male,Islamabad,ISB-001,755,5,210179.77,224249.77,1,1,1,0,TXN0000787,2024-03-16,2201.0,online,credit,10,5,1,0
C00436,34,Male,Peshawar,PEW-001,845,6,82883.63,129210.25,3,0,0,0,TXN0003052,2024-03-16,5543.33,electronics,debit,17,5,1,0
C00176,51,Male,Lahore,LHR-001,659,5,403630.91,172735.6,1,0,0,1,TXN0001247,2024-03-16,178350.95,electronics,credit,22,5,1,1
C00369,61,Female,Islamabad,ISB-001,744,5,296334.34,393928.67,2,0,1,0,TXN0002564,2024-03-16,2814.14,atm,withdrawal,16,5,1,0
C00067,50,Female,Lahore,LHR-001,706,8,301229.14,310119.57,2,0,0,0,TXN0000483,2024-03-16,4066.26,online,credit,14,5,1,0
C00168,63,Female,Islamabad,ISB-001,644,3,102075.98,405189.02,1,0,1,1,TXN0001187,2024-03-16,565168.43,online,credit,21,5,1,1
C00341,25,Male,Islamabad,ISB-001,729,9,39664.7,372381.6,1,0,1,0,TXN0002384,2024-03-16,5350.07,atm,debit,16,5,1,0
C00071,55,Female,Karachi,KHI-001,550,8,414265.42,567093.0,3,1,1,0,TXN0000523,2024-03-16,7560.17,atm,withdrawal,17,5,1,0
C00244,47,Male,Islamabad,ISB-001,496,6,213907.85,554459.57,4,1,1,0,TXN0001706,2024-03-16,5440.36,healthcare,credit,10,5,1,0
C00373,68,Female,Islamabad,ISB-001,413,1,452343.36,374346.27,1,0,1,0,TXN0002582,2024-03-16,5403.96,online,debit,14,5,1,0
C00029,46,Female,Karachi,KHI-001,576,7,272191.63,126048.5,4,1,1,0,TXN0000222,2024-03-16,44500.4,atm,transfer,13,5,1,0
C00407,49,Male,Peshawar,PEW-001,664,5,240955.03,289957.32,2,1,0,1,TXN0002840,2024-03-17,7288.54,grocery,debit,14,6,1,0
C00051,49,Female,Karachi,KHI-001,411,7,75848.35,123765.16,3,1,1,0,TXN0000367,2024-03-17,6068.66,grocery,transfer,8,6,1,0
C00036,65,Male,Peshawar,PEW-001,417,6,118367.57,581806.31,4,0,0,0,TXN0000260,2024-03-17,607850.24,grocery,credit,17,6,1,1
C00294,69,Male,Karachi,KHI-001,660,8,320429.63,177799.01,3,1,0,1,TXN0002032,2024-03-17,6180.76,online,credit,21,6,1,0
C00398,41,Female,Karachi,KHI-001,504,0,234373.47,371974.72,1,0,1,0,TXN0002778,2024-03-17,661.47,restaurant,credit,20,6,1,0
C00402,37,Female,Islamabad,ISB-001,824,9,447986.11,146581.92,1,1,0,1,TXN0002802,2024-03-18,1739.34,atm,debit,17,0,0,0
C00319,69,Female,Quetta,QTA-001,835,2,185525.14,441876.04,3,0,0,1,TXN0002219,2024-03-18,51237.54,online,credit,8,0,0,0
C00345,49,Female,Karachi,KHI-001,639,0,23610.4,242032.61,2,0,1,0,TXN0002403,2024-03-18,26218.72,atm,transfer,12,0,0,0
C00065,63,Female,Karachi,KHI-001,653,8,387081.58,359706.52,1,0,0,1,TXN0000464,2024-03-18,8401.62,restaurant,debit,15,0,0,0
C00251,54,Female,Lahore,LHR-001,681,0,419354.1,129200.97,2,0,0,1,TXN0001752,2024-03-19,6690.05,online,credit,20,1,0,0
C00323,67,Female,Lahore,LHR-001,713,10,267481.24,332589.38,2,1,0,0,TXN0002252,2024-03-19,18115.43,electronics,credit,21,1,0,0
C00159,64,Male,Multan,MUL-001,651,9,449228.05,271297.46,3,0,1,0,TXN0001134,2024-03-19,18375.9,grocery,credit,10,1,0,0
C00069,47,Female,Karachi,KHI-001,521,0,359508.64,233769.28,1,0,1,0,TXN0000502,2024-03-20,2000.74,restaurant,transfer,16,2,0,0
C00330,48,Male,Peshawar,PEW-001,684,8,370238.6,143727.93,3,0,1,0,TXN0002305,2024-03-20,2299.81,travel,credit,13,2,0,0
C00351,62,Female,Lahore,LHR-001,770,9,171503.38,449896.52,3,1,1,0,TXN0002446,2024-03-20,45377.54,restaurant,transfer,11,2,0,0
C00369,61,Female,Islamabad,ISB-001,744,5,296334.34,393928.67,2,1,1,0,TXN0002562,2024-03-20,5860.59,online,credit,13,2,0,0
C00305,62,Male,Peshawar,PEW-001,628,7,239239.01,574609.62,4,0,0,0,TXN0002112,2024-03-20,14062.75,atm,credit,18,2,0,0
C00223,25,Male,Multan,MUL-001,502,4,343176.01,114320.21,1,0,1,0,TXN0001535,2024-03-20,43971.28,grocery,debit,15,2,0,0
C00435,37,Male,Islamabad,ISB-001,573,7,126416.34,323829.52,2,0,0,0,TXN0003042,2024-03-20,678965.91,atm,credit,18,2,0,1
C00485,57,Female,Multan,MUL-001,453,4,225749.36,170228.76,2,1,1,1,TXN0003390,2024-03-20,1422.15,grocery,debit,13,2,0,0
C00362,54,Female,Islamabad,ISB-001,825,3,27324.84,339800.54,2,0,0,0,TXN0002516,2024-03-21,7887.81,electronics,credit,11,3,0,0
C00055,29,Female,Karachi,KHI-001,617,3,378544.47,585831.92,3,1,0,0,TXN0000388,2024-03-21,2660.02,grocery,transfer,11,3,0,0
C00021,51,Male,Karachi,KHI-001,669,10,454393.73,526148.78,3,0,0,1,TXN0000161,2024-03-21,1795.93,electronics,debit,20,3,0,0
C00480,47,Female,Karachi,KHI-001,784,0,33670.63,502112.43,3,0,0,1,TXN0003363,2024-03-22,17336.31,online,debit,9,4,0,0
C00120,54,Female,Karachi,KHI-001,696,4,127872.09,226096.19,1,1,1,0,TXN0000849,2024-03-22,4996.12,grocery,debit,9,4,0,0
C00489,44,Male,Islamabad,ISB-001,599,7,37484.94,372802.82,2,1,0,1,TXN0003417,2024-03-22,10763.85,electronics,transfer,13,4,0,0
C00372,53,Female,Islamabad,ISB-001,643,7,302395.23,193742.54,1,1,0,1,TXN0002577,2024-03-22,12592.55,healthcare,withdrawal,15,4,0,0
C00180,60,Male,Lahore,LHR-001,693,10,481511.41,225298.04,2,0,1,0,TXN0001272,2024-03-23,806059.79,healthcare,withdrawal,8,5,1,1
C00306,57,Male,Peshawar,PEW-001,757,0,159863.15,406628.13,1,0,1,0,TXN0002121,2024-03-23,7283.01,grocery,debit,14,5,1,0
C00250,62,Male,Islamabad,ISB-001,574,2,38783.6,235201.25,4,1,0,1,TXN0001744,2024-03-23,51186.01,travel,debit,13,5,1,0
C00346,51,Female,Islamabad,ISB-001,789,4,242491.76,547299.02,4,0,1,0,TXN0002407,2024-03-23,39251.41,atm,debit,15,5,1,0
C00147,63,Male,Islamabad,ISB-001,773,8,150552.12,198958.54,1,0,0,0,TXN0001052,2024-03-23,15954.17,online,withdrawal,3,5,1,0
C00159,64,Male,Multan,MUL-001,651,9,449228.05,271297.46,3,1,1,0,TXN0001133,2024-03-23,3632.65,electronics,transfer,17,5,1,0
C00497,53,Female,Lahore,LHR-001,494,10,472430.3,244287.0,3,0,1,0,TXN0003464,2024-03-24,10666.25,restaurant,debit,21,6,1,0
C00401,67,Female,Karachi,KHI-001,797,3,22258.25,295840.84,3,0,1,0,TXN0002795,2024-03-24,10327.46,travel,transfer,10,6,1,0
C00429,66,Male,Karachi,KHI-001,408,4,332745.45,416072.73,1,0,0,0,TXN0003002,2024-03-25,2445.79,online,transfer,15,0,0,0
C00103,45,Male,Lahore,LHR-001,506,6,117560.83,62822.3,2,0,1,0,TXN0000743,2024-03-25,17381.31,travel,debit,12,0,0,0
C00184,34,Male,Lahore,LHR-001,366,7,165375.08,291682.95,3,1,1,0,TXN0001296,2024-03-25,2323.55,grocery,credit,11,0,0,0
C00445,47,Male,Peshawar,PEW-001,714,5,480851.07,502160.22,3,1,1,0,TXN0003118,2024-03-25,7637.28,electronics,credit,18,0,0,0
C00177,32,Female,Quetta,QTA-001,731,2,494420.75,171417.46,4,0,1,0,TXN0001254,2024-03-25,47772.92,travel,debit,11,0,0,0
C00324,51,Male,Lahore,LHR-001,703,5,223310.92,109004.69,3,1,0,0,TXN0002261,2024-03-25,14972.19,online,debit,10,0,0,0
C00411,44,Male,Lahore,LHR-001,379,0,167880.43,578532.81,2,1,1,0,TXN0002872,2024-03-25,14302.99,atm,debit,17,0,0,0
C00057,56,Male,Multan,MUL-001,616,0,270558.27,407910.96,1,0,1,0,TXN0000409,2024-03-25,25729.8,restaurant,debit,19,0,0,0
C00039,28,Female,Islamabad,ISB-001,351,4,169743.81,40689.83,2,0,1,0,TXN0000276,2024-03-25,2226.79,online,transfer,2,0,0,0
C00480,47,Female,Karachi,KHI-001,784,0,33670.63,502112.43,3,1,0,1,TXN0003360,2024-03-26,4729.72,electronics,debit,20,1,0,0
C00090,66,Male,Multan,MUL-001,396,4,190345.51,383248.74,3,1,1,0,TXN0000663,2024-03-26,3125.08,grocery,debit,12,1,0,0
C00121,69,Female,Lahore,LHR-001,788,4,290927.82,343788.04,4,0,1,0,TXN0000851,2024-03-26,9860.04,grocery,credit,16,1,0,0
C00177,32,Female,Quetta,QTA-001,731,2,494420.75,171417.46,4,0,1,0,TXN0001255,2024-03-26,2896.79,online,credit,16,1,0,0
C00252,61,Female,Karachi,KHI-001,727,4,221410.73,378774.2,3,1,1,0,TXN0001762,2024-03-27,4966.02,atm,debit,17,2,0,0
C00337,54,Female,Lahore,LHR-001,509,2,5117.57,102890.43,4,1,0,0,TXN0002351,2024-03-27,16516.3,grocery,transfer,19,2,0,0
C00140,35,Male,Islamabad,ISB-001,711,2,400892.1,56460.89,3,1,0,0,TXN0000996,2024-03-28,770.65,electronics,transfer,16,3,0,0
C00031,63,Female,Islamabad,ISB-001,792,9,290855.7,336998.46,1,1,0,1,TXN0000235,2024-03-28,10874.53,grocery,debit,17,3,0,0
C00271,69,Male,Lahore,LHR-001,550,0,179012.38,223893.49,1,1,0,0,TXN0001884,2024-03-28,1869.1,restaurant,credit,8,3,0,0
C00200,45,Male,Lahore,LHR-001,476,0,175870.11,592548.07,2,0,1,0,TXN0001383,2024-03-28,1677.87,restaurant,debit,16,3,0,0
C00466,47,Male,Lahore,LHR-001,708,3,14121.72,126123.04,4,0,1,0,TXN0003252,2024-03-29,34540.41,travel,transfer,11,4,0,0
C00414,43,Male,Karachi,KHI-001,471,8,144288.53,135467.65,4,0,1,0,TXN0002887,2024-03-29,14416.12,atm,transfer,18,4,0,0
C00146,47,Male,Quetta,QTA-001,704,7,295789.53,595594.66,4,0,0,1,TXN0001047,2024-03-29,12356.68,restaurant,debit,1,4,0,0
C00042,60,Female,Karachi,KHI-001,459,7,87531.73,178622.38,3,1,1,1,TXN0000301,2024-03-29,8036.73,restaurant,credit,13,4,0,0
C00087,45,Male,Islamabad,ISB-001,787,8,16396.19,541883.93,4,1,0,0,TXN0000633,2024-03-29,2480.97,travel,credit,12,4,0,0
C00233,69,Male,Karachi,KHI-001,689,2,74309.18,182971.65,3,0,0,1,TXN0001623,2024-03-30,21034.07,online,transfer,17,5,1,0
C00049,23,Female,Karachi,KHI-001,365,4,354955.33,282618.18,3,1,0,1,TXN0000349,2024-03-30,22248.18,grocery,debit,23,5,1,0
C00048,47,Male,Lahore,LHR-001,532,9,377439.54,370547.81,1,1,1,0,TXN0000344,2024-03-30,7252.65,online,transfer,18,5,1,0
C00472,49,Female,Lahore,LHR-001,629,0,395459.46,308438.49,3,0,0,0,TXN0003305,2024-03-30,31919.64,electronics,transfer,21,5,1,0
C00050,41,Female,Peshawar,PEW-001,826,8,390393.11,591236.79,3,0,0,0,TXN0000357,2024-03-31,1580.62,healthcare,debit,16,6,1,0
C00034,36,Female,Islamabad,ISB-001,390,2,268269.45,204734.07,4,0,0,1,TXN0000250,2024-03-31,15820.87,electronics,withdrawal,9,6,1,0
C00367,52,Female,Quetta,QTA-001,824,3,400004.71,397258.04,3,0,0,0,TXN0002545,2024-04-01,7297.82,grocery,withdrawal,18,0,0,0
C00121,69,Female,Lahore,LHR-001,788,4,290927.82,343788.04,4,0,1,0,TXN0000857,2024-04-01,8352.98,restaurant,transfer,19,0,0,0
C00037,24,Female,Quetta,QTA-001,825,3,273710.41,143856.97,4,1,0,0,TXN0000266,2024-04-02,4626.79,online,credit,14,1,0,0
C00167,23,Female,Islamabad,ISB-001,439,2,130674.84,93346.44,1,1,0,0,TXN0001184,2024-04-02,13716.42,atm,debit,19,1,0,0
C00438,51,Male,Multan,MUL-001,417,6,170334.39,105883.46,4,1,0,0,TXN0003065,2024-04-02,786.53,online,debit,19,1,0,0
C00321,43,Female,Karachi,KHI-001,379,6,243125.63,586966.13,4,0,0,1,TXN0002240,2024-04-02,52542.76,atm,credit,21,1,0,0
C00061,61,Female,Karachi,KHI-001,818,4,253632.73,445599.77,3,1,0,1,TXN0000439,2024-04-02,10673.15,atm,transfer,20,1,0,0
C00154,58,Female,Lahore,LHR-001,526,7,55975.83,266973.7,3,0,0,0,TXN0001097,2024-04-03,905.84,online,credit,11,2,0,0
C00477,26,Male,Peshawar,PEW-001,703,3,386637.22,504426.15,1,0,0,0,TXN0003334,2024-04-03,12040.34,atm,debit,17,2,0,0
C00489,44,Male,Islamabad,ISB-001,599,7,37484.94,372802.82,2,0,0,1,TXN0003418,2024-04-03,15024.64,online,debit,18,2,0,0
C00250,62,Male,Islamabad,ISB-001,574,2,38783.6,235201.25,4,1,0,1,TXN0001747,2024-04-03,2527.18,grocery,debit,2,2,0,0
C00185,62,Female,Lahore,LHR-001,693,4,48027.88,369215.25,3,0,1,1,TXN0001305,2024-04-03,7847.87,electronics,debit,17,2,0,0
C00096,46,Male,Karachi,KHI-001,442,4,65791.34,382864.47,4,1,1,0,TXN0000699,2024-04-04,17659.43,travel,debit,8,3,0,0
C00287,32,Male,Islamabad,ISB-001,607,1,263043.83,572827.99,2,0,0,1,TXN0001989,2024-04-04,7030.42,grocery,debit,9,3,0,0
C00409,23,Female,Karachi,KHI-001,748,7,426835.8,365066.0,2,0,0,0,TXN0002856,2024-04-05,16081.71,online,transfer,9,4,0,0
C00102,29,Female,Islamabad,ISB-001,625,2,159164.91,309306.15,4,1,1,0,TXN0000728,2024-04-05,2136.71,online,withdrawal,13,4,0,0
C00452,55,Female,Islamabad,ISB-001,391,0,5554.46,357282.2,2,0,0,1,TXN0003164,2024-04-05,294199.54,atm,withdrawal,21,4,0,1
C00250,62,Male,Islamabad,ISB-001,574,2,38783.6,235201.25,4,1,0,1,TXN0001743,2024-04-05,44164.12,restaurant,credit,13,4,0,0
C00262,51,Male,Islamabad,ISB-001,799,6,272222.18,558377.91,2,0,1,0,TXN0001824,2024-04-05,318377.98,online,debit,18,4,0,1
C00162,34,Female,Peshawar,PEW-001,485,4,489571.06,94540.3,1,1,1,0,TXN0001151,2024-04-06,982.24,grocery,transfer,10,5,1,0
C00294,69,Male,Karachi,KHI-001,660,8,320429.63,177799.01,3,0,0,1,TXN0002031,2024-04-06,17124.38,travel,credit,14,5,1,0
C00176,51,Male,Lahore,LHR-001,659,5,403630.91,172735.6,1,1,0,1,TXN0001244,2024-04-06,1420.89,restaurant,transfer,16,5,1,0
C00392,46,Male,Karachi,KHI-001,792,8,264890.59,287749.56,3,1,1,0,TXN0002727,2024-04-06,3646.04,atm,debit,14,5,1,0
C00182,22,Male,Karachi,KHI-001,654,7,74835.52,414858.62,3,0,1,0,TXN0001288,2024-04-06,5461.48,online,transfer,13,5,1,0
C00421,54,Male,Lahore,LHR-001,436,7,59187.09,305936.46,4,0,1,0,TXN0002944,2024-04-07,20308.72,online,transfer,14,6,1,0
C00380,47,Male,Karachi,KHI-001,553,6,416168.05,498475.95,2,0,1,0,TXN0002634,2024-04-07,3868.38,electronics,debit,12,6,1,0
C00053,28,Male,Islamabad,ISB-001,781,0,358461.72,421055.71,2,0,1,0,TXN0000376,2024-04-07,17248.66,grocery,debit,17,6,1,0
C00244,47,Male,Islamabad,ISB-001,496,6,213907.85,554459.57,4,1,1,0,TXN0001709,2024-04-07,342696.82,online,debit,17,6,1,1
C00039,28,Female,Islamabad,ISB-001,351,4,169743.81,40689.83,2,0,1,0,TXN0000274,2024-04-08,655972.4,restaurant,debit,1,0,0,1
C00168,63,Female,Islamabad,ISB-001,644,3,102075.98,405189.02,1,0,1,1,TXN0001192,2024-04-08,3931.52,restaurant,credit,20,0,0,0
C00078,29,Male,Lahore,LHR-001,565,2,456366.94,220373.03,1,1,1,0,TXN0000561,2024-04-09,4309.49,travel,debit,13,1,0,0
C00290,59,Male,Quetta,QTA-001,617,10,380404.24,495709.12,4,0,1,0,TXN0001999,2024-04-09,16357.8,electronics,withdrawal,16,1,0,0
C00312,69,Female,Karachi,KHI-001,495,1,398694.21,385716.98,3,1,1,1,TXN0002174,2024-04-09,3070.06,online,credit,18,1,0,0
C00216,40,Male,Lahore,LHR-001,650,7,204262.27,584934.74,1,1,1,0,TXN0001490,2024-04-09,32870.66,electronics,credit,15,1,0,0
C00365,46,Male,Quetta,QTA-001,844,0,66596.59,168937.85,2,1,1,0,TXN0002537,2024-04-10,14686.05,restaurant,debit,8,2,0,0
C00413,46,Male,Karachi,KHI-001,834,9,368930.26,462709.18,2,0,0,0,TXN0002884,2024-04-10,11795.52,grocery,transfer,19,2,0,0
C00356,52,Female,Peshawar,PEW-001,497,8,152016.42,123834.22,4,1,1,0,TXN0002475,2024-04-10,635.63,electronics,debit,17,2,0,0
C00274,58,Male,Islamabad,ISB-001,377,10,301151.6,355525.8,3,0,1,1,TXN0001896,2024-04-11,782936.73,online,debit,9,3,0,1
C00127,61,Male,Multan,MUL-001,611,3,113948.12,154003.84,2,0,0,1,TXN0000908,2024-04-11,18683.69,atm,debit,14,3,0,0
C00072,31,Female,Multan,MUL-001,794,5,479742.02,80553.11,2,0,1,0,TXN0000529,2024-04-11,796.32,online,debit,14,3,0,0
C00228,26,Male,Quetta,QTA-001,842,10,38251.82,145475.49,2,0,0,0,TXN0001576,2024-04-11,904.34,atm,credit,14,3,0,0
C00197,36,Male,Quetta,QTA-001,496,5,184714.31,352558.54,4,1,1,0,TXN0001367,2024-04-11,1424.12,online,debit,12,3,0,0
C00224,32,Male,Lahore,LHR-001,696,9,412179.02,120383.72,2,1,1,0,TXN0001548,2024-04-12,27854.43,atm,transfer,14,4,0,0
C00260,44,Male,Karachi,KHI-001,454,1,244458.7,404286.52,1,0,1,0,TXN0001814,2024-04-12,10720.76,grocery,transfer,13,4,0,0
C00071,55,Female,Karachi,KHI-001,550,8,414265.42,567093.0,3,1,1,0,TXN0000520,2024-04-12,28502.8,restaurant,debit,19,4,0,0
C00006,42,Female,Karachi,KHI-001,724,10,466804.34,113547.67,1,0,0,0,TXN0000036,2024-04-12,34580.52,atm,transfer,16,4,0,0
C00070,65,Female,Lahore,LHR-001,766,3,301519.54,474450.65,2,1,1,1,TXN0000510,2024-04-12,2414.32,electronics,credit,8,4,0,0
C00032,49,Female,Peshawar,PEW-001,683,9,180904.41,50002.66,3,0,0,0,TXN0000237,2024-04-12,19166.62,grocery,withdrawal,8,4,0,0
C00408,55,Male,Karachi,KHI-001,474,1,26966.45,226798.95,3,0,1,0,TXN0002853,2024-04-12,5757.43,restaurant,withdrawal,14,4,0,0
C00272,33,Male,Lahore,LHR-001,726,5,209332.81,392916.9,4,1,0,0,TXN0001886,2024-04-12,25807.03,restaurant,credit,12,4,0,0
C00330,48,Male,Peshawar,PEW-001,684,8,370238.6,143727.93,3,0,1,0,TXN0002300,2024-04-12,20800.54,travel,debit,13,4,0,0
C00495,31,Female,Karachi,KHI-001,633,0,83674.45,49905.17,3,0,0,1,TXN0003450,2024-04-12,31905.5,atm,debit,17,4,0,0
C00483,42,Female,Islamabad,ISB-001,601,7,495123.44,307811.05,1,0,1,0,TXN0003375,2024-04-12,1872.39,online,debit,13,4,0,0
C00157,66,Male,Islamabad,ISB-001,835,4,377856.88,248795.24,4,0,0,1,TXN0001122,2024-04-12,20480.71,atm,transfer,21,4,0,0
C00273,26,Male,Lahore,LHR-001,388,4,353938.15,381505.81,1,1,0,0,TXN0001890,2024-04-13,22536.11,restaurant,credit,16,5,1,0
C00010,32,Female,Multan,MUL-001,849,2,463592.46,449511.24,1,1,1,0,TXN0000062,2024-04-13,2838.79,travel,debit,16,5,1,0
C00414,43,Male,Karachi,KHI-001,471,8,144288.53,135467.65,4,1,1,0,TXN0002890,2024-04-13,2628.08,travel,transfer,21,5,1,0
C00270,22,Male,Islamabad,ISB-001,467,1,175469.95,403481.81,2,0,0,0,TXN0001872,2024-04-13,11782.75,online,debit,20,5,1,0
C00198,53,Female,Karachi,KHI-001,744,0,21942.91,342347.27,4,1,1,0,TXN0001374,2024-04-14,4177.76,electronics,debit,18,6,1,0
C00445,47,Male,Peshawar,PEW-001,714,5,480851.07,502160.22,3,0,1,0,TXN0003116,2024-04-14,26862.1,online,transfer,14,6,1,0
C00239,50,Male,Lahore,LHR-001,510,4,249665.56,505291.23,4,0,0,0,TXN0001667,2024-04-14,9610.98,healthcare,debit,13,6,1,0
C00350,56,Male,Peshawar,PEW-001,545,0,50391.17,209153.88,1,1,0,1,TXN0002437,2024-04-14,30624.84,travel,debit,17,6,1,0
C00362,54,Female,Islamabad,ISB-001,825,3,27324.84,339800.54,2,1,0,0,TXN0002512,2024-04-14,794078.39,restaurant,debit,19,6,1,1
C00192,58,Female,Karachi,KHI-001,388,1,353453.34,338766.68,1,0,1,0,TXN0001343,2024-04-15,8800.16,grocery,debit,9,0,0,0
C00045,46,Female,Islamabad,ISB-001,469,4,372023.15,130062.26,3,0,1,0,TXN0000315,2024-04-15,3498.03,travel,transfer,10,0,0,0
C00212,58,Female,Karachi,KHI-001,617,1,244965.29,308742.37,2,1,0,1,TXN0001466,2024-04-15,4523.8,electronics,credit,20,0,0,0
C00300,67,Female,Islamabad,ISB-001,411,2,336609.14,331891.11,2,1,0,1,TXN0002083,2024-04-15,5671.24,online,debit,21,0,0,0
C00420,58,Female,Islamabad,ISB-001,384,10,481250.38,589492.37,4,0,0,1,TXN0002934,2024-04-15,33557.56,atm,transfer,19,0,0,0
C00274,58,Male,Islamabad,ISB-001,377,10,301151.6,355525.8,3,0,1,1,TXN0001895,2024-04-15,11700.26,travel,debit,11,0,0,0
C00229,55,Female,Karachi,KHI-001,780,0,205597.8,449264.51,2,1,1,0,TXN0001579,2024-04-15,6597.5,atm,credit,21,0,0,0
C00466,47,Male,Lahore,LHR-001,708,3,14121.72,126123.04,4,1,1,0,TXN0003258,2024-04-15,18362.12,grocery,debit,13,0,0,0
C00048,47,Male,Lahore,LHR-001,532,9,377439.54,370547.81,1,1,1,0,TXN0000335,2024-04-16,4438.16,online,credit,14,1,0,0
C00405,44,Female,Peshawar,PEW-001,655,1,198629.03,243248.79,2,1,0,1,TXN0002825,2024-04-16,10632.66,restaurant,credit,21,1,0,0
C00353,45,Female,Peshawar,PEW-001,670,8,367474.54,415997.81,4,0,0,0,TXN0002454,2024-04-17,5126.24,restaurant,transfer,21,2,0,0
C00309,54,Male,Lahore,LHR-001,626,3,100336.52,308342.61,2,0,1,0,TXN0002148,2024-04-17,3059.77,travel,withdrawal,11,2,0,0
C00084,66,Female,Karachi,KHI-001,780,4,55595.27,415415.86,2,0,1,0,TXN0000608,2024-04-17,22004.3,restaurant,credit,18,2,0,0
C00334,54,Female,Lahore,LHR-001,709,1,211665.51,496819.24,1,0,0,0,TXN0002332,2024-04-18,59982.29,online,debit,17,3,0,0
C00422,29,Female,Quetta,QTA-001,483,10,447767.57,254214.72,1,1,1,0,TXN0002958,2024-04-18,23449.46,online,debit,15,3,0,0
C00001,60,Male,Lahore,LHR-001,555,3,398173.28,502515.63,1,0,0,1,TXN0000008,2024-04-18,1056.23,grocery,credit,16,3,0,0
C00290,59,Male,Quetta,QTA-001,617,10,380404.24,495709.12,4,1,1,0,TXN0002000,2024-04-18,625.78,grocery,transfer,16,3,0,0
C00258,49,Male,Lahore,LHR-001,796,0,477273.03,201663.93,4,1,1,0,TXN0001805,2024-04-18,3128.82,electronics,debit,14,3,0,0
C00121,69,Female,Lahore,LHR-001,788,4,290927.82,343788.04,4,0,1,0,TXN0000856,2024-04-18,24779.64,electronics,debit,15,3,0,0
C00328,29,Female,Karachi,KHI-001,505,3,271508.74,205355.84,4,1,1,0,TXN0002288,2024-04-19,6354.45,online,debit,16,4,0,0
C00410,53,Male,Islamabad,ISB-001,594,7,22534.07,89709.74,1,0,1,0,TXN0002866,2024-04-19,10031.18,electronics,debit,9,4,0,0
C00249,28,Female,Islamabad,ISB-001,462,9,386638.03,363223.73,1,1,0,0,TXN0001738,2024-04-19,15519.29,electronics,transfer,15,4,0,0
C00300,67,Female,Islamabad,ISB-001,411,2,336609.14,331891.11,2,1,0,1,TXN0002081,2024-04-19,30623.53,electronics,credit,13,4,0,0
C00297,46,Male,Lahore,LHR-001,823,7,325099.13,347671.97,4,1,0,0,TXN0002056,2024-04-20,26274.53,electronics,debit,8,5,1,0
C00254,39,Male,Karachi,KHI-001,492,0,362158.77,525205.65,1,1,0,1,TXN0001781,2024-04-20,15917.42,healthcare,credit,16,5,1,0
C00200,45,Male,Lahore,LHR-001,476,0,175870.11,592548.07,2,0,1,0,TXN0001384,2024-04-20,27975.2,grocery,credit,20,5,1,0
C00452,55,Female,Islamabad,ISB-001,391,0,5554.46,357282.2,2,1,0,1,TXN0003169,2024-04-20,8591.18,online,debit,19,5,1,0
C00266,37,Female,Karachi,KHI-001,615,5,477841.97,217629.6,1,0,1,0,TXN0001852,2024-04-20,27866.84,atm,credit,8,5,1,0
C00404,33,Male,Islamabad,ISB-001,400,8,231428.89,251946.8,4,0,0,0,TXN0002817,2024-04-21,29243.17,electronics,credit,18,6,1,0
C00034,36,Female,Islamabad,ISB-001,390,2,268269.45,204734.07,4,1,0,1,TXN0000252,2024-04-21,29747.81,grocery,debit,21,6,1,0
C00359,42,Male,Karachi,KHI-001,551,10,296608.72,171731.93,2,0,1,0,TXN0002489,2024-04-21,10736.46,electronics,credit,16,6,1,0
C00223,25,Male,Multan,MUL-001,502,4,343176.01,114320.21,1,1,1,0,TXN0001534,2024-04-22,16112.67,restaurant,credit,18,0,0,0
C00425,26,Male,Quetta,QTA-001,550,8,442038.6,51214.76,1,1,0,0,TXN0002975,2024-04-22,43047.28,healthcare,transfer,19,0,0,0
C00325,59,Male,Multan,MUL-001,637,7,205220.3,521272.84,1,0,1,1,TXN0002264,2024-04-22,17703.19,electronics,credit,21,0,0,0
C00429,66,Male,Karachi,KHI-001,408,4,332745.45,416072.73,1,0,0,0,TXN0003003,2024-04-22,1585.22,grocery,withdrawal,18,0,0,0
C00336,68,Female,Lahore,LHR-001,397,2,495218.95,334839.55,3,0,0,0,TXN0002342,2024-04-22,9627.68,restaurant,transfer,20,0,0,0
C00478,33,Male,Islamabad,ISB-001,488,10,355743.14,217817.61,3,1,1,0,TXN0003337,2024-04-22,6256.09,travel,credit,12,0,0,0
C00442,49,Male,Karachi,KHI-001,654,4,351000.42,233940.19,2,1,1,0,TXN0003094,2024-04-23,6457.42,online,credit,19,1,0,0
C00232,32,Female,Lahore,LHR-001,524,8,57756.47,579474.23,4,0,1,0,TXN0001604,2024-04-23,9993.08,grocery,debit,12,1,0,0
C00171,49,Male,Lahore,LHR-001,782,8,172939.27,520472.3,3,0,1,0,TXN0001207,2024-04-23,8436.56,grocery,transfer,11,1,0,0
C00463,50,Male,Peshawar,PEW-001,370,5,410246.31,498491.6,4,0,1,0,TXN0003241,2024-04-23,188447.95,atm,transfer,9,1,0,1
C00277,62,Female,Lahore,LHR-001,803,6,43493.85,374031.87,2,1,1,0,TXN0001920,2024-04-23,25868.3,atm,debit,21,1,0,0
C00371,45,Male,Quetta,QTA-001,718,6,442678.49,119393.66,4,1,1,0,TXN0002571,2024-04-23,45083.73,travel,transfer,19,1,0,0
C00275,53,Female,Islamabad,ISB-001,608,8,232542.35,253035.03,2,0,1,1,TXN0001905,2024-04-23,18376.43,atm,debit,15,1,0,0
C00489,44,Male,Islamabad,ISB-001,599,7,37484.94,372802.82,2,1,0,1,TXN0003420,2024-04-23,2250.78,grocery,debit,11,1,0,0
C00266,37,Female,Karachi,KHI-001,615,5,477841.97,217629.6,1,1,1,0,TXN0001845,2024-04-24,7124.72,electronics,credit,10,2,0,0
C00328,29,Female,Karachi,KHI-001,505,3,271508.74,205355.84,4,0,1,0,TXN0002289,2024-04-24,2013.94,travel,debit,9,2,0,0
C00372,53,Female,Islamabad,ISB-001,643,7,302395.23,193742.54,1,0,0,1,TXN0002579,2024-04-24,20300.73,healthcare,credit,10,2,0,0
C00194,63,Female,Lahore,LHR-001,541,8,314256.83,435015.93,2,1,1,1,TXN0001356,2024-04-24,5933.67,atm,withdrawal,12,2,0,0
C00161,57,Female,Peshawar,PEW-001,539,5,401371.14,284812.62,4,1,0,0,TXN0001143,2024-04-25,5703.17,grocery,transfer,8,3,0,0
C00276,30,Female,Karachi,KHI-001,433,0,42587.04,347159.84,4,0,1,0,TXN0001910,2024-04-25,12410.37,atm,credit,13,3,0,0
C00490,31,Female,Islamabad,ISB-001,624,1,411648.91,564411.54,4,0,0,1,TXN0003425,2024-04-25,24815.46,restaurant,debit,16,3,0,0
C00362,54,Female,Islamabad,ISB-001,825,3,27324.84,339800.54,2,1,0,0,TXN0002509,2024-04-25,30217.06,atm,debit,17,3,0,0
C00384,30,Female,Lahore,LHR-001,737,5,23182.31,472668.73,2,0,0,0,TXN0002666,2024-04-25,6950.96,atm,credit,12,3,0,0
C00433,56,Male,Multan,MUL-001,750,3,263023.85,524224.27,1,0,0,0,TXN0003028,2024-04-25,24231.77,atm,transfer,19,3,0,0
C00006,42,Female,Karachi,KHI-001,724,10,466804.34,113547.67,1,0,0,0,TXN0000040,2024-04-25,26275.07,travel,credit,21,3,0,0
C00450,22,Male,Karachi,KHI-001,784,5,118169.45,480314.54,1,0,0,0,TXN0003154,2024-04-25,7326.47,healthcare,debit,11,3,0,0
C00097,28,Male,Karachi,KHI-001,755,9,121773.49,311263.13,4,1,1,0,TXN0000701,2024-04-26,25222.64,grocery,credit,10,4,0,0
C00087,45,Male,Islamabad,ISB-001,787,8,16396.19,541883.93,4,1,0,0,TXN0000635,2024-04-26,1973.04,atm,transfer,13,4,0,0
C00346,51,Female,Islamabad,ISB-001,789,4,242491.76,547299.02,4,1,1,0,TXN0002410,2024-04-26,19362.93,electronics,debit,16,4,0,0
C00467,37,Female,Karachi,KHI-001,673,2,218959.19,165224.08,1,1,1,0,TXN0003263,2024-04-27,13638.92,travel,transfer,18,5,1,0
C00316,24,Male,Karachi,KHI-001,724,10,263605.12,338065.72,3,1,1,0,TXN0002201,2024-04-27,4294.82,restaurant,transfer,21,5,1,0
C00410,53,Male,Islamabad,ISB-001,594,7,22534.07,89709.74,1,0,1,0,TXN0002861,2024-04-28,1677.69,restaurant,debit,21,6,1,0
C00329,48,Female,Lahore,LHR-001,521,7,332519.31,484308.06,3,0,1,0,TXN0002294,2024-04-28,1300.25,electronics,credit,13,6,1,0
C00462,43,Female,Multan,MUL-001,841,4,9490.84,158710.19,3,0,0,1,TXN0003233,2024-04-28,2593.33,atm,debit,17,6,1,0
C00004,64,Female,Islamabad,ISB-001,600,1,374257.39,472780.76,3,0,1,0,TXN0000023,2024-04-28,28460.16,travel,debit,21,6,1,0
C00365,46,Male,Quetta,QTA-001,844,0,66596.59,168937.85,2,0,1,0,TXN0002540,2024-04-28,32685.72,online,credit,20,6,1,0
C00469,43,Female,Quetta,QTA-001,734,0,199114.85,360903.2,2,0,0,1,TXN0003280,2024-04-29,1421.64,online,transfer,18,0,0,0
C00332,42,Female,Multan,MUL-001,412,2,216274.44,277735.36,3,1,0,0,TXN0002322,2024-04-29,1562.05,grocery,debit,10,0,0,0
C00143,30,Male,Islamabad,ISB-001,442,1,314363.11,374725.2,4,0,1,0,TXN0001020,2024-04-29,3666.04,restaurant,credit,18,0,0,0
C00161,57,Female,Peshawar,PEW-001,539,5,401371.14,284812.62,4,0,0,0,TXN0001139,2024-04-29,10179.69,travel,credit,10,0,0,0
C00077,36,Male,Lahore,LHR-001,831,8,309400.38,240368.76,1,0,0,1,TXN0000552,2024-04-29,27406.26,grocery,credit,10,0,0,0
C00246,40,Male,Karachi,KHI-001,761,4,479520.45,566890.2,3,0,1,0,TXN0001718,2024-04-30,1216.97,healthcare,credit,10,1,0,0
C00168,63,Female,Islamabad,ISB-001,644,3,102075.98,405189.02,1,0,1,1,TXN0001190,2024-04-30,11663.77,grocery,debit,19,1,0,0
C00244,47,Male,Islamabad,ISB-001,496,6,213907.85,554459.57,4,0,1,0,TXN0001703,2024-04-30,14573.82,travel,debit,13,1,0,0
C00292,41,Male,Lahore,LHR-001,584,1,380722.74,123435.44,4,0,1,0,TXN0002016,2024-05-01,12353.66,travel,transfer,14,2,0,0
C00379,23,Female,Lahore,LHR-001,789,2,119131.75,231010.41,2,0,1,0,TXN0002623,2024-05-02,16166.11,online,transfer,21,3,0,0
C00412,43,Female,Lahore,LHR-001,775,2,466136.8,395577.63,1,1,1,0,TXN0002878,2024-05-02,38047.6,electronics,withdrawal,20,3,0,0
C00357,56,Female,Peshawar,PEW-001,624,5,427146.8,277409.1,4,0,1,0,TXN0002481,2024-05-02,4837.41,grocery,debit,11,3,0,0
C00417,27,Male,Karachi,KHI-001,519,3,349378.57,500211.61,2,0,0,0,TXN0002914,2024-05-02,22486.27,atm,credit,12,3,0,0
C00298,50,Male,Islamabad,ISB-001,706,6,348121.73,458250.4,3,1,1,0,TXN0002063,2024-05-03,34572.18,travel,withdrawal,20,4,0,0
C00373,68,Female,Islamabad,ISB-001,413,1,452343.36,374346.27,1,1,1,0,TXN0002584,2024-05-03,18646.71,grocery,debit,21,4,0,0
C00134,68,Male,Lahore,LHR-001,611,2,269859.51,451796.17,2,0,1,0,TXN0000946,2024-05-03,19038.0,grocery,transfer,16,4,0,0
C00198,53,Female,Karachi,KHI-001,744,0,21942.91,342347.27,4,0,1,0,TXN0001373,2024-05-03,10604.63,restaurant,debit,17,4,0,0
C00224,32,Male,Lahore,LHR-001,696,9,412179.02,120383.72,2,1,1,0,TXN0001544,2024-05-03,20562.25,healthcare,credit,2,4,0,0
C00394,34,Female,Karachi,KHI-001,424,6,260047.72,414977.47,3,1,0,0,TXN0002745,2024-05-04,2947.31,electronics,debit,20,5,1,0
C00157,66,Male,Islamabad,ISB-001,835,4,377856.88,248795.24,4,0,0,1,TXN0001126,2024-05-04,1426.86,online,debit,0,5,1,0
C00107,56,Female,Multan,MUL-001,804,8,106762.01,372236.04,2,0,1,1,TXN0000765,2024-05-04,567.77,atm,transfer,16,5,1,0
C00232,32,Female,Lahore,LHR-001,524,8,57756.47,579474.23,4,0,1,0,TXN0001606,2024-05-04,17963.75,electronics,debit,9,5,1,0
C00173,65,Female,Islamabad,ISB-001,667,0,444292.94,369511.07,1,0,1,0,TXN0001220,2024-05-04,12128.68,grocery,debit,20,5,1,0
C00108,56,Female,Karachi,KHI-001,697,9,394955.99,404164.74,4,1,0,0,TXN0000771,2024-05-05,373136.14,online,withdrawal,19,6,1,1
C00113,62,Male,Karachi,KHI-001,778,7,461865.31,456796.28,1,0,0,1,TXN0000796,2024-05-05,5714.39,grocery,debit,21,6,1,0
C00444,58,Female,Lahore,LHR-001,511,7,441410.38,325445.58,2,0,1,0,TXN0003114,2024-05-05,34318.69,online,credit,15,6,1,0
C00050,41,Female,Peshawar,PEW-001,826,8,390393.11,591236.79,3,1,0,0,TXN0000358,2024-05-05,11072.66,travel,debit,17,6,1,0
C00496,40,Female,Islamabad,ISB-001,354,8,236927.01,377429.77,2,0,0,0,TXN0003463,2024-05-06,7929.51,travel,transfer,19,0,0,0
C00261,52,Female,Lahore,LHR-001,551,7,138606.06,468506.88,2,1,1,0,TXN0001817,2024-05-06,38487.77,atm,credit,17,0,0,0
C00449,22,Male,Karachi,KHI-001,692,3,410873.72,130587.96,3,0,0,0,TXN0003143,2024-05-06,979.67,electronics,credit,19,0,0,0
C00045,46,Female,Islamabad,ISB-001,469,4,372023.15,130062.26,3,1,1,0,TXN0000318,2024-05-06,7939.64,online,credit,17,0,0,0
C00334,54,Female,Lahore,LHR-001,709,1,211665.51,496819.24,1,0,0,0,TXN0002336,2024-05-06,9773.49,restaurant,debit,14,0,0,0
C00500,66,Male,Karachi,KHI-001,723,6,265876.93,147398.18,3,0,0,0,TXN0003491,2024-05-06,2091.94,grocery,transfer,15,0,0,0
C00208,23,Male,Quetta,QTA-001,421,8,285059.43,97853.02,4,1,0,0,TXN0001444,2024-05-06,3278.24,grocery,transfer,16,0,0,0
C00351,62,Female,Lahore,LHR-001,770,9,171503.38,449896.52,3,0,1,0,TXN0002442,2024-05-06,24380.14,online,debit,16,0,0,0
C00472,49,Female,Lahore,LHR-001,629,0,395459.46,308438.49,3,1,0,0,TXN0003300,2024-05-07,17531.27,grocery,transfer,13,1,0,0
C00421,54,Male,Lahore,LHR-001,436,7,59187.09,305936.46,4,0,1,0,TXN0002949,2024-05-07,8488.11,online,debit,19,1,0,0
C00154,58,Female,Lahore,LHR-001,526,7,55975.83,266973.7,3,1,0,0,TXN0001100,2024-05-07,1332.56,online,debit,16,1,0,0
C00089,46,Male,Karachi,KHI-001,523,10,386767.1,385298.57,1,0,1,0,TXN0000647,2024-05-07,10235.19,online,withdrawal,8,1,0,0
C00433,56,Male,Multan,MUL-001,750,3,263023.85,524224.27,1,1,0,0,TXN0003025,2024-05-07,30492.38,electronics,debit,10,1,0,0
C00350,56,Male,Peshawar,PEW-001,545,0,50391.17,209153.88,1,1,0,1,TXN0002440,2024-05-07,66679.96,restaurant,transfer,19,1,0,0
C00421,54,Male,Lahore,LHR-001,436,7,59187.09,305936.46,4,0,1,0,TXN0002946,2024-05-08,4275.56,online,debit,11,2,0,0
C00377,48,Female,Karachi,KHI-001,525,2,203782.22,445729.44,2,0,1,0,TXN0002609,2024-05-08,1881.81,online,withdrawal,9,2,0,0
C00336,68,Female,Lahore,LHR-001,397,2,495218.95,334839.55,3,0,0,0,TXN0002345,2024-05-09,9084.15,restaurant,transfer,20,3,0,0
C00103,45,Male,Lahore,LHR-001,506,6,117560.83,62822.3,2,0,1,0,TXN0000736,2024-05-09,12916.58,grocery,transfer,14,3,0,0
C00014,61,Male,Peshawar,PEW-001,786,10,414830.74,465652.68,3,1,0,0,TXN0000094,2024-05-09,38969.2,online,debit,18,3,0,0
C00439,40,Male,Karachi,KHI-001,418,2,123151.57,167320.09,4,1,0,0,TXN0003072,2024-05-09,11947.42,travel,credit,16,3,0,0
C00343,38,Female,Islamabad,ISB-001,757,4,31078.5,402099.31,4,1,1,0,TXN0002395,2024-05-10,610965.57,online,debit,8,4,0,1
C00007,60,Male,Peshawar,PEW-001,470,3,495510.09,526110.42,3,0,1,0,TXN0000045,2024-05-10,2470.65,travel,debit,16,4,0,0
C00012,45,Female,Karachi,KHI-001,469,0,28806.85,520121.65,3,0,0,0,TXN0000082,2024-05-10,12709.55,atm,debit,17,4,0,0
C00194,63,Female,Lahore,LHR-001,541,8,314256.83,435015.93,2,1,1,1,TXN0001357,2024-05-10,3707.4,grocery,debit,18,4,0,0
C00275,53,Female,Islamabad,ISB-001,608,8,232542.35,253035.03,2,1,1,1,TXN0001901,2024-05-11,10581.99,atm,debit,8,5,1,0
C00192,58,Female,Karachi,KHI-001,388,1,353453.34,338766.68,1,0,1,0,TXN0001344,2024-05-12,43427.61,grocery,credit,12,6,1,0
C00268,69,Male,Multan,MUL-001,559,2,313549.61,250376.46,4,1,0,0,TXN0001860,2024-05-12,5404.9,electronics,debit,9,6,1,0
C00070,65,Female,Lahore,LHR-001,766,3,301519.54,474450.65,2,0,1,1,TXN0000507,2024-05-12,8547.35,travel,withdrawal,16,6,1,0
C00358,54,Male,Lahore,LHR-001,506,7,359198.89,125670.93,2,1,0,0,TXN0002485,2024-05-12,31186.1,grocery,credit,14,6,1,0
C00343,38,Female,Islamabad,ISB-001,757,4,31078.5,402099.31,4,1,1,0,TXN0002394,2024-05-13,3998.98,online,credit,18,0,0,0
C00463,50,Male,Peshawar,PEW-001,370,5,410246.31,498491.6,4,0,1,0,TXN0003236,2024-05-13,13374.37,online,credit,18,0,0,0
C00205,24,Female,Karachi,KHI-001,457,1,487400.9,165832.66,1,0,0,0,TXN0001414,2024-05-13,2742.22,online,debit,9,0,0,0
C00286,45,Male,Karachi,KHI-001,645,5,346827.32,343723.65,1,0,0,1,TXN0001983,2024-05-14,6799.47,electronics,transfer,17,1,0,0
C00187,60,Female,Multan,MUL-001,656,9,369272.78,181415.56,3,0,1,0,TXN0001320,2024-05-15,24543.05,atm,debit,10,2,0,0
C00049,23,Female,Karachi,KHI-001,365,4,354955.33,282618.18,3,1,0,1,TXN0000346,2024-05-15,5792.03,online,transfer,17,2,0,0
C00243,40,Male,Karachi,KHI-001,834,4,386601.13,485485.81,4,0,1,0,TXN0001695,2024-05-15,10335.47,restaurant,transfer,9,2,0,0
C00077,36,Male,Lahore,LHR-001,831,8,309400.38,240368.76,1,1,0,1,TXN0000558,2024-05-16,3321.37,electronics,debit,18,3,0,0
C00031,63,Female,Islamabad,ISB-001,792,9,290855.7,336998.46,1,0,0,1,TXN0000234,2024-05-16,14031.39,travel,debit,17,3,0,0
C00283,41,Male,Islamabad,ISB-001,736,6,404677.97,399842.54,3,1,1,0,TXN0001965,2024-05-16,16261.34,atm,credit,11,3,0,0
C00105,38,Male,Islamabad,ISB-001,481,10,192756.32,285620.04,4,0,0,0,TXN0000754,2024-05-16,1711.2,grocery,debit,19,3,0,0
C00146,47,Male,Quetta,QTA-001,704,7,295789.53,595594.66,4,0,0,1,TXN0001041,2024-05-16,7310.36,grocery,debit,18,3,0,0
C00360,53,Male,Islamabad,ISB-001,793,0,142246.49,526785.39,3,0,1,0,TXN0002496,2024-05-17,431445.94,atm,withdrawal,21,4,0,1
C00257,32,Male,Karachi,KHI-001,607,0,201341.44,90669.75,2,1,0,1,TXN0001798,2024-05-17,5038.99,grocery,transfer,18,4,0,0
C00111,63,Male,Islamabad,ISB-001,755,5,210179.77,224249.77,1,0,1,0,TXN0000784,2024-05-17,8139.41,restaurant,credit,16,4,0,0
C00114,49,Male,Islamabad,ISB-001,416,9,235521.56,528226.36,2,1,1,0,TXN0000802,2024-05-17,5513.62,restaurant,transfer,20,4,0,0
C00099,45,Female,Karachi,KHI-001,370,6,97228.84,349680.81,1,1,0,0,TXN0000716,2024-05-18,4252.83,electronics,transfer,8,5,1,0
C00093,36,Male,Islamabad,ISB-001,496,6,56602.25,570516.26,3,1,1,1,TXN0000678,2024-05-18,1828.0,healthcare,credit,21,5,1,0
C00090,66,Male,Multan,MUL-001,396,4,190345.51,383248.74,3,1,1,0,TXN0000659,2024-05-19,16064.93,restaurant,transfer,16,6,1,0
C00466,47,Male,Lahore,LHR-001,708,3,14121.72,126123.04,4,0,1,0,TXN0003261,2024-05-20,5895.11,atm,credit,16,0,0,0
C00401,67,Female,Karachi,KHI-001,797,3,22258.25,295840.84,3,0,1,0,TXN0002789,2024-05-20,6833.3,grocery,credit,16,0,0,0
C00070,65,Female,Lahore,LHR-001,766,3,301519.54,474450.65,2,1,1,1,TXN0000513,2024-05-20,9504.54,atm,credit,20,0,0,0
C00307,54,Male,Peshawar,PEW-001,643,9,64658.68,252841.73,1,0,1,0,TXN0002128,2024-05-20,10119.6,healthcare,debit,8,0,0,0
C00293,56,Female,Lahore,LHR-001,670,3,363431.15,334909.33,2,0,1,0,TXN0002027,2024-05-20,1948.98,electronics,debit,20,0,0,0
C00329,48,Female,Lahore,LHR-001,521,7,332519.31,484308.06,3,0,1,0,TXN0002297,2024-05-20,17908.11,electronics,transfer,10,0,0,0
C00011,32,Male,Lahore,LHR-001,747,0,362190.29,549333.73,3,1,0,1,TXN0000068,2024-05-20,10587.31,online,transfer,10,0,0,0
C00417,27,Male,Karachi,KHI-001,519,3,349378.57,500211.61,2,1,0,0,TXN0002908,2024-05-21,1013.18,travel,transfer,17,1,0,0
C00255,61,Male,Karachi,KHI-001,390,2,307150.31,596268.68,4,1,0,1,TXN0001788,2024-05-21,21554.25,healthcare,transfer,16,1,0,0
C00425,26,Male,Quetta,QTA-001,550,8,442038.6,51214.76,1,0,0,0,TXN0002976,2024-05-22,4996.84,travel,credit,17,2,0,0
C00156,60,Female,Islamabad,ISB-001,538,5,42374.17,394222.7,4,0,0,1,TXN0001112,2024-05-22,1860.13,grocery,debit,19,2,0,0
C00271,69,Male,Lahore,LHR-001,550,0,179012.38,223893.49,1,0,0,0,TXN0001881,2024-05-22,19192.17,atm,withdrawal,8,2,0,0
C00337,54,Female,Lahore,LHR-001,509,2,5117.57,102890.43,4,0,0,0,TXN0002358,2024-05-22,42812.42,grocery,debit,8,2,0,0
C00151,53,Female,Karachi,KHI-001,586,8,243138.53,508158.92,3,1,0,0,TXN0001076,2024-05-22,1241.57,grocery,transfer,11,2,0,0
C00011,32,Male,Lahore,LHR-001,747,0,362190.29,549333.73,3,0,0,1,TXN0000073,2024-05-22,2215.12,atm,credit,12,2,0,0
C00316,24,Male,Karachi,KHI-001,724,10,263605.12,338065.72,3,1,1,0,TXN0002199,2024-05-23,32468.07,online,debit,12,3,0,0
C00403,35,Female,Karachi,KHI-001,583,2,430762.77,69309.77,4,1,1,0,TXN0002807,2024-05-23,16375.81,restaurant,debit,15,3,0,0
C00337,54,Female,Lahore,LHR-001,509,2,5117.57,102890.43,4,1,0,0,TXN0002353,2024-05-23,7977.07,grocery,debit,11,3,0,0
C00193,54,Male,Lahore,LHR-001,746,4,455758.88,477802.58,1,0,1,0,TXN0001348,2024-05-24,10717.92,online,transfer,14,4,0,0
C00223,25,Male,Multan,MUL-001,502,4,343176.01,114320.21,1,1,1,0,TXN0001533,2024-05-24,5022.67,restaurant,debit,8,4,0,0
C00003,36,Female,Peshawar,PEW-001,422,6,426110.09,510370.41,2,0,1,0,TXN0000022,2024-05-24,10944.21,electronics,transfer,16,4,0,0
C00217,23,Male,Lahore,LHR-001,439,0,112921.44,364862.85,4,0,0,0,TXN0001492,2024-05-24,2107.57,restaurant,withdrawal,14,4,0,0
C00387,60,Male,Islamabad,ISB-001,783,8,401381.0,373620.41,1,0,1,0,TXN0002683,2024-05-24,5147.77,electronics,debit,15,4,0,0
C00487,51,Female,Lahore,LHR-001,598,9,299225.95,474965.23,1,1,1,0,TXN0003398,2024-05-24,8616.41,travel,transfer,10,4,0,0
C00212,58,Female,Karachi,KHI-001,617,1,244965.29,308742.37,2,1,0,1,TXN0001471,2024-05-25,2179.24,grocery,debit,13,5,1,0
C00123,45,Female,Lahore,LHR-001,606,2,21770.18,85654.83,4,1,1,0,TXN0000872,2024-05-25,3724.66,atm,withdrawal,12,5,1,0
C00294,69,Male,Karachi,KHI-001,660,8,320429.63,177799.01,3,1,0,1,TXN0002030,2024-05-25,6379.83,electronics,credit,12,5,1,0
C00263,63,Male,Karachi,KHI-001,656,9,85196.87,285376.51,4,0,1,0,TXN0001828,2024-05-25,4642.1,travel,withdrawal,15,5,1,0
C00451,68,Male,Peshawar,PEW-001,736,5,454807.15,361768.93,3,1,1,0,TXN0003158,2024-05-25,7064.11,atm,debit,20,5,1,0
C00134,68,Male,Lahore,LHR-001,611,2,269859.51,451796.17,2,1,1,0,TXN0000948,2024-05-25,51999.07,restaurant,debit,12,5,1,0
C00388,50,Male,Lahore,LHR-001,674,6,316740.07,264665.23,1,0,0,0,TXN0002700,2024-05-25,19263.67,travel,debit,18,5,1,0
C00067,50,Female,Lahore,LHR-001,706,8,301229.14,310119.57,2,1,0,0,TXN0000486,2024-05-25,5540.24,grocery,transfer,15,5,1,0
C00230,27,Female,Lahore,LHR-001,564,0,251245.12,127451.75,1,0,1,0,TXN0001591,2024-05-26,21716.1,atm,credit,3,6,1,0
C00415,43,Male,Karachi,KHI-001,474,4,130061.3,269307.6,3,0,1,0,TXN0002897,2024-05-26,1255.06,travel,debit,15,6,1,0
C00286,45,Male,Karachi,KHI-001,645,5,346827.32,343723.65,1,0,0,1,TXN0001978,2024-05-27,3318.77,travel,debit,19,0,0,0
C00206,58,Male,Karachi,KHI-001,368,2,390980.59,140805.84,3,1,1,0,TXN0001422,2024-05-27,11457.6,healthcare,credit,8,0,0,0
C00136,24,Male,Lahore,LHR-001,632,6,153299.98,322713.13,4,0,1,0,TXN0000970,2024-05-27,27781.84,online,debit,11,0,0,0
C00408,55,Male,Karachi,KHI-001,474,1,26966.45,226798.95,3,0,1,0,TXN0002846,2024-05-27,22719.21,atm,debit,12,0,0,0
C00487,51,Female,Lahore,LHR-001,598,9,299225.95,474965.23,1,1,1,0,TXN0003400,2024-05-27,1587.24,electronics,credit,15,0,0,0
C00120,54,Female,Karachi,KHI-001,696,4,127872.09,226096.19,1,0,1,0,TXN0000846,2024-05-28,20971.56,restaurant,transfer,13,1,0,0
C00384,30,Female,Lahore,LHR-001,737,5,23182.31,472668.73,2,0,0,0,TXN0002663,2024-05-28,35188.36,grocery,transfer,19,1,0,0
C00356,52,Female,Peshawar,PEW-001,497,8,152016.42,123834.22,4,1,1,0,TXN0002472,2024-05-28,7013.44,online,credit,11,1,0,0
C00392,46,Male,Karachi,KHI-001,792,8,264890.59,287749.56,3,0,1,0,TXN0002729,2024-05-28,32942.15,travel,debit,12,1,0,0
C00352,58,Male,Karachi,KHI-001,405,10,263647.0,516657.59,1,1,0,1,TXN0002447,2024-05-28,8572.04,grocery,debit,17,1,0,0
C00200,45,Male,Lahore,LHR-001,476,0,175870.11,592548.07,2,0,1,0,TXN0001385,2024-05-28,1497.49,atm,withdrawal,8,1,0,0
C00043,39,Male,Lahore,LHR-001,435,3,439921.41,352711.1,1,0,1,0,TXN0000310,2024-05-28,31852.7,online,debit,9,1,0,0
C00145,36,Male,Karachi,KHI-001,590,3,419099.58,406805.23,2,0,0,0,TXN0001038,2024-05-29,12170.59,grocery,transfer,15,2,0,0
C00205,24,Female,Karachi,KHI-001,457,1,487400.9,165832.66,1,0,0,0,TXN0001411,2024-05-29,1243.59,online,credit,18,2,0,0
C00449,22,Male,Karachi,KHI-001,692,3,410873.72,130587.96,3,0,0,0,TXN0003146,2024-05-29,839612.31,grocery,debit,23,2,0,1
C00125,56,Male,Karachi,KHI-001,436,0,391345.38,163514.23,1,1,1,0,TXN0000885,2024-05-29,483507.0,restaurant,debit,9,2,0,1
C00207,38,Male,Islamabad,ISB-001,681,4,61547.77,89591.13,4,1,1,0,TXN0001433,2024-05-29,8774.92,grocery,credit,13,2,0,0
C00019,45,Female,Islamabad,ISB-001,635,7,121667.41,457668.73,2,1,1,1,TXN0000146,2024-05-29,32439.47,travel,withdrawal,20,2,0,0
C00092,50,Female,Karachi,KHI-001,710,4,43273.93,563713.02,4,1,0,0,TXN0000667,2024-05-29,2352.95,electronics,transfer,12,2,0,0
C00245,24,Male,Karachi,KHI-001,588,4,180166.33,376341.34,2,0,0,0,TXN0001715,2024-05-30,1791.42,electronics,credit,9,3,0,0
C00170,27,Female,Karachi,KHI-001,594,1,299549.24,263465.73,4,1,0,1,TXN0001200,2024-05-30,12444.71,grocery,debit,15,3,0,0
C00152,25,Female,Karachi,KHI-001,689,0,251020.91,172043.57,4,1,1,0,TXN0001083,2024-05-30,3785.17,grocery,debit,19,3,0,0
C00493,55,Male,Islamabad,ISB-001,690,4,129991.83,516811.24,3,1,0,1,TXN0003436,2024-05-30,145624.13,healthcare,withdrawal,12,3,0,1
C00050,41,Female,Peshawar,PEW-001,826,8,390393.11,591236.79,3,1,0,0,TXN0000362,2024-05-30,13520.48,travel,withdrawal,11,3,0,0
C00065,63,Female,Karachi,KHI-001,653,8,387081.58,359706.52,1,1,0,1,TXN0000470,2024-05-30,8350.23,online,credit,19,3,0,0
C00089,46,Male,Karachi,KHI-001,523,10,386767.1,385298.57,1,0,1,0,TXN0000652,2024-05-31,9120.1,grocery,debit,14,4,0,0
C00301,39,Male,Karachi,KHI-001,398,0,26861.89,500540.31,2,1,1,0,TXN0002092,2024-05-31,48382.21,electronics,transfer,10,4,0,0
C00321,43,Female,Karachi,KHI-001,379,6,243125.63,586966.13,4,1,0,1,TXN0002238,2024-05-31,13032.25,grocery,credit,11,4,0,0
C00229,55,Female,Karachi,KHI-001,780,0,205597.8,449264.51,2,1,1,0,TXN0001583,2024-05-31,3980.13,restaurant,transfer,16,4,0,0
C00351,62,Female,Lahore,LHR-001,770,9,171503.38,449896.52,3,0,1,0,TXN0002443,2024-06-01,8127.52,grocery,withdrawal,9,5,1,0
C00188,27,Female,Karachi,KHI-001,408,3,424823.41,241180.42,4,1,1,0,TXN0001323,2024-06-01,10197.18,online,debit,14,5,1,0
C00299,39,Male,Islamabad,ISB-001,562,9,30539.92,440674.91,4,0,1,0,TXN0002077,2024-06-01,29233.9,restaurant,transfer,14,5,1,0
C00213,53,Male,Lahore,LHR-001,794,10,258666.54,424141.93,3,0,1,0,TXN0001476,2024-06-01,5691.71,online,transfer,21,5,1,0
C00342,56,Female,Islamabad,ISB-001,766,5,9695.29,484496.56,3,0,0,1,TXN0002389,2024-06-01,9015.83,electronics,debit,16,5,1,0
C00321,43,Female,Karachi,KHI-001,379,6,243125.63,586966.13,4,0,0,1,TXN0002234,2024-06-02,15488.3,grocery,withdrawal,15,6,1,0
C00414,43,Male,Karachi,KHI-001,471,8,144288.53,135467.65,4,1,1,0,TXN0002888,2024-06-02,1046.18,grocery,credit,21,6,1,0
C00383,54,Male,Quetta,QTA-001,380,9,195124.85,547093.88,2,1,0,0,TXN0002658,2024-06-02,405220.48,electronics,debit,15,6,1,1
C00366,63,Female,Islamabad,ISB-001,828,2,478425.77,155464.25,3,1,1,0,TXN0002544,2024-06-02,6028.47,healthcare,debit,12,6,1,0
C00311,42,Male,Lahore,LHR-001,456,4,213772.52,133145.7,1,0,0,0,TXN0002157,2024-06-02,11191.95,online,debit,9,6,1,0
C00487,51,Female,Lahore,LHR-001,598,9,299225.95,474965.23,1,1,1,0,TXN0003397,2024-06-02,22600.07,travel,credit,11,6,1,0
C00224,32,Male,Lahore,LHR-001,696,9,412179.02,120383.72,2,1,1,0,TXN0001550,2024-06-02,3585.96,restaurant,debit,8,6,1,0
C00079,35,Male,Lahore,LHR-001,829,8,73862.52,587381.18,2,0,1,0,TXN0000566,2024-06-03,19895.83,grocery,withdrawal,10,0,0,0
C00015,45,Male,Lahore,LHR-001,666,4,376498.45,287687.31,1,1,1,0,TXN0000107,2024-06-03,1164.0,grocery,withdrawal,14,0,0,0
C00406,36,Male,Peshawar,PEW-001,611,3,140114.89,597469.07,4,0,0,0,TXN0002832,2024-06-04,10221.04,electronics,withdrawal,0,1,0,0
C00146,47,Male,Quetta,QTA-001,704,7,295789.53,595594.66,4,1,0,1,TXN0001049,2024-06-04,14553.0,grocery,transfer,21,1,0,0
C00293,56,Female,Lahore,LHR-001,670,3,363431.15,334909.33,2,0,1,0,TXN0002021,2024-06-04,5045.74,atm,withdrawal,19,1,0,0
C00389,63,Male,Peshawar,PEW-001,763,4,112080.39,245495.4,4,1,0,0,TXN0002710,2024-06-04,50656.78,restaurant,withdrawal,20,1,0,0
C00440,38,Male,Karachi,KHI-001,514,2,465394.72,231337.72,2,1,0,0,TXN0003078,2024-06-05,16075.9,online,transfer,10,2,0,0
C00165,43,Female,Karachi,KHI-001,729,3,206952.33,364472.34,3,0,0,1,TXN0001173,2024-06-05,8027.57,healthcare,credit,20,2,0,0
C00363,24,Male,Karachi,KHI-001,768,0,59186.46,139929.74,1,1,1,0,TXN0002522,2024-06-05,4625.96,restaurant,withdrawal,18,2,0,0
C00012,45,Female,Karachi,KHI-001,469,0,28806.85,520121.65,3,1,0,0,TXN0000076,2024-06-05,773.88,online,transfer,15,2,0,0
C00049,23,Female,Karachi,KHI-001,365,4,354955.33,282618.18,3,1,0,1,TXN0000350,2024-06-05,7537.4,atm,debit,17,2,0,0
C00221,27,Male,Lahore,LHR-001,802,0,450783.29,338057.19,1,0,0,0,TXN0001517,2024-06-06,291205.54,online,debit,8,3,0,1
C00030,48,Male,Quetta,QTA-001,838,9,222178.61,294068.44,1,1,0,0,TXN0000228,2024-06-06,8842.76,online,transfer,14,3,0,0
C00411,44,Male,Lahore,LHR-001,379,0,167880.43,578532.81,2,1,1,0,TXN0002871,2024-06-07,4968.16,healthcare,transfer,18,4,0,0
C00267,47,Female,Karachi,KHI-001,747,5,81562.71,526584.35,4,1,0,0,TXN0001858,2024-06-07,19514.07,electronics,withdrawal,1,4,0,0
C00176,51,Male,Lahore,LHR-001,659,5,403630.91,172735.6,1,1,0,1,TXN0001245,2024-06-07,15166.97,grocery,credit,13,4,0,0
C00255,61,Male,Karachi,KHI-001,390,2,307150.31,596268.68,4,0,0,1,TXN0001790,2024-06-07,692.89,online,transfer,22,4,0,0
C00036,65,Male,Peshawar,PEW-001,417,6,118367.57,581806.31,4,1,0,0,TXN0000262,2024-06-07,96377.8,atm,debit,18,4,0,1
C00116,30,Female,Islamabad,ISB-001,841,1,459635.09,64450.53,1,1,0,1,TXN0000823,2024-06-07,8199.63,restaurant,transfer,19,4,0,0
C00215,22,Male,Lahore,LHR-001,766,6,350928.7,220953.17,3,1,1,0,TXN0001486,2024-06-07,14010.36,restaurant,debit,21,4,0,0
C00239,50,Male,Lahore,LHR-001,510,4,249665.56,505291.23,4,1,0,0,TXN0001665,2024-06-08,30737.75,travel,debit,11,5,1,0
C00161,57,Female,Peshawar,PEW-001,539,5,401371.14,284812.62,4,1,0,0,TXN0001144,2024-06-08,7519.49,healthcare,withdrawal,17,5,1,0
C00242,57,Male,Islamabad,ISB-001,431,2,205168.84,103341.5,4,1,0,0,TXN0001687,2024-06-08,1203.67,atm,withdrawal,14,5,1,0
C00190,48,Female,Karachi,KHI-001,532,7,438839.82,379101.37,3,0,0,0,TXN0001333,2024-06-08,5034.59,online,credit,10,5,1,0
C00313,41,Female,Quetta,QTA-001,769,5,373806.95,332927.45,4,1,0,1,TXN0002183,2024-06-08,2163.74,grocery,transfer,19,5,1,0
C00207,38,Male,Islamabad,ISB-001,681,4,61547.77,89591.13,4,0,1,0,TXN0001428,2024-06-08,4856.52,restaurant,debit,18,5,1,0
C00347,50,Male,Lahore,LHR-001,505,8,292474.82,471169.03,4,1,1,0,TXN0002417,2024-06-08,16827.45,grocery,credit,20,5,1,0
C00203,60,Female,Karachi,KHI-001,350,2,431228.67,68950.23,4,1,0,0,TXN0001405,2024-06-08,16441.55,atm,transfer,15,5,1,0
C00070,65,Female,Lahore,LHR-001,766,3,301519.54,474450.65,2,0,1,1,TXN0000516,2024-06-08,33485.37,restaurant,debit,19,5,1,0
C00362,54,Female,Islamabad,ISB-001,825,3,27324.84,339800.54,2,0,0,0,TXN0002510,2024-06-09,7892.73,restaurant,credit,17,6,1,0
C00331,55,Female,Lahore,LHR-001,390,2,262483.21,553941.39,2,0,1,0,TXN0002316,2024-06-09,43535.27,grocery,transfer,21,6,1,0
C00069,47,Female,Karachi,KHI-001,521,0,359508.64,233769.28,1,0,1,0,TXN0000501,2024-06-09,16242.22,online,transfer,18,6,1,0
C00311,42,Male,Lahore,LHR-001,456,4,213772.52,133145.7,1,1,0,0,TXN0002166,2024-06-09,1430.6,atm,debit,13,6,1,0
C00469,43,Female,Quetta,QTA-001,734,0,199114.85,360903.2,2,0,0,1,TXN0003273,2024-06-09,10147.33,online,credit,16,6,1,0
C00112,60,Female,Quetta,QTA-001,425,6,432441.48,303302.25,4,1,1,0,TXN0000793,2024-06-10,4534.49,atm,credit,21,0,0,0
C00268,69,Male,Multan,MUL-001,559,2,313549.61,250376.46,4,1,0,0,TXN0001861,2024-06-10,3453.49,online,debit,13,0,0,0
C00452,55,Female,Islamabad,ISB-001,391,0,5554.46,357282.2,2,1,0,1,TXN0003173,2024-06-10,2336.57,online,debit,16,0,0,0
C00107,56,Female,Multan,MUL-001,804,8,106762.01,372236.04,2,0,1,1,TXN0000763,2024-06-10,26349.75,travel,credit,20,0,0,0
C00015,45,Male,Lahore,LHR-001,666,4,376498.45,287687.31,1,1,1,0,TXN0000106,2024-06-11,6136.68,grocery,credit,8,1,0,0
C00326,59,Female,Karachi,KHI-001,800,3,288351.74,487877.41,1,1,0,0,TXN0002273,2024-06-12,9565.87,travel,debit,9,2,0,0
C00280,69,Female,Islamabad,ISB-001,351,1,7600.64,48213.55,1,0,1,0,TXN0001945,2024-06-12,15296.85,online,credit,18,2,0,0
C00249,28,Female,Islamabad,ISB-001,462,9,386638.03,363223.73,1,1,0,0,TXN0001736,2024-06-12,9069.4,travel,credit,11,2,0,0
C00192,58,Female,Karachi,KHI-001,388,1,353453.34,338766.68,1,1,1,0,TXN0001345,2024-06-12,11765.65,grocery,transfer,14,2,0,0
C00419,64,Female,Karachi,KHI-001,706,1,268638.25,208477.74,2,1,1,0,TXN0002926,2024-06-13,12671.94,grocery,credit,11,3,0,0
C00361,44,Male,Islamabad,ISB-001,751,9,455617.86,304819.5,1,1,0,0,TXN0002508,2024-06-13,19984.45,healthcare,debit,14,3,0,0
C00229,55,Female,Karachi,KHI-001,780,0,205597.8,449264.51,2,0,1,0,TXN0001581,2024-06-13,14149.19,travel,debit,10,3,0,0
C00204,23,Male,Karachi,KHI-001,517,5,113657.71,398401.66,4,1,0,1,TXN0001406,2024-06-13,760146.24,electronics,transfer,1,3,0,1
C00018,23,Female,Lahore,LHR-001,814,0,97270.47,445676.7,2,1,0,1,TXN0000135,2024-06-13,12212.82,travel,transfer,17,3,0,0
C00396,57,Female,Islamabad,ISB-001,609,9,498186.21,398494.21,4,1,1,0,TXN0002764,2024-06-13,736.03,travel,debit,14,3,0,0
C00248,53,Female,Karachi,KHI-001,433,9,49716.8,413504.05,3,1,1,0,TXN0001730,2024-06-13,14654.38,travel,debit,12,3,0,0
C00067,50,Female,Lahore,LHR-001,706,8,301229.14,310119.57,2,0,0,0,TXN0000487,2024-06-13,39559.5,travel,transfer,20,3,0,0
C00095,22,Male,Islamabad,ISB-001,657,6,455789.67,478716.73,1,1,0,0,TXN0000689,2024-06-14,812698.36,online,credit,13,4,0,1
C00184,34,Male,Lahore,LHR-001,366,7,165375.08,291682.95,3,1,1,0,TXN0001295,2024-06-14,26200.84,online,credit,12,4,0,0
C00182,22,Male,Karachi,KHI-001,654,7,74835.52,414858.62,3,0,1,0,TXN0001286,2024-06-14,44815.57,restaurant,debit,9,4,0,0
C00105,38,Male,Islamabad,ISB-001,481,10,192756.32,285620.04,4,0,0,0,TXN0000753,2024-06-14,511745.95,atm,credit,16,4,0,1
C00486,54,Female,Karachi,KHI-001,563,6,325548.95,84780.62,1,1,0,0,TXN0003393,2024-06-14,1919.39,electronics,transfer,16,4,0,0
C00082,42,Male,Lahore,LHR-001,650,2,364417.32,500006.81,1,0,1,0,TXN0000590,2024-06-14,5667.47,grocery,debit,20,4,0,0
C00401,67,Female,Karachi,KHI-001,797,3,22258.25,295840.84,3,1,1,0,TXN0002790,2024-06-14,671489.31,online,debit,18,4,0,1
C00042,60,Female,Karachi,KHI-001,459,7,87531.73,178622.38,3,1,1,1,TXN0000300,2024-06-15,1467.8,travel,transfer,18,5,1,0
C00122,44,Female,Multan,MUL-001,710,5,86929.09,316235.03,1,0,1,0,TXN0000866,2024-06-15,10638.45,healthcare,debit,11,5,1,0
C00446,44,Female,Islamabad,ISB-001,691,1,235407.65,196633.98,3,1,1,0,TXN0003129,2024-06-15,11264.89,travel,debit,16,5,1,0
C00403,35,Female,Karachi,KHI-001,583,2,430762.77,69309.77,4,0,1,0,TXN0002810,2024-06-15,26816.82,restaurant,transfer,19,5,1,0
C00240,24,Male,Islamabad,ISB-001,476,4,288780.72,524180.95,3,0,1,0,TXN0001676,2024-06-15,22568.3,online,credit,17,5,1,0
C00451,68,Male,Peshawar,PEW-001,736,5,454807.15,361768.93,3,0,1,0,TXN0003157,2024-06-15,33725.38,travel,transfer,19,5,1,0
C00162,34,Female,Peshawar,PEW-001,485,4,489571.06,94540.3,1,1,1,0,TXN0001154,2024-06-15,4651.29,electronics,transfer,19,5,1,0
C00126,65,Female,Islamabad,ISB-001,771,5,142405.65,274303.88,1,1,0,0,TXN0000900,2024-06-16,4268.49,restaurant,debit,20,6,1,0
C00186,24,Male,Islamabad,ISB-001,626,7,318454.18,571206.68,3,1,1,0,TXN0001315,2024-06-16,6384.08,atm,debit,16,6,1,0
C00384,30,Female,Lahore,LHR-001,737,5,23182.31,472668.73,2,1,0,0,TXN0002671,2024-06-16,282817.29,grocery,debit,0,6,1,1
C00252,61,Female,Karachi,KHI-001,727,4,221410.73,378774.2,3,1,1,0,TXN0001765,2024-06-16,2813.14,atm,debit,8,6,1,0
C00258,49,Male,Lahore,LHR-001,796,0,477273.03,201663.93,4,0,1,0,TXN0001800,2024-06-16,12036.65,restaurant,debit,1,6,1,0
C00350,56,Male,Peshawar,PEW-001,545,0,50391.17,209153.88,1,0,0,1,TXN0002438,2024-06-16,16044.41,grocery,credit,12,6,1,0
C00010,32,Female,Multan,MUL-001,849,2,463592.46,449511.24,1,1,1,0,TXN0000066,2024-06-17,19762.84,travel,withdrawal,8,0,0,0
C00498,22,Female,Islamabad,ISB-001,450,7,55585.84,256418.07,2,1,1,1,TXN0003476,2024-06-17,21038.55,travel,debit,15,0,0,0
C00474,68,Female,Multan,MUL-001,832,5,386572.78,379567.73,2,0,1,0,TXN0003311,2024-06-17,2550.04,restaurant,debit,20,0,0,0
C00353,45,Female,Peshawar,PEW-001,670,8,367474.54,415997.81,4,1,0,0,TXN0002451,2024-06-17,2861.64,online,credit,15,0,0,0
C00079,35,Male,Lahore,LHR-001,829,8,73862.52,587381.18,2,1,1,0,TXN0000570,2024-06-17,3386.55,online,debit,17,0,0,0
C00317,38,Female,Lahore,LHR-001,422,10,324050.59,365321.95,3,1,0,0,TXN0002209,2024-06-17,4274.84,electronics,transfer,9,0,0,0
C00298,50,Male,Islamabad,ISB-001,706,6,348121.73,458250.4,3,1,1,0,TXN0002059,2024-06-17,3988.07,atm,credit,10,0,0,0
C00035,68,Male,Islamabad,ISB-001,545,8,37976.46,550628.18,1,0,1,0,TXN0000258,2024-06-18,557434.71,atm,credit,16,1,0,1
C00094,66,Male,Islamabad,ISB-001,375,8,421017.62,390170.61,3,0,1,0,TXN0000686,2024-06-18,2367.28,atm,debit,21,1,0,0
C00173,65,Female,Islamabad,ISB-001,667,0,444292.94,369511.07,1,1,1,0,TXN0001223,2024-06-18,2256.61,online,transfer,14,1,0,0
C00103,45,Male,Lahore,LHR-001,506,6,117560.83,62822.3,2,0,1,0,TXN0000738,2024-06-18,42199.79,online,credit,19,1,0,0
C00235,54,Female,Islamabad,ISB-001,495,4,136916.7,588033.52,2,0,1,0,TXN0001639,2024-06-18,4050.3,electronics,transfer,19,1,0,0
C00113,62,Male,Karachi,KHI-001,778,7,461865.31,456796.28,1,0,0,1,TXN0000798,2024-06-19,15524.81,atm,transfer,16,2,0,0
C00286,45,Male,Karachi,KHI-001,645,5,346827.32,343723.65,1,1,0,1,TXN0001979,2024-06-19,49656.8,electronics,debit,14,2,0,0
C00225,38,Female,Lahore,LHR-001,523,8,267182.53,566299.08,3,1,1,0,TXN0001553,2024-06-19,3117.55,electronics,debit,20,2,0,0
C00489,44,Male,Islamabad,ISB-001,599,7,37484.94,372802.82,2,1,0,1,TXN0003416,2024-06-19,615.72,travel,debit,21,2,0,0
C00272,33,Male,Lahore,LHR-001,726,5,209332.81,392916.9,4,1,0,0,TXN0001885,2024-06-19,9844.37,atm,debit,11,2,0,0
C00404,33,Male,Islamabad,ISB-001,400,8,231428.89,251946.8,4,0,0,0,TXN0002818,2024-06-19,1120.55,grocery,debit,8,2,0,0
C00185,62,Female,Lahore,LHR-001,693,4,48027.88,369215.25,3,1,1,1,TXN0001308,2024-06-19,2831.96,electronics,transfer,14,2,0,0
C00267,47,Female,Karachi,KHI-001,747,5,81562.71,526584.35,4,0,0,0,TXN0001854,2024-06-19,588.05,restaurant,debit,12,2,0,0
C00048,47,Male,Lahore,LHR-001,532,9,377439.54,370547.81,1,1,1,0,TXN0000340,2024-06-20,4150.2,healthcare,credit,13,3,0,0
C00297,46,Male,Lahore,LHR-001,823,7,325099.13,347671.97,4,1,0,0,TXN0002057,2024-06-21,236496.45,online,debit,17,4,0,1
C00171,49,Male,Lahore,LHR-001,782,8,172939.27,520472.3,3,0,1,0,TXN0001206,2024-06-21,25552.87,electronics,credit,1,4,0,0
C00233,69,Male,Karachi,KHI-001,689,2,74309.18,182971.65,3,0,0,1,TXN0001615,2024-06-21,7787.67,healthcare,withdrawal,16,4,0,0
C00207,38,Male,Islamabad,ISB-001,681,4,61547.77,89591.13,4,0,1,0,TXN0001431,2024-06-22,992.95,healthcare,transfer,8,5,1,0
C00375,44,Female,Lahore,LHR-001,741,10,372959.65,287921.5,4,0,1,0,TXN0002596,2024-06-22,4430.9,travel,credit,12,5,1,0
C00466,47,Male,Lahore,LHR-001,708,3,14121.72,126123.04,4,0,1,0,TXN0003260,2024-06-22,5110.21,grocery,debit,12,5,1,0
C00393,45,Female,Islamabad,ISB-001,416,0,133815.52,505843.34,3,1,0,0,TXN0002739,2024-06-22,2353.5,grocery,withdrawal,13,5,1,0
C00111,63,Male,Islamabad,ISB-001,755,5,210179.77,224249.77,1,0,1,0,TXN0000783,2024-06-22,23286.85,travel,credit,15,5,1,0
C00001,60,Male,Lahore,LHR-001,555,3,398173.28,502515.63,1,0,0,1,TXN0000009,2024-06-22,444513.17,grocery,withdrawal,17,5,1,1
C00140,35,Male,Islamabad,ISB-001,711,2,400892.1,56460.89,3,0,0,0,TXN0000997,2024-06-23,2876.05,restaurant,debit,10,6,1,0
C00299,39,Male,Islamabad,ISB-001,562,9,30539.92,440674.91,4,1,1,0,TXN0002076,2024-06-23,506218.36,atm,credit,14,6,1,1
C00045,46,Female,Islamabad,ISB-001,469,4,372023.15,130062.26,3,0,1,0,TXN0000316,2024-06-24,1650.55,grocery,debit,9,0,0,0
C00133,58,Female,Quetta,QTA-001,617,5,431012.85,392108.3,2,0,0,1,TXN0000943,2024-06-24,8403.82,online,credit,19,0,0,0
C00158,36,Female,Karachi,KHI-001,398,5,139789.42,327064.51,1,0,0,0,TXN0001128,2024-06-24,13424.53,grocery,transfer,12,0,0,0
C00111,63,Male,Islamabad,ISB-001,755,5,210179.77,224249.77,1,1,1,0,TXN0000785,2024-06-25,62992.4,atm,credit,10,1,0,0
C00071,55,Female,Karachi,KHI-001,550,8,414265.42,567093.0,3,1,1,0,TXN0000524,2024-06-25,26913.21,grocery,credit,8,1,0,0
C00439,40,Male,Karachi,KHI-001,418,2,123151.57,167320.09,4,0,0,0,TXN0003071,2024-06-25,12952.9,online,debit,18,1,0,0
C00368,24,Male,Peshawar,PEW-001,475,7,133196.41,183854.95,3,1,0,1,TXN0002555,2024-06-25,2810.51,restaurant,credit,8,1,0,0
C00284,45,Male,Karachi,KHI-001,749,5,481238.9,465232.82,2,1,0,0,TXN0001970,2024-06-25,10601.8,atm,credit,23,1,0,0
C00466,47,Male,Lahore,LHR-001,708,3,14121.72,126123.04,4,0,1,0,TXN0003255,2024-06-25,18858.4,grocery,credit,18,1,0,0
C00421,54,Male,Lahore,LHR-001,436,7,59187.09,305936.46,4,1,1,0,TXN0002951,2024-06-25,18039.31,healthcare,credit,17,1,0,0
C00364,39,Male,Karachi,KHI-001,776,7,198856.92,214872.2,4,0,0,0,TXN0002528,2024-06-25,19439.42,electronics,withdrawal,15,1,0,0
C00459,37,Female,Quetta,QTA-001,690,7,282122.93,338189.47,2,1,0,0,TXN0003211,2024-06-25,7549.11,atm,debit,14,1,0,0
C00437,63,Female,Quetta,QTA-001,627,8,84398.05,75341.06,4,1,0,0,TXN0003053,2024-06-25,6031.58,grocery,transfer,12,1,0,0
C00090,66,Male,Multan,MUL-001,396,4,190345.51,383248.74,3,1,1,0,TXN0000661,2024-06-26,1500.35,travel,withdrawal,11,2,0,0
C00207,38,Male,Islamabad,ISB-001,681,4,61547.77,89591.13,4,1,1,0,TXN0001430,2024-06-26,13717.26,restaurant,credit,8,2,0,0
C00138,26,Male,Karachi,KHI-001,816,9,201672.47,327837.69,1,1,0,0,TXN0000987,2024-06-26,6253.57,grocery,credit,19,2,0,0
C00308,25,Male,Lahore,LHR-001,633,0,366856.72,150406.31,2,0,1,0,TXN0002138,2024-06-26,10939.71,atm,credit,10,2,0,0
C00435,37,Male,Islamabad,ISB-001,573,7,126416.34,323829.52,2,0,0,0,TXN0003044,2024-06-26,316493.68,restaurant,credit,0,2,0,1
C00147,63,Male,Islamabad,ISB-001,773,8,150552.12,198958.54,1,1,0,0,TXN0001051,2024-06-26,7687.65,grocery,transfer,16,2,0,0
C00292,41,Male,Lahore,LHR-001,584,1,380722.74,123435.44,4,0,1,0,TXN0002019,2024-06-26,28429.12,online,withdrawal,13,2,0,0
C00223,25,Male,Multan,MUL-001,502,4,343176.01,114320.21,1,0,1,0,TXN0001538,2024-06-27,1898.13,restaurant,debit,10,3,0,0
C00297,46,Male,Lahore,LHR-001,823,7,325099.13,347671.97,4,0,0,0,TXN0002050,2024-06-27,2715.83,restaurant,debit,16,3,0,0
C00132,56,Male,Islamabad,ISB-001,410,3,280866.16,513897.36,2,1,0,0,TXN0000934,2024-06-27,48738.39,grocery,credit,11,3,0,0
C00496,40,Female,Islamabad,ISB-001,354,8,236927.01,377429.77,2,0,0,0,TXN0003462,2024-06-27,15654.06,online,withdrawal,18,3,0,0
C00258,49,Male,Lahore,LHR-001,796,0,477273.03,201663.93,4,1,1,0,TXN0001804,2024-06-27,9486.71,grocery,debit,12,3,0,0
C00253,60,Female,Karachi,KHI-001,592,8,458179.27,218142.47,1,0,0,0,TXN0001774,2024-06-27,9289.23,online,credit,20,3,0,0
C00069,47,Female,Karachi,KHI-001,521,0,359508.64,233769.28,1,0,1,0,TXN0000506,2024-06-27,16190.55,grocery,transfer,16,3,0,0
C00451,68,Male,Peshawar,PEW-001,736,5,454807.15,361768.93,3,0,1,0,TXN0003156,2024-06-28,729.57,grocery,transfer,19,4,0,0
C00085,39,Male,Islamabad,ISB-001,773,4,459781.51,572867.99,1,0,0,1,TXN0000614,2024-06-28,20253.91,online,debit,18,4,0,0
C00172,49,Male,Quetta,QTA-001,541,0,286874.54,45057.03,4,0,1,0,TXN0001209,2024-06-28,3991.41,grocery,credit,20,4,0,0
C00372,53,Female,Islamabad,ISB-001,643,7,302395.23,193742.54,1,1,0,1,TXN0002580,2024-06-28,35713.14,online,debit,22,4,0,0
C00240,24,Male,Islamabad,ISB-001,476,4,288780.72,524180.95,3,1,1,0,TXN0001673,2024-06-28,7219.38,electronics,withdrawal,12,4,0,0
C00374,43,Female,Karachi,KHI-001,674,9,494646.53,418471.1,4,0,1,0,TXN0002591,2024-06-28,4651.93,healthcare,debit,20,4,0,0
C00200,45,Male,Lahore,LHR-001,476,0,175870.11,592548.07,2,1,1,0,TXN0001381,2024-06-28,21874.78,grocery,debit,13,4,0,0
C00177,32,Female,Quetta,QTA-001,731,2,494420.75,171417.46,4,1,1,0,TXN0001257,2024-06-28,244698.0,online,debit,11,4,0,1
C00296,56,Female,Karachi,KHI-001,812,0,452165.09,260844.58,4,0,0,1,TXN0002044,2024-06-28,6344.58,electronics,transfer,21,4,0,0
C00269,23,Female,Islamabad,ISB-001,400,10,239747.47,206246.79,3,1,1,0,TXN0001869,2024-06-29,2406.15,online,transfer,15,5,1,0
C00230,27,Female,Lahore,LHR-001,564,0,251245.12,127451.75,1,0,1,0,TXN0001587,2024-06-29,365002.71,online,debit,12,5,1,1
C00356,52,Female,Peshawar,PEW-001,497,8,152016.42,123834.22,4,0,1,0,TXN0002471,2024-06-29,68546.87,grocery,debit,8,5,1,0
C00478,33,Male,Islamabad,ISB-001,488,10,355743.14,217817.61,3,1,1,0,TXN0003339,2024-06-29,47422.5,healthcare,credit,11,5,1,0
C00068,39,Male,Multan,MUL-001,800,0,284926.63,157795.76,3,1,1,0,TXN0000492,2024-06-30,16150.61,travel,credit,19,6,1,0
C00129,48,Male,Karachi,KHI-001,502,6,260010.97,137548.27,4,1,0,0,TXN0000922,2024-06-30,11320.42,restaurant,debit,20,6,1,0
C00211,44,Male,Karachi,KHI-001,458,7,95143.03,262532.23,1,0,1,0,TXN0001461,2024-06-30,26483.43,online,debit,8,6,1,0
C00114,49,Male,Islamabad,ISB-001,416,9,235521.56,528226.36,2,0,1,0,TXN0000800,2024-06-30,9061.67,restaurant,credit,21,6,1,0
C00079,35,Male,Lahore,LHR-001,829,8,73862.52,587381.18,2,1,1,0,TXN0000573,2024-06-30,1082.92,atm,withdrawal,11,6,1,0
C00019,45,Female,Islamabad,ISB-001,635,7,121667.41,457668.73,2,0,1,1,TXN0000137,2024-06-30,3238.84,grocery,transfer,11,6,1,0
C00025,54,Male,Karachi,KHI-001,438,2,228714.56,344210.37,1,0,0,0,TXN0000192,2024-06-30,6743.35,electronics,credit,9,6,1,0
C00319,69,Female,Quetta,QTA-001,835,2,185525.14,441876.04,3,1,0,1,TXN0002223,2024-07-01,19214.38,electronics,transfer,9,0,0,0
C00240,24,Male,Islamabad,ISB-001,476,4,288780.72,524180.95,3,0,1,0,TXN0001674,2024-07-01,1892.99,atm,credit,11,0,0,0
C00421,54,Male,Lahore,LHR-001,436,7,59187.09,305936.46,4,1,1,0,TXN0002948,2024-07-01,43271.83,grocery,debit,17,0,0,0
C00072,31,Female,Multan,MUL-001,794,5,479742.02,80553.11,2,0,1,0,TXN0000528,2024-07-01,875.72,restaurant,credit,21,0,0,0
C00419,64,Female,Karachi,KHI-001,706,1,268638.25,208477.74,2,1,1,0,TXN0002931,2024-07-01,612.8,electronics,debit,9,0,0,0
C00132,56,Male,Islamabad,ISB-001,410,3,280866.16,513897.36,2,0,0,0,TXN0000936,2024-07-01,3109.26,healthcare,debit,16,0,0,0
C00370,67,Male,Islamabad,ISB-001,654,9,491253.6,72734.58,1,1,1,0,TXN0002565,2024-07-01,6349.61,restaurant,transfer,14,0,0,0
C00238,37,Male,Islamabad,ISB-001,827,0,318383.54,176722.48,1,0,1,0,TXN0001653,2024-07-01,5539.57,travel,debit,20,0,0,0
C00165,43,Female,Karachi,KHI-001,729,3,206952.33,364472.34,3,0,0,1,TXN0001167,2024-07-02,693404.34,atm,credit,10,1,0,1
C00291,61,Male,Karachi,KHI-001,768,2,321279.95,100994.27,2,1,0,1,TXN0002010,2024-07-02,8803.27,electronics,transfer,10,1,0,0
C00022,59,Male,Peshawar,PEW-001,510,1,161517.31,440357.46,4,1,0,0,TXN0000169,2024-07-02,5344.7,travel,withdrawal,17,1,0,0
C00412,43,Female,Lahore,LHR-001,775,2,466136.8,395577.63,1,0,1,0,TXN0002879,2024-07-02,19265.49,restaurant,credit,8,1,0,0
C00353,45,Female,Peshawar,PEW-001,670,8,367474.54,415997.81,4,0,0,0,TXN0002455,2024-07-02,52122.25,travel,credit,17,1,0,0
C00161,57,Female,Peshawar,PEW-001,539,5,401371.14,284812.62,4,0,0,0,TXN0001138,2024-07-03,11946.58,grocery,debit,13,2,0,0
C00420,58,Female,Islamabad,ISB-001,384,10,481250.38,589492.37,4,0,0,1,TXN0002936,2024-07-03,7414.37,grocery,debit,2,2,0,0
C00088,47,Male,Karachi,KHI-001,425,3,327426.77,373074.92,4,0,0,0,TXN0000643,2024-07-03,3950.06,online,credit,15,2,0,0
C00268,69,Male,Multan,MUL-001,559,2,313549.61,250376.46,4,1,0,0,TXN0001864,2024-07-03,8572.84,atm,transfer,10,2,0,0
C00233,69,Male,Karachi,KHI-001,689,2,74309.18,182971.65,3,0,0,1,TXN0001619,2024-07-03,34101.48,restaurant,debit,11,2,0,0
C00333,51,Female,Islamabad,ISB-001,372,10,438949.36,88741.82,3,0,0,0,TXN0002326,2024-07-03,4279.73,grocery,transfer,18,2,0,0
C00187,60,Female,Multan,MUL-001,656,9,369272.78,181415.56,3,1,1,0,TXN0001318,2024-07-03,4786.33,grocery,credit,8,2,0,0
C00152,25,Female,Karachi,KHI-001,689,0,251020.91,172043.57,4,0,1,0,TXN0001081,2024-07-04,29357.85,online,transfer,16,3,0,0
C00186,24,Male,Islamabad,ISB-001,626,7,318454.18,571206.68,3,1,1,0,TXN0001312,2024-07-04,6313.32,atm,debit,19,3,0,0
C00094,66,Male,Islamabad,ISB-001,375,8,421017.62,390170.61,3,1,1,0,TXN0000685,2024-07-05,2418.45,restaurant,transfer,18,4,0,0
C00442,49,Male,Karachi,KHI-001,654,4,351000.42,233940.19,2,1,1,0,TXN0003091,2024-07-05,26530.0,healthcare,transfer,13,4,0,0
C00385,64,Male,Karachi,KHI-001,462,2,478848.78,188341.45,1,1,0,0,TXN0002674,2024-07-05,7316.19,electronics,credit,19,4,0,0
C00448,33,Female,Islamabad,ISB-001,728,10,7546.86,529068.53,4,1,0,1,TXN0003140,2024-07-05,28302.43,electronics,transfer,9,4,0,0
C00419,64,Female,Karachi,KHI-001,706,1,268638.25,208477.74,2,1,1,0,TXN0002927,2024-07-05,34041.15,electronics,withdrawal,20,4,0,0
C00130,56,Male,Lahore,LHR-001,559,8,487892.95,578037.11,1,1,1,0,TXN0000926,2024-07-05,35330.73,online,transfer,18,4,0,0
C00493,55,Male,Islamabad,ISB-001,690,4,129991.83,516811.24,3,1,0,1,TXN0003435,2024-07-05,537541.02,atm,transfer,18,4,0,1
C00332,42,Female,Multan,MUL-001,412,2,216274.44,277735.36,3,0,0,0,TXN0002323,2024-07-06,10126.09,travel,credit,14,5,1,0
C00167,23,Female,Islamabad,ISB-001,439,2,130674.84,93346.44,1,1,0,0,TXN0001180,2024-07-06,14230.14,atm,debit,21,5,1,0
C00023,23,Female,Islamabad,ISB-001,725,2,296211.8,355140.16,4,1,0,0,TXN0000173,2024-07-06,31473.24,grocery,debit,16,5,1,0
C00241,41,Female,Karachi,KHI-001,769,5,419862.95,470370.84,4,0,1,1,TXN0001681,2024-07-06,36717.74,online,transfer,20,5,1,0
C00052,68,Male,Lahore,LHR-001,718,2,106249.57,300175.21,4,1,0,0,TXN0000371,2024-07-06,27963.82,restaurant,debit,13,5,1,0
C00410,53,Male,Islamabad,ISB-001,594,7,22534.07,89709.74,1,1,1,0,TXN0002863,2024-07-06,3086.22,online,withdrawal,2,5,1,0
C00200,45,Male,Lahore,LHR-001,476,0,175870.11,592548.07,2,0,1,0,TXN0001380,2024-07-07,1087.9,restaurant,credit,12,6,1,0
C00021,51,Male,Karachi,KHI-001,669,10,454393.73,526148.78,3,1,0,1,TXN0000160,2024-07-07,2763.64,grocery,credit,8,6,1,0
C00456,61,Female,Islamabad,ISB-001,400,8,100600.77,342250.27,1,1,0,1,TXN0003200,2024-07-07,4588.03,atm,credit,20,6,1,0
C00181,54,Male,Islamabad,ISB-001,386,9,472482.81,291315.44,4,1,1,0,TXN0001276,2024-07-07,3007.91,electronics,debit,8,6,1,0
C00326,59,Female,Karachi,KHI-001,800,3,288351.74,487877.41,1,0,0,0,TXN0002272,2024-07-07,7487.84,healthcare,withdrawal,0,6,1,0
C00352,58,Male,Karachi,KHI-001,405,10,263647.0,516657.59,1,0,0,1,TXN0002450,2024-07-07,24797.6,online,debit,19,6,1,0
C00348,67,Male,Karachi,KHI-001,770,9,139485.05,351716.75,1,0,0,0,TXN0002421,2024-07-08,9891.9,grocery,withdrawal,20,0,0,0
C00204,23,Male,Karachi,KHI-001,517,5,113657.71,398401.66,4,1,0,1,TXN0001410,2024-07-08,10567.13,electronics,debit,13,0,0,0
C00399,22,Male,Karachi,KHI-001,779,3,313354.0,420873.88,2,0,0,0,TXN0002781,2024-07-09,7267.41,grocery,withdrawal,19,1,0,0
C00490,31,Female,Islamabad,ISB-001,624,1,411648.91,564411.54,4,0,0,1,TXN0003424,2024-07-09,2229.68,travel,debit,10,1,0,0
C00114,49,Male,Islamabad,ISB-001,416,9,235521.56,528226.36,2,1,1,0,TXN0000805,2024-07-09,2957.86,online,transfer,10,1,0,0
C00294,69,Male,Karachi,KHI-001,660,8,320429.63,177799.01,3,0,0,1,TXN0002028,2024-07-09,8042.83,travel,debit,11,1,0,0
C00455,46,Male,Peshawar,PEW-001,458,2,133050.72,262420.12,4,0,0,0,TXN0003187,2024-07-09,2224.74,electronics,debit,10,1,0,0
C00499,26,Female,Peshawar,PEW-001,513,5,427833.84,356087.01,4,1,0,0,TXN0003485,2024-07-09,11697.03,restaurant,debit,14,1,0,0
C00142,48,Male,Karachi,KHI-001,790,2,236774.76,379465.68,2,1,1,0,TXN0001015,2024-07-09,3516.84,atm,transfer,10,1,0,0
C00498,22,Female,Islamabad,ISB-001,450,7,55585.84,256418.07,2,0,1,1,TXN0003477,2024-07-09,3302.35,grocery,credit,10,1,0,0
C00020,65,Male,Quetta,QTA-001,614,9,318710.49,152201.12,3,1,0,0,TXN0000149,2024-07-10,3933.3,electronics,credit,15,2,0,0
C00166,49,Female,Islamabad,ISB-001,702,2,278102.68,411067.92,3,0,0,0,TXN0001179,2024-07-10,5645.42,atm,credit,13,2,0,0
C00095,22,Male,Islamabad,ISB-001,657,6,455789.67,478716.73,1,0,0,0,TXN0000692,2024-07-10,11774.57,electronics,credit,20,2,0,0
C00315,28,Female,Lahore,LHR-001,778,1,230296.12,560579.29,2,0,0,0,TXN0002193,2024-07-10,2689.62,electronics,credit,15,2,0,0
C00027,43,Female,Karachi,KHI-001,552,0,450335.39,154072.7,4,1,0,0,TXN0000202,2024-07-11,3818.55,travel,credit,9,3,0,0
C00171,49,Male,Lahore,LHR-001,782,8,172939.27,520472.3,3,1,1,0,TXN0001204,2024-07-11,3867.71,electronics,transfer,8,3,0,0
C00220,53,Male,Peshawar,PEW-001,599,1,70476.72,231885.95,2,0,0,1,TXN0001512,2024-07-11,18358.09,travel,debit,0,3,0,0
C00083,37,Female,Karachi,KHI-001,692,9,298516.64,63062.76,1,1,1,0,TXN0000602,2024-07-11,855.26,online,credit,10,3,0,0
C00256,22,Male,Quetta,QTA-001,772,3,474906.86,461359.55,3,1,0,0,TXN0001792,2024-07-11,10357.02,online,credit,8,3,0,0
C00476,67,Male,Islamabad,ISB-001,460,10,87356.91,543026.51,4,1,1,1,TXN0003326,2024-07-11,32461.96,grocery,credit,21,3,0,0
C00382,61,Male,Lahore,LHR-001,670,1,28237.95,228847.19,1,0,1,1,TXN0002645,2024-07-11,15290.44,healthcare,transfer,15,3,0,0
C00200,45,Male,Lahore,LHR-001,476,0,175870.11,592548.07,2,1,1,0,TXN0001388,2024-07-12,992.35,online,debit,16,4,0,0
C00023,23,Female,Islamabad,ISB-001,725,2,296211.8,355140.16,4,1,0,0,TXN0000170,2024-07-12,6612.44,grocery,debit,17,4,0,0
C00243,40,Male,Karachi,KHI-001,834,4,386601.13,485485.81,4,1,1,0,TXN0001697,2024-07-12,2830.32,electronics,debit,14,4,0,0
C00174,65,Female,Lahore,LHR-001,455,4,280577.18,375279.83,1,0,1,0,TXN0001230,2024-07-12,1475.17,online,debit,23,4,0,0
C00141,60,Female,Islamabad,ISB-001,798,6,177946.56,261488.5,3,0,0,0,TXN0001007,2024-07-12,625.01,electronics,debit,15,4,0,0
C00258,49,Male,Lahore,LHR-001,796,0,477273.03,201663.93,4,1,1,0,TXN0001803,2024-07-13,3546.18,electronics,debit,20,5,1,0
C00442,49,Male,Karachi,KHI-001,654,4,351000.42,233940.19,2,0,1,0,TXN0003095,2024-07-14,21718.31,online,credit,18,6,1,0
C00289,57,Female,Lahore,LHR-001,774,1,479294.54,551972.45,2,0,0,1,TXN0001995,2024-07-14,13912.89,grocery,debit,16,6,1,0
C00295,46,Male,Peshawar,PEW-001,650,5,490385.52,306949.47,3,0,1,0,TXN0002042,2024-07-14,10095.54,grocery,credit,11,6,1,0
C00114,49,Male,Islamabad,ISB-001,416,9,235521.56,528226.36,2,0,1,0,TXN0000803,2024-07-14,604824.92,electronics,debit,19,6,1,1
C00221,27,Male,Lahore,LHR-001,802,0,450783.29,338057.19,1,0,0,0,TXN0001525,2024-07-15,24314.54,online,debit,19,0,0,0
C00022,59,Male,Peshawar,PEW-001,510,1,161517.31,440357.46,4,0,0,0,TXN0000167,2024-07-15,4811.16,electronics,debit,12,0,0,0
C00255,61,Male,Karachi,KHI-001,390,2,307150.31,596268.68,4,1,0,1,TXN0001787,2024-07-15,707.24,electronics,debit,15,0,0,0
C00051,49,Female,Karachi,KHI-001,411,7,75848.35,123765.16,3,0,1,0,TXN0000365,2024-07-15,20247.44,online,credit,15,0,0,0
C00278,56,Male,Lahore,LHR-001,504,4,6158.0,345584.66,3,0,1,0,TXN0001932,2024-07-15,10700.9,electronics,credit,18,0,0,0
C00389,63,Male,Peshawar,PEW-001,763,4,112080.39,245495.4,4,1,0,0,TXN0002704,2024-07-15,545.42,grocery,debit,15,0,0,0
C00245,24,Male,Karachi,KHI-001,588,4,180166.33,376341.34,2,0,0,0,TXN0001710,2024-07-16,13939.79,grocery,debit,8,1,0,0
C00185,62,Female,Lahore,LHR-001,693,4,48027.88,369215.25,3,0,1,1,TXN0001309,2024-07-16,5957.24,grocery,withdrawal,16,1,0,0
C00307,54,Male,Peshawar,PEW-001,643,9,64658.68,252841.73,1,1,1,0,TXN0002126,2024-07-16,68556.04,restaurant,transfer,14,1,0,0
C00409,23,Female,Karachi,KHI-001,748,7,426835.8,365066.0,2,1,0,0,TXN0002858,2024-07-16,30105.32,travel,debit,18,1,0,0
C00453,53,Female,Peshawar,PEW-001,703,7,280309.96,258983.95,3,1,0,0,TXN0003175,2024-07-16,18711.21,grocery,credit,13,1,0,0
C00082,42,Male,Lahore,LHR-001,650,2,364417.32,500006.81,1,1,1,0,TXN0000588,2024-07-16,2794.08,grocery,debit,8,1,0,0
C00106,29,Female,Quetta,QTA-001,660,1,373403.58,445902.87,4,0,0,0,TXN0000756,2024-07-16,10995.98,online,withdrawal,13,1,0,0
C00422,29,Female,Quetta,QTA-001,483,10,447767.57,254214.72,1,1,1,0,TXN0002960,2024-07-16,21624.4,electronics,debit,11,1,0,0
C00297,46,Male,Lahore,LHR-001,823,7,325099.13,347671.97,4,1,0,0,TXN0002052,2024-07-17,7265.88,online,debit,16,2,0,0
C00429,66,Male,Karachi,KHI-001,408,4,332745.45,416072.73,1,0,0,0,TXN0003004,2024-07-18,16809.22,grocery,debit,18,3,0,0
C00096,46,Male,Karachi,KHI-001,442,4,65791.34,382864.47,4,0,1,0,TXN0000696,2024-07-18,20943.98,atm,debit,19,3,0,0
C00178,49,Male,Islamabad,ISB-001,582,6,303582.71,534877.42,2,1,0,0,TXN0001263,2024-07-18,26207.5,online,debit,19,3,0,0
C00108,56,Female,Karachi,KHI-001,697,9,394955.99,404164.74,4,1,0,0,TXN0000773,2024-07-19,19031.88,grocery,debit,2,4,0,0
C00098,30,Male,Multan,MUL-001,581,9,86932.65,410059.27,3,0,1,0,TXN0000707,2024-07-19,871.65,online,debit,15,4,0,0
C00478,33,Male,Islamabad,ISB-001,488,10,355743.14,217817.61,3,0,1,0,TXN0003341,2024-07-19,26859.59,atm,debit,8,4,0,0
C00354,50,Male,Islamabad,ISB-001,542,9,6656.45,493336.79,4,1,1,0,TXN0002461,2024-07-19,15985.9,grocery,credit,20,4,0,0
C00315,28,Female,Lahore,LHR-001,778,1,230296.12,560579.29,2,0,0,0,TXN0002196,2024-07-19,20323.54,online,debit,19,4,0,0
C00264,56,Female,Karachi,KHI-001,680,9,421557.18,544770.36,2,0,1,0,TXN0001832,2024-07-19,548.83,electronics,debit,17,4,0,0
C00179,46,Male,Peshawar,PEW-001,614,8,404390.82,287533.65,3,0,0,0,TXN0001268,2024-07-19,35726.04,restaurant,debit,17,4,0,0
C00088,47,Male,Karachi,KHI-001,425,3,327426.77,373074.92,4,0,0,0,TXN0000641,2024-07-20,29033.29,restaurant,debit,10,5,1,0
C00410,53,Male,Islamabad,ISB-001,594,7,22534.07,89709.74,1,0,1,0,TXN0002864,2024-07-21,8630.45,online,debit,16,6,1,0
C00031,63,Female,Islamabad,ISB-001,792,9,290855.7,336998.46,1,1,0,1,TXN0000236,2024-07-21,23333.86,restaurant,debit,9,6,1,0
C00066,25,Female,Karachi,KHI-001,625,2,11040.52,50285.88,2,0,1,1,TXN0000473,2024-07-21,880214.11,atm,debit,9,6,1,1
C00435,37,Male,Islamabad,ISB-001,573,7,126416.34,323829.52,2,1,0,0,TXN0003046,2024-07-22,15260.89,grocery,transfer,15,0,0,0
C00238,37,Male,Islamabad,ISB-001,827,0,318383.54,176722.48,1,0,1,0,TXN0001658,2024-07-22,4712.8,electronics,credit,20,0,0,0
C00351,62,Female,Lahore,LHR-001,770,9,171503.38,449896.52,3,0,1,0,TXN0002444,2024-07-22,23437.78,grocery,withdrawal,8,0,0,0
C00361,44,Male,Islamabad,ISB-001,751,9,455617.86,304819.5,1,0,0,0,TXN0002502,2024-07-22,22122.64,restaurant,debit,21,0,0,0
C00123,45,Female,Lahore,LHR-001,606,2,21770.18,85654.83,4,0,1,0,TXN0000875,2024-07-22,21776.4,restaurant,credit,16,0,0,0
C00349,27,Male,Peshawar,PEW-001,356,1,202152.26,183161.2,4,1,0,0,TXN0002432,2024-07-22,26979.54,atm,debit,19,0,0,0
C00476,67,Male,Islamabad,ISB-001,460,10,87356.91,543026.51,4,1,1,1,TXN0003322,2024-07-23,7780.15,electronics,credit,17,1,0,0
C00443,47,Female,Karachi,KHI-001,746,3,98664.66,173870.99,2,0,1,1,TXN0003104,2024-07-23,3634.72,electronics,credit,14,1,0,0
C00493,55,Male,Islamabad,ISB-001,690,4,129991.83,516811.24,3,1,0,1,TXN0003438,2024-07-23,562316.77,healthcare,transfer,2,1,0,1
C00488,58,Female,Islamabad,ISB-001,501,1,194888.07,108339.63,1,0,1,0,TXN0003408,2024-07-23,9209.56,electronics,credit,21,1,0,0
C00155,44,Male,Islamabad,ISB-001,490,0,170509.59,377039.01,1,0,1,1,TXN0001102,2024-07-23,15855.75,grocery,credit,12,1,0,0
C00175,41,Male,Karachi,KHI-001,712,5,361802.48,262129.47,4,0,1,0,TXN0001235,2024-07-24,11051.87,atm,debit,15,2,0,0
C00056,68,Male,Lahore,LHR-001,384,1,55943.44,444257.07,1,1,1,1,TXN0000400,2024-07-24,12557.84,online,debit,22,2,0,0
C00459,37,Female,Quetta,QTA-001,690,7,282122.93,338189.47,2,1,0,0,TXN0003210,2024-07-24,35097.95,atm,debit,12,2,0,0
C00279,40,Female,Quetta,QTA-001,466,4,484011.2,288874.89,3,0,1,0,TXN0001937,2024-07-24,21060.16,grocery,credit,14,2,0,0
C00494,52,Female,Islamabad,ISB-001,357,8,5509.59,40186.2,3,0,1,0,TXN0003448,2024-07-24,10701.76,online,debit,13,2,0,0
C00475,51,Female,Multan,MUL-001,746,4,473912.45,117950.89,3,0,0,1,TXN0003316,2024-07-24,14739.79,healthcare,transfer,16,2,0,0
C00307,54,Male,Peshawar,PEW-001,643,9,64658.68,252841.73,1,1,1,0,TXN0002130,2024-07-25,67218.65,grocery,withdrawal,12,3,0,0
C00226,59,Male,Lahore,LHR-001,692,5,408451.94,450423.39,2,0,0,1,TXN0001566,2024-07-25,13223.2,online,debit,16,3,0,0
C00024,42,Male,Lahore,LHR-001,657,1,343076.12,304058.18,4,1,0,0,TXN0000185,2024-07-25,52328.72,online,credit,23,3,0,0
C00162,34,Female,Peshawar,PEW-001,485,4,489571.06,94540.3,1,0,1,0,TXN0001146,2024-07-26,5772.18,online,debit,15,4,0,0
C00083,37,Female,Karachi,KHI-001,692,9,298516.64,63062.76,1,1,1,0,TXN0000600,2024-07-26,12908.17,atm,transfer,12,4,0,0
C00252,61,Female,Karachi,KHI-001,727,4,221410.73,378774.2,3,0,1,0,TXN0001763,2024-07-27,403972.59,online,debit,14,5,1,1
C00095,22,Male,Islamabad,ISB-001,657,6,455789.67,478716.73,1,0,0,0,TXN0000693,2024-07-27,13499.64,online,debit,18,5,1,0
C00109,54,Male,Karachi,KHI-001,377,9,303842.16,308396.2,3,1,0,0,TXN0000776,2024-07-27,6220.2,grocery,transfer,11,5,1,0
C00328,29,Female,Karachi,KHI-001,505,3,271508.74,205355.84,4,1,1,0,TXN0002292,2024-07-28,18673.43,electronics,debit,11,6,1,0
C00263,63,Male,Karachi,KHI-001,656,9,85196.87,285376.51,4,0,1,0,TXN0001830,2024-07-28,1366.31,grocery,transfer,13,6,1,0
C00441,40,Male,Lahore,LHR-001,838,7,57387.88,253309.33,4,1,0,1,TXN0003088,2024-07-28,686125.14,electronics,debit,8,6,1,1
C00461,26,Female,Islamabad,ISB-001,732,2,191464.2,119115.71,1,0,0,0,TXN0003226,2024-07-28,636.48,grocery,transfer,14,6,1,0
C00500,66,Male,Karachi,KHI-001,723,6,265876.93,147398.18,3,0,0,0,TXN0003492,2024-07-29,33982.59,electronics,withdrawal,12,0,0,0
C00019,45,Female,Islamabad,ISB-001,635,7,121667.41,457668.73,2,0,1,1,TXN0000145,2024-07-29,5164.49,grocery,debit,10,0,0,0
C00253,60,Female,Karachi,KHI-001,592,8,458179.27,218142.47,1,1,0,0,TXN0001776,2024-07-29,13054.52,online,transfer,12,0,0,0
C00043,39,Male,Lahore,LHR-001,435,3,439921.41,352711.1,1,1,1,0,TXN0000308,2024-07-29,3162.9,electronics,debit,13,0,0,0
C00060,57,Female,Islamabad,ISB-001,399,6,303959.15,548378.45,2,1,1,0,TXN0000436,2024-07-29,18287.35,grocery,transfer,16,0,0,0
C00068,39,Male,Multan,MUL-001,800,0,284926.63,157795.76,3,0,1,0,TXN0000493,2024-07-30,1561.37,online,credit,9,1,0,0
C00064,27,Male,Karachi,KHI-001,674,6,207432.81,97563.75,3,1,1,0,TXN0000463,2024-07-30,564.96,travel,transfer,23,1,0,0
C00430,53,Male,Islamabad,ISB-001,780,5,274170.56,92040.32,2,0,1,0,TXN0003007,2024-07-30,35724.11,grocery,credit,18,1,0,0
C00238,37,Male,Islamabad,ISB-001,827,0,318383.54,176722.48,1,1,1,0,TXN0001657,2024-07-30,1843.34,electronics,debit,13,1,0,0
C00408,55,Male,Karachi,KHI-001,474,1,26966.45,226798.95,3,1,1,0,TXN0002848,2024-07-30,3482.58,travel,transfer,8,1,0,0
C00418,36,Male,Islamabad,ISB-001,473,9,29147.87,40692.54,2,0,0,0,TXN0002923,2024-07-30,7569.76,travel,debit,18,1,0,0
C00197,36,Male,Quetta,QTA-001,496,5,184714.31,352558.54,4,0,1,0,TXN0001371,2024-07-31,1400.2,grocery,debit,16,2,0,0
C00423,65,Female,Quetta,QTA-001,545,5,495780.29,107104.24,1,0,0,0,TXN0002964,2024-07-31,3534.03,grocery,credit,20,2,0,0
C00492,57,Male,Karachi,KHI-001,836,0,410298.89,195541.47,4,0,0,1,TXN0003432,2024-07-31,14409.61,travel,credit,16,2,0,0
C00162,34,Female,Peshawar,PEW-001,485,4,489571.06,94540.3,1,0,1,0,TXN0001152,2024-07-31,15236.63,restaurant,debit,13,2,0,0
C00195,65,Female,Karachi,KHI-001,616,3,171253.6,289966.44,2,0,0,0,TXN0001361,2024-07-31,18060.08,grocery,debit,10,2,0,0
C00462,43,Female,Multan,MUL-001,841,4,9490.84,158710.19,3,1,0,1,TXN0003228,2024-07-31,40927.66,online,debit,19,2,0,0
C00217,23,Male,Lahore,LHR-001,439,0,112921.44,364862.85,4,0,0,0,TXN0001491,2024-08-01,30154.42,grocery,debit,20,3,0,0
C00324,51,Male,Lahore,LHR-001,703,5,223310.92,109004.69,3,0,0,0,TXN0002259,2024-08-01,9575.73,travel,debit,15,3,0,0
C00387,60,Male,Islamabad,ISB-001,783,8,401381.0,373620.41,1,0,1,0,TXN0002684,2024-08-02,12997.56,healthcare,debit,9,4,0,0
C00087,45,Male,Islamabad,ISB-001,787,8,16396.19,541883.93,4,0,0,0,TXN0000632,2024-08-02,18743.74,online,debit,14,4,0,0
C00114,49,Male,Islamabad,ISB-001,416,9,235521.56,528226.36,2,0,1,0,TXN0000806,2024-08-02,1852.11,electronics,debit,15,4,0,0
C00292,41,Male,Lahore,LHR-001,584,1,380722.74,123435.44,4,0,1,0,TXN0002014,2024-08-02,7756.12,grocery,debit,22,4,0,0
C00297,46,Male,Lahore,LHR-001,823,7,325099.13,347671.97,4,0,0,0,TXN0002054,2024-08-02,7699.68,restaurant,debit,11,4,0,0
C00229,55,Female,Karachi,KHI-001,780,0,205597.8,449264.51,2,0,1,0,TXN0001586,2024-08-02,5088.93,electronics,transfer,19,4,0,0
C00079,35,Male,Lahore,LHR-001,829,8,73862.52,587381.18,2,0,1,0,TXN0000564,2024-08-02,1150.39,electronics,transfer,9,4,0,0
C00327,66,Male,Islamabad,ISB-001,544,7,402968.6,143367.67,1,1,1,0,TXN0002283,2024-08-02,54405.88,travel,credit,14,4,0,0
C00253,60,Female,Karachi,KHI-001,592,8,458179.27,218142.47,1,0,0,0,TXN0001772,2024-08-02,3454.6,restaurant,transfer,14,4,0,0
C00405,44,Female,Peshawar,PEW-001,655,1,198629.03,243248.79,2,0,0,1,TXN0002831,2024-08-03,12767.12,atm,transfer,14,5,1,0
C00226,59,Male,Lahore,LHR-001,692,5,408451.94,450423.39,2,0,0,1,TXN0001559,2024-08-03,4639.59,online,debit,10,5,1,0
C00080,44,Male,Karachi,KHI-001,414,6,54893.33,152481.09,2,0,1,0,TXN0000581,2024-08-03,10685.12,restaurant,debit,17,5,1,0
C00063,23,Male,Peshawar,PEW-001,498,6,245746.95,121716.36,2,0,1,0,TXN0000449,2024-08-03,18759.07,restaurant,debit,16,5,1,0
C00125,56,Male,Karachi,KHI-001,436,0,391345.38,163514.23,1,0,1,0,TXN0000890,2024-08-03,27368.96,atm,debit,2,5,1,0
C00290,59,Male,Quetta,QTA-001,617,10,380404.24,495709.12,4,0,1,0,TXN0002007,2024-08-03,383075.52,atm,transfer,11,5,1,1
C00083,37,Female,Karachi,KHI-001,692,9,298516.64,63062.76,1,1,1,0,TXN0000599,2024-08-04,42356.51,grocery,debit,20,6,1,0
C00494,52,Female,Islamabad,ISB-001,357,8,5509.59,40186.2,3,1,1,0,TXN0003442,2024-08-04,1294.01,restaurant,credit,17,6,1,0
C00323,67,Female,Lahore,LHR-001,713,10,267481.24,332589.38,2,1,0,0,TXN0002253,2024-08-04,12631.99,online,credit,18,6,1,0
C00222,53,Female,Quetta,QTA-001,357,10,347154.82,110415.25,1,0,1,0,TXN0001530,2024-08-04,7496.38,restaurant,debit,19,6,1,0
C00193,54,Male,Lahore,LHR-001,746,4,455758.88,477802.58,1,0,1,0,TXN0001347,2024-08-05,5044.22,travel,transfer,17,0,0,0
C00452,55,Female,Islamabad,ISB-001,391,0,5554.46,357282.2,2,1,0,1,TXN0003172,2024-08-05,3077.97,atm,credit,22,0,0,0
C00417,27,Male,Karachi,KHI-001,519,3,349378.57,500211.61,2,0,0,0,TXN0002906,2024-08-05,15555.23,online,credit,17,0,0,0
C00316,24,Male,Karachi,KHI-001,724,10,263605.12,338065.72,3,1,1,0,TXN0002203,2024-08-05,1041.93,atm,transfer,20,0,0,0
C00389,63,Male,Peshawar,PEW-001,763,4,112080.39,245495.4,4,0,0,0,TXN0002709,2024-08-05,5797.74,electronics,debit,8,0,0,0
C00235,54,Female,Islamabad,ISB-001,495,4,136916.7,588033.52,2,1,1,0,TXN0001640,2024-08-05,11943.0,restaurant,transfer,11,0,0,0
C00290,59,Male,Quetta,QTA-001,617,10,380404.24,495709.12,4,1,1,0,TXN0002003,2024-08-05,804185.45,online,debit,8,0,0,1
C00102,29,Female,Islamabad,ISB-001,625,2,159164.91,309306.15,4,0,1,0,TXN0000731,2024-08-05,5390.84,grocery,credit,11,0,0,0
C00207,38,Male,Islamabad,ISB-001,681,4,61547.77,89591.13,4,1,1,0,TXN0001427,2024-08-06,8196.25,grocery,credit,15,1,0,0
C00296,56,Female,Karachi,KHI-001,812,0,452165.09,260844.58,4,0,0,1,TXN0002047,2024-08-06,2618.13,online,transfer,21,1,0,0
C00484,60,Male,Lahore,LHR-001,687,9,339645.87,323420.23,4,0,1,1,TXN0003384,2024-08-06,4171.61,restaurant,credit,10,1,0,0
C00134,68,Male,Lahore,LHR-001,611,2,269859.51,451796.17,2,1,1,0,TXN0000954,2024-08-06,26888.69,grocery,transfer,12,1,0,0
C00425,26,Male,Quetta,QTA-001,550,8,442038.6,51214.76,1,0,0,0,TXN0002971,2024-08-07,20908.81,restaurant,debit,10,2,0,0
C00153,51,Male,Karachi,KHI-001,661,8,383851.36,474560.12,1,1,0,1,TXN0001092,2024-08-07,12562.46,restaurant,transfer,21,2,0,0
C00316,24,Male,Karachi,KHI-001,724,10,263605.12,338065.72,3,1,1,0,TXN0002202,2024-08-07,2586.2,grocery,credit,21,2,0,0
C00203,60,Female,Karachi,KHI-001,350,2,431228.67,68950.23,4,0,0,0,TXN0001403,2024-08-07,10768.71,atm,debit,21,2,0,0
C00416,63,Female,Quetta,QTA-001,386,5,7515.66,276705.9,1,0,1,0,TXN0002902,2024-08-07,48244.15,electronics,debit,18,2,0,0
C00143,30,Male,Islamabad,ISB-001,442,1,314363.11,374725.2,4,0,1,0,TXN0001019,2024-08-08,18648.2,online,withdrawal,12,3,0,0
C00023,23,Female,Islamabad,ISB-001,725,2,296211.8,355140.16,4,1,0,0,TXN0000172,2024-08-08,13221.47,restaurant,transfer,20,3,0,0
C00016,24,Female,Multan,MUL-001,513,2,400770.88,214693.11,1,1,1,0,TXN0000118,2024-08-09,6497.06,electronics,debit,12,4,0,0
C00407,49,Male,Peshawar,PEW-001,664,5,240955.03,289957.32,2,1,0,1,TXN0002843,2024-08-09,21710.87,atm,debit,16,4,0,0
C00098,30,Male,Multan,MUL-001,581,9,86932.65,410059.27,3,0,1,0,TXN0000714,2024-08-09,12890.32,online,credit,8,4,0,0
C00146,47,Male,Quetta,QTA-001,704,7,295789.53,595594.66,4,1,0,1,TXN0001048,2024-08-09,3423.72,restaurant,transfer,12,4,0,0
C00297,46,Male,Lahore,LHR-001,823,7,325099.13,347671.97,4,1,0,0,TXN0002055,2024-08-10,181457.03,grocery,debit,14,5,1,1
C00377,48,Female,Karachi,KHI-001,525,2,203782.22,445729.44,2,0,1,0,TXN0002614,2024-08-10,2658.36,online,credit,20,5,1,0
C00055,29,Female,Karachi,KHI-001,617,3,378544.47,585831.92,3,0,0,0,TXN0000389,2024-08-11,371112.52,online,withdrawal,12,6,1,1
C00127,61,Male,Multan,MUL-001,611,3,113948.12,154003.84,2,1,0,1,TXN0000903,2024-08-11,8787.33,online,withdrawal,10,6,1,0
C00133,58,Female,Quetta,QTA-001,617,5,431012.85,392108.3,2,0,0,1,TXN0000945,2024-08-11,30363.9,grocery,withdrawal,19,6,1,0
C00185,62,Female,Lahore,LHR-001,693,4,48027.88,369215.25,3,1,1,1,TXN0001306,2024-08-11,211786.78,online,transfer,13,6,1,1
C00019,45,Female,Islamabad,ISB-001,635,7,121667.41,457668.73,2,1,1,1,TXN0000139,2024-08-11,7602.83,online,transfer,17,6,1,0
C00047,30,Male,Islamabad,ISB-001,604,3,498857.84,222518.26,4,0,0,1,TXN0000330,2024-08-11,15343.62,electronics,withdrawal,14,6,1,0
C00124,58,Male,Peshawar,PEW-001,421,7,159179.22,265826.36,1,1,1,0,TXN0000879,2024-08-11,29136.15,healthcare,debit,21,6,1,0
C00090,66,Male,Multan,MUL-001,396,4,190345.51,383248.74,3,1,1,0,TXN0000658,2024-08-11,1291.96,restaurant,transfer,17,6,1,0
C00433,56,Male,Multan,MUL-001,750,3,263023.85,524224.27,1,1,0,0,TXN0003031,2024-08-12,6028.49,online,debit,17,0,0,0
C00120,54,Female,Karachi,KHI-001,696,4,127872.09,226096.19,1,0,1,0,TXN0000847,2024-08-12,12529.67,electronics,debit,21,0,0,0
C00089,46,Male,Karachi,KHI-001,523,10,386767.1,385298.57,1,0,1,0,TXN0000654,2024-08-12,1591.44,electronics,credit,8,0,0,0
C00324,51,Male,Lahore,LHR-001,703,5,223310.92,109004.69,3,1,0,0,TXN0002260,2024-08-12,23540.79,electronics,debit,16,0,0,0
C00391,56,Female,Peshawar,PEW-001,693,6,300650.67,385607.24,4,1,1,0,TXN0002720,2024-08-12,14168.9,online,withdrawal,13,0,0,0
C00493,55,Male,Islamabad,ISB-001,690,4,129991.83,516811.24,3,0,0,1,TXN0003437,2024-08-12,4144.25,electronics,transfer,8,0,0,0
C00145,36,Male,Karachi,KHI-001,590,3,419099.58,406805.23,2,1,0,0,TXN0001036,2024-08-12,32483.94,atm,credit,8,0,0,0
C00052,68,Male,Lahore,LHR-001,718,2,106249.57,300175.21,4,1,0,0,TXN0000374,2024-08-13,16871.68,restaurant,transfer,20,1,0,0
C00208,23,Male,Quetta,QTA-001,421,8,285059.43,97853.02,4,1,0,0,TXN0001438,2024-08-13,5209.02,healthcare,debit,13,1,0,0
C00308,25,Male,Lahore,LHR-001,633,0,366856.72,150406.31,2,0,1,0,TXN0002141,2024-08-13,5675.26,online,transfer,8,1,0,0
C00271,69,Male,Lahore,LHR-001,550,0,179012.38,223893.49,1,1,0,0,TXN0001877,2024-08-13,4342.87,online,withdrawal,14,1,0,0
C00013,57,Female,Islamabad,ISB-001,771,2,391849.67,580131.46,1,1,0,1,TXN0000090,2024-08-13,2403.66,restaurant,transfer,20,1,0,0
C00264,56,Female,Karachi,KHI-001,680,9,421557.18,544770.36,2,1,1,0,TXN0001833,2024-08-13,12827.12,atm,transfer,10,1,0,0
C00194,63,Female,Lahore,LHR-001,541,8,314256.83,435015.93,2,0,1,1,TXN0001350,2024-08-13,16741.79,grocery,withdrawal,12,1,0,0
C00282,24,Female,Karachi,KHI-001,515,2,160725.3,134328.86,1,0,1,0,TXN0001962,2024-08-14,8964.43,electronics,credit,19,2,0,0
C00242,57,Male,Islamabad,ISB-001,431,2,205168.84,103341.5,4,1,0,0,TXN0001686,2024-08-14,26849.3,travel,credit,2,2,0,0
C00390,47,Male,Islamabad,ISB-001,725,9,261538.88,232393.87,3,0,0,0,TXN0002712,2024-08-14,5986.97,healthcare,transfer,13,2,0,0
C00392,46,Male,Karachi,KHI-001,792,8,264890.59,287749.56,3,0,1,0,TXN0002728,2024-08-14,2847.55,travel,withdrawal,20,2,0,0
C00010,32,Female,Multan,MUL-001,849,2,463592.46,449511.24,1,0,1,0,TXN0000067,2024-08-14,24656.94,online,transfer,19,2,0,0
C00239,50,Male,Lahore,LHR-001,510,4,249665.56,505291.23,4,1,0,0,TXN0001663,2024-08-14,15632.09,grocery,withdrawal,9,2,0,0
C00219,47,Male,Peshawar,PEW-001,825,0,213743.45,332168.83,4,1,1,1,TXN0001507,2024-08-14,16532.92,atm,credit,20,2,0,0
C00069,47,Female,Karachi,KHI-001,521,0,359508.64,233769.28,1,0,1,0,TXN0000503,2024-08-14,2832.96,healthcare,debit,17,2,0,0
C00231,43,Male,Islamabad,ISB-001,526,1,361500.28,171354.32,4,0,1,0,TXN0001599,2024-08-14,14492.78,grocery,transfer,20,2,0,0
C00056,68,Male,Lahore,LHR-001,384,1,55943.44,444257.07,1,0,1,1,TXN0000396,2024-08-15,23503.32,grocery,withdrawal,17,3,0,0
C00306,57,Male,Peshawar,PEW-001,757,0,159863.15,406628.13,1,0,1,0,TXN0002116,2024-08-15,2574.77,restaurant,debit,12,3,0,0
C00455,46,Male,Peshawar,PEW-001,458,2,133050.72,262420.12,4,1,0,0,TXN0003192,2024-08-15,2485.53,grocery,debit,9,3,0,0
C00371,45,Male,Quetta,QTA-001,718,6,442678.49,119393.66,4,1,1,0,TXN0002569,2024-08-15,950.38,atm,debit,20,3,0,0
C00271,69,Male,Lahore,LHR-001,550,0,179012.38,223893.49,1,0,0,0,TXN0001878,2024-08-15,2775.85,atm,credit,14,3,0,0
C00013,57,Female,Islamabad,ISB-001,771,2,391849.67,580131.46,1,1,0,1,TXN0000088,2024-08-15,13365.38,electronics,transfer,16,3,0,0
C00252,61,Female,Karachi,KHI-001,727,4,221410.73,378774.2,3,0,1,0,TXN0001758,2024-08-16,8657.88,online,debit,18,4,0,0
C00234,37,Male,Quetta,QTA-001,687,0,135523.48,410514.12,4,0,0,0,TXN0001624,2024-08-16,245027.59,electronics,transfer,16,4,0,1
C00277,62,Female,Lahore,LHR-001,803,6,43493.85,374031.87,2,1,1,0,TXN0001921,2024-08-16,12344.97,online,debit,10,4,0,0
C00408,55,Male,Karachi,KHI-001,474,1,26966.45,226798.95,3,0,1,0,TXN0002852,2024-08-16,8536.57,online,debit,10,4,0,0
C00199,53,Female,Peshawar,PEW-001,682,8,416173.98,59145.15,2,0,0,1,TXN0001378,2024-08-16,9216.2,atm,credit,20,4,0,0
C00236,30,Female,Peshawar,PEW-001,799,6,367431.37,249606.19,2,0,0,0,TXN0001645,2024-08-16,4764.34,electronics,debit,12,4,0,0
C00429,66,Male,Karachi,KHI-001,408,4,332745.45,416072.73,1,1,0,0,TXN0003000,2024-08-17,2017.87,healthcare,debit,9,5,1,0
C00017,43,Male,Karachi,KHI-001,773,0,413440.67,219615.93,4,1,1,0,TXN0000125,2024-08-17,10472.24,travel,withdrawal,8,5,1,0
C00098,30,Male,Multan,MUL-001,581,9,86932.65,410059.27,3,1,1,0,TXN0000712,2024-08-17,15612.33,online,transfer,9,5,1,0
C00195,65,Female,Karachi,KHI-001,616,3,171253.6,289966.44,2,1,0,0,TXN0001360,2024-08-17,1862.78,electronics,debit,19,5,1,0
C00292,41,Male,Lahore,LHR-001,584,1,380722.74,123435.44,4,0,1,0,TXN0002020,2024-08-17,7798.7,atm,debit,10,5,1,0
C00436,34,Male,Peshawar,PEW-001,845,6,82883.63,129210.25,3,1,0,0,TXN0003051,2024-08-17,453974.29,atm,withdrawal,20,5,1,1
C00295,46,Male,Peshawar,PEW-001,650,5,490385.52,306949.47,3,0,1,0,TXN0002037,2024-08-18,435630.65,atm,transfer,13,6,1,1
C00283,41,Male,Islamabad,ISB-001,736,6,404677.97,399842.54,3,1,1,0,TXN0001964,2024-08-18,6761.98,online,debit,13,6,1,0
C00083,37,Female,Karachi,KHI-001,692,9,298516.64,63062.76,1,0,1,0,TXN0000597,2024-08-18,9053.72,online,credit,20,6,1,0
C00360,53,Male,Islamabad,ISB-001,793,0,142246.49,526785.39,3,1,1,0,TXN0002494,2024-08-19,10092.32,atm,debit,21,0,0,0
C00398,41,Female,Karachi,KHI-001,504,0,234373.47,371974.72,1,1,1,0,TXN0002771,2024-08-19,10794.95,travel,transfer,14,0,0,0
C00373,68,Female,Islamabad,ISB-001,413,1,452343.36,374346.27,1,0,1,0,TXN0002583,2024-08-19,7468.15,electronics,transfer,18,0,0,0
C00337,54,Female,Lahore,LHR-001,509,2,5117.57,102890.43,4,1,0,0,TXN0002356,2024-08-19,61503.36,travel,credit,14,0,0,0
C00426,60,Female,Multan,MUL-001,718,0,260459.12,452820.93,3,0,0,0,TXN0002982,2024-08-20,37591.87,online,credit,15,1,0,0
C00153,51,Male,Karachi,KHI-001,661,8,383851.36,474560.12,1,1,0,1,TXN0001091,2024-08-20,3163.0,electronics,debit,17,1,0,0
C00359,42,Male,Karachi,KHI-001,551,10,296608.72,171731.93,2,0,1,0,TXN0002490,2024-08-20,17137.17,travel,transfer,8,1,0,0
C00196,45,Male,Lahore,LHR-001,843,10,413428.13,523961.06,4,1,1,0,TXN0001362,2024-08-21,3997.61,atm,transfer,18,2,0,0
C00031,63,Female,Islamabad,ISB-001,792,9,290855.7,336998.46,1,0,0,1,TXN0000230,2024-08-21,9485.19,online,credit,11,2,0,0
C00163,53,Male,Multan,MUL-001,392,10,420695.49,266811.65,4,0,1,0,TXN0001158,2024-08-21,7029.59,electronics,transfer,21,2,0,0
C00240,24,Male,Islamabad,ISB-001,476,4,288780.72,524180.95,3,0,1,0,TXN0001672,2024-08-21,13435.24,online,debit,17,2,0,0
C00453,53,Female,Peshawar,PEW-001,703,7,280309.96,258983.95,3,0,0,0,TXN0003178,2024-08-21,17894.03,online,debit,8,2,0,0
C00034,36,Female,Islamabad,ISB-001,390,2,268269.45,204734.07,4,1,0,1,TXN0000253,2024-08-21,3742.78,grocery,credit,13,2,0,0
C00388,50,Male,Lahore,LHR-001,674,6,316740.07,264665.23,1,1,0,0,TXN0002698,2024-08-21,12938.0,online,transfer,11,2,0,0
C00454,69,Male,Karachi,KHI-001,765,5,379534.72,320645.68,2,1,1,0,TXN0003180,2024-08-22,569500.0,online,transfer,20,3,0,1
C00417,27,Male,Karachi,KHI-001,519,3,349378.57,500211.61,2,0,0,0,TXN0002911,2024-08-22,13049.63,travel,debit,17,3,0,0
C00173,65,Female,Islamabad,ISB-001,667,0,444292.94,369511.07,1,1,1,0,TXN0001222,2024-08-23,7024.11,grocery,debit,10,4,0,0
C00023,23,Female,Islamabad,ISB-001,725,2,296211.8,355140.16,4,1,0,0,TXN0000180,2024-08-23,4864.45,electronics,credit,12,4,0,0
C00483,42,Female,Islamabad,ISB-001,601,7,495123.44,307811.05,1,1,1,0,TXN0003377,2024-08-23,36006.45,restaurant,credit,16,4,0,0
C00155,44,Male,Islamabad,ISB-001,490,0,170509.59,377039.01,1,1,1,1,TXN0001104,2024-08-23,7683.67,grocery,debit,16,4,0,0
C00123,45,Female,Lahore,LHR-001,606,2,21770.18,85654.83,4,1,1,0,TXN0000874,2024-08-23,6317.88,travel,debit,22,4,0,0
C00220,53,Male,Peshawar,PEW-001,599,1,70476.72,231885.95,2,1,0,1,TXN0001513,2024-08-23,3181.72,atm,debit,17,4,0,0
C00396,57,Female,Islamabad,ISB-001,609,9,498186.21,398494.21,4,0,1,0,TXN0002761,2024-08-24,20241.63,electronics,transfer,13,5,1,0
C00025,54,Male,Karachi,KHI-001,438,2,228714.56,344210.37,1,0,0,0,TXN0000188,2024-08-24,206707.08,grocery,credit,20,5,1,1
C00433,56,Male,Multan,MUL-001,750,3,263023.85,524224.27,1,0,0,0,TXN0003029,2024-08-24,31726.55,healthcare,debit,17,5,1,0
C00074,35,Female,Lahore,LHR-001,673,2,117538.74,534218.75,3,0,1,0,TXN0000544,2024-08-25,15192.48,travel,credit,10,6,1,0
C00477,26,Male,Peshawar,PEW-001,703,3,386637.22,504426.15,1,1,0,0,TXN0003335,2024-08-25,16386.62,online,transfer,11,6,1,0
C00486,54,Female,Karachi,KHI-001,563,6,325548.95,84780.62,1,1,0,0,TXN0003395,2024-08-25,1390.43,electronics,transfer,21,6,1,0
C00126,65,Female,Islamabad,ISB-001,771,5,142405.65,274303.88,1,0,0,0,TXN0000895,2024-08-25,4354.64,grocery,credit,17,6,1,0
C00063,23,Male,Peshawar,PEW-001,498,6,245746.95,121716.36,2,0,1,0,TXN0000454,2024-08-25,23540.22,restaurant,debit,14,6,1,0
C00174,65,Female,Lahore,LHR-001,455,4,280577.18,375279.83,1,0,1,0,TXN0001227,2024-08-25,11845.28,grocery,credit,13,6,1,0
C00125,56,Male,Karachi,KHI-001,436,0,391345.38,163514.23,1,1,1,0,TXN0000891,2024-08-25,9862.43,restaurant,transfer,12,6,1,0
C00433,56,Male,Multan,MUL-001,750,3,263023.85,524224.27,1,1,0,0,TXN0003026,2024-08-26,3259.88,travel,transfer,21,0,0,0
C00475,51,Female,Multan,MUL-001,746,4,473912.45,117950.89,3,1,0,1,TXN0003317,2024-08-26,7432.99,restaurant,transfer,21,0,0,0
C00418,36,Male,Islamabad,ISB-001,473,9,29147.87,40692.54,2,0,0,0,TXN0002918,2024-08-26,11734.99,atm,debit,12,0,0,0
C00166,49,Female,Islamabad,ISB-001,702,2,278102.68,411067.92,3,1,0,0,TXN0001177,2024-08-26,10559.07,online,transfer,1,0,0,0
C00440,38,Male,Karachi,KHI-001,514,2,465394.72,231337.72,2,0,0,0,TXN0003074,2024-08-26,16080.78,restaurant,debit,10,0,0,0
C00078,29,Male,Lahore,LHR-001,565,2,456366.94,220373.03,1,0,1,0,TXN0000563,2024-08-26,6201.77,restaurant,debit,15,0,0,0
C00172,49,Male,Quetta,QTA-001,541,0,286874.54,45057.03,4,0,1,0,TXN0001216,2024-08-27,14359.78,grocery,debit,9,1,0,0
C00491,26,Male,Karachi,KHI-001,514,3,189057.6,530618.91,4,0,1,0,TXN0003428,2024-08-27,19730.78,restaurant,debit,19,1,0,0
C00493,55,Male,Islamabad,ISB-001,690,4,129991.83,516811.24,3,1,0,1,TXN0003439,2024-08-27,6724.51,online,debit,14,1,0,0
C00326,59,Female,Karachi,KHI-001,800,3,288351.74,487877.41,1,0,0,0,TXN0002274,2024-08-28,7902.7,online,withdrawal,8,2,0,0
C00251,54,Female,Lahore,LHR-001,681,0,419354.1,129200.97,2,0,0,1,TXN0001750,2024-08-28,2633.97,atm,debit,22,2,0,0
C00226,59,Male,Lahore,LHR-001,692,5,408451.94,450423.39,2,1,0,1,TXN0001562,2024-08-28,76325.28,online,credit,10,2,0,0
C00441,40,Male,Lahore,LHR-001,838,7,57387.88,253309.33,4,1,0,1,TXN0003087,2024-08-28,1848.22,electronics,credit,17,2,0,0
C00218,65,Male,Lahore,LHR-001,452,5,324301.81,182365.76,2,0,1,0,TXN0001499,2024-08-28,38044.64,online,transfer,8,2,0,0
C00094,66,Male,Islamabad,ISB-001,375,8,421017.62,390170.61,3,0,1,0,TXN0000687,2024-08-28,13200.91,grocery,transfer,10,2,0,0
C00302,23,Male,Karachi,KHI-001,476,4,296190.56,281282.77,3,0,1,0,TXN0002098,2024-08-28,3722.31,online,transfer,12,2,0,0
C00208,23,Male,Quetta,QTA-001,421,8,285059.43,97853.02,4,1,0,0,TXN0001445,2024-08-28,18427.57,restaurant,debit,18,2,0,0
C00060,57,Female,Islamabad,ISB-001,399,6,303959.15,548378.45,2,1,1,0,TXN0000427,2024-08-28,738178.12,online,credit,10,2,0,1
C00018,23,Female,Lahore,LHR-001,814,0,97270.47,445676.7,2,0,0,1,TXN0000134,2024-08-28,20543.43,restaurant,credit,8,2,0,0
C00460,60,Male,Islamabad,ISB-001,779,9,62342.71,443996.36,2,1,0,1,TXN0003215,2024-08-29,3402.22,grocery,debit,10,3,0,0
C00201,62,Female,Islamabad,ISB-001,395,4,388048.09,108863.65,3,0,0,1,TXN0001393,2024-08-29,550452.49,atm,debit,8,3,0,1
C00488,58,Female,Islamabad,ISB-001,501,1,194888.07,108339.63,1,1,1,0,TXN0003414,2024-08-29,671708.04,online,debit,12,3,0,1
C00068,39,Male,Multan,MUL-001,800,0,284926.63,157795.76,3,1,1,0,TXN0000495,2024-08-29,2690.21,grocery,credit,8,3,0,0
C00187,60,Female,Multan,MUL-001,656,9,369272.78,181415.56,3,0,1,0,TXN0001317,2024-08-30,133054.27,electronics,credit,3,4,0,1
C00032,49,Female,Peshawar,PEW-001,683,9,180904.41,50002.66,3,0,0,0,TXN0000240,2024-08-30,4647.95,travel,credit,11,4,0,0
C00466,47,Male,Lahore,LHR-001,708,3,14121.72,126123.04,4,0,1,0,TXN0003251,2024-08-30,7006.56,atm,transfer,16,4,0,0
C00260,44,Male,Karachi,KHI-001,454,1,244458.7,404286.52,1,1,1,0,TXN0001813,2024-08-30,45935.42,restaurant,debit,8,4,0,0
C00103,45,Male,Lahore,LHR-001,506,6,117560.83,62822.3,2,1,1,0,TXN0000733,2024-08-30,5256.06,electronics,debit,14,4,0,0
C00471,35,Male,Lahore,LHR-001,796,0,378080.92,362091.48,1,1,1,0,TXN0003289,2024-08-30,15140.28,restaurant,credit,9,4,0,0
C00431,51,Male,Karachi,KHI-001,475,5,432923.98,183946.47,3,0,1,0,TXN0003013,2024-08-31,3644.72,online,transfer,14,5,1,0
C00312,69,Female,Karachi,KHI-001,495,1,398694.21,385716.98,3,0,1,1,TXN0002168,2024-08-31,10390.6,atm,debit,21,5,1,0
C00449,22,Male,Karachi,KHI-001,692,3,410873.72,130587.96,3,1,0,0,TXN0003145,2024-08-31,8556.44,atm,debit,15,5,1,0
C00067,50,Female,Lahore,LHR-001,706,8,301229.14,310119.57,2,1,0,0,TXN0000485,2024-08-31,9127.73,atm,debit,8,5,1,0
C00409,23,Female,Karachi,KHI-001,748,7,426835.8,365066.0,2,1,0,0,TXN0002859,2024-08-31,26928.58,grocery,transfer,17,5,1,0
C00208,23,Male,Quetta,QTA-001,421,8,285059.43,97853.02,4,1,0,0,TXN0001446,2024-08-31,576612.34,atm,debit,14,5,1,1
C00063,23,Male,Peshawar,PEW-001,498,6,245746.95,121716.36,2,1,1,0,TXN0000455,2024-08-31,115982.49,electronics,credit,18,5,1,1
C00229,55,Female,Karachi,KHI-001,780,0,205597.8,449264.51,2,1,1,0,TXN0001578,2024-08-31,1484.43,healthcare,credit,15,5,1,0
C00134,68,Male,Lahore,LHR-001,611,2,269859.51,451796.17,2,1,1,0,TXN0000950,2024-08-31,15862.52,online,debit,18,5,1,0
C00327,66,Male,Islamabad,ISB-001,544,7,402968.6,143367.67,1,1,1,0,TXN0002286,2024-08-31,18371.53,online,debit,11,5,1,0
C00493,55,Male,Islamabad,ISB-001,690,4,129991.83,516811.24,3,1,0,1,TXN0003434,2024-08-31,7890.12,restaurant,credit,21,5,1,0
C00150,60,Male,Karachi,KHI-001,781,2,269555.67,300855.17,4,1,1,0,TXN0001069,2024-08-31,58818.55,grocery,transfer,20,5,1,0
C00097,28,Male,Karachi,KHI-001,755,9,121773.49,311263.13,4,0,1,0,TXN0000703,2024-08-31,12564.48,travel,credit,20,5,1,0
C00135,35,Male,Karachi,KHI-001,567,5,96309.12,469925.38,4,1,0,0,TXN0000966,2024-09-01,323308.31,electronics,debit,13,6,1,1
C00144,36,Female,Karachi,KHI-001,458,9,191974.34,484055.41,3,1,0,0,TXN0001032,2024-09-01,22898.1,online,credit,12,6,1,0
C00213,53,Male,Lahore,LHR-001,794,10,258666.54,424141.93,3,0,1,0,TXN0001474,2024-09-01,4820.05,travel,debit,12,6,1,0
C00338,26,Male,Karachi,KHI-001,662,4,96809.09,41447.05,3,0,0,0,TXN0002368,2024-09-01,678.97,electronics,transfer,12,6,1,0
C00304,37,Male,Lahore,LHR-001,758,9,280124.26,79916.95,2,1,0,0,TXN0002108,2024-09-02,12837.63,grocery,debit,18,0,0,0
C00235,54,Female,Islamabad,ISB-001,495,4,136916.7,588033.52,2,0,1,0,TXN0001634,2024-09-02,13637.03,grocery,credit,15,0,0,0
C00068,39,Male,Multan,MUL-001,800,0,284926.63,157795.76,3,1,1,0,TXN0000494,2024-09-02,5687.42,restaurant,transfer,8,0,0,0
C00149,53,Female,Karachi,KHI-001,640,0,266185.63,254954.41,1,0,0,0,TXN0001065,2024-09-02,4269.33,restaurant,credit,15,0,0,0
C00410,53,Male,Islamabad,ISB-001,594,7,22534.07,89709.74,1,1,1,0,TXN0002870,2024-09-02,42952.75,restaurant,debit,18,0,0,0
C00500,66,Male,Karachi,KHI-001,723,6,265876.93,147398.18,3,0,0,0,TXN0003490,2024-09-02,12236.21,travel,debit,11,0,0,0
C00395,28,Male,Multan,MUL-001,394,5,248137.24,79161.7,2,1,0,1,TXN0002751,2024-09-02,19095.66,restaurant,transfer,11,0,0,0
C00299,39,Male,Islamabad,ISB-001,562,9,30539.92,440674.91,4,1,1,0,TXN0002070,2024-09-02,6838.41,electronics,debit,9,0,0,0
C00009,44,Male,Islamabad,ISB-001,780,1,192718.15,57529.3,3,1,1,0,TXN0000055,2024-09-03,2946.84,grocery,credit,17,1,0,0
C00126,65,Female,Islamabad,ISB-001,771,5,142405.65,274303.88,1,1,0,0,TXN0000897,2024-09-03,13444.53,healthcare,transfer,20,1,0,0
C00156,60,Female,Islamabad,ISB-001,538,5,42374.17,394222.7,4,1,0,1,TXN0001114,2024-09-03,4906.34,healthcare,debit,13,1,0,0
C00229,55,Female,Karachi,KHI-001,780,0,205597.8,449264.51,2,0,1,0,TXN0001582,2024-09-03,3185.37,restaurant,transfer,8,1,0,0
C00020,65,Male,Quetta,QTA-001,614,9,318710.49,152201.12,3,0,0,0,TXN0000155,2024-09-03,48175.02,electronics,transfer,18,1,0,0
C00441,40,Male,Lahore,LHR-001,838,7,57387.88,253309.33,4,0,0,1,TXN0003085,2024-09-04,2432.85,atm,transfer,18,2,0,0
C00181,54,Male,Islamabad,ISB-001,386,9,472482.81,291315.44,4,1,1,0,TXN0001284,2024-09-04,570.76,electronics,debit,19,2,0,0
C00295,46,Male,Peshawar,PEW-001,650,5,490385.52,306949.47,3,1,1,0,TXN0002038,2024-09-04,6658.71,healthcare,debit,10,2,0,0
C00482,69,Female,Islamabad,ISB-001,448,1,426945.26,108186.67,3,1,1,0,TXN0003369,2024-09-04,1986.97,atm,debit,13,2,0,0
C00014,61,Male,Peshawar,PEW-001,786,10,414830.74,465652.68,3,1,0,0,TXN0000097,2024-09-04,2299.37,restaurant,debit,20,2,0,0
C00031,63,Female,Islamabad,ISB-001,792,9,290855.7,336998.46,1,1,0,1,TXN0000229,2024-09-04,4020.53,travel,transfer,15,2,0,0
C00116,30,Female,Islamabad,ISB-001,841,1,459635.09,64450.53,1,0,0,1,TXN0000817,2024-09-04,2520.2,grocery,credit,12,2,0,0
C00396,57,Female,Islamabad,ISB-001,609,9,498186.21,398494.21,4,1,1,0,TXN0002759,2024-09-05,11035.01,grocery,transfer,11,3,0,0
C00205,24,Female,Karachi,KHI-001,457,1,487400.9,165832.66,1,1,0,0,TXN0001413,2024-09-05,1665.75,restaurant,debit,9,3,0,0
C00388,50,Male,Lahore,LHR-001,674,6,316740.07,264665.23,1,1,0,0,TXN0002701,2024-09-05,28157.03,online,debit,15,3,0,0
C00202,33,Male,Karachi,KHI-001,394,3,184565.16,169433.31,4,1,1,1,TXN0001400,2024-09-05,25972.32,online,credit,19,3,0,0
C00102,29,Female,Islamabad,ISB-001,625,2,159164.91,309306.15,4,0,1,0,TXN0000732,2024-09-05,7679.83,online,withdrawal,19,3,0,0
C00066,25,Female,Karachi,KHI-001,625,2,11040.52,50285.88,2,0,1,1,TXN0000482,2024-09-06,7396.86,online,debit,11,4,0,0
C00277,62,Female,Lahore,LHR-001,803,6,43493.85,374031.87,2,0,1,0,TXN0001914,2024-09-06,6650.12,electronics,debit,15,4,0,0
C00019,45,Female,Islamabad,ISB-001,635,7,121667.41,457668.73,2,0,1,1,TXN0000143,2024-09-06,5486.27,travel,credit,12,4,0,0
C00397,66,Male,Lahore,LHR-001,503,8,449230.89,191842.56,3,0,1,0,TXN0002766,2024-09-06,13338.43,grocery,debit,18,4,0,0
C00412,43,Female,Lahore,LHR-001,775,2,466136.8,395577.63,1,1,1,0,TXN0002875,2024-09-06,5515.0,atm,transfer,17,4,0,0
C00273,26,Male,Lahore,LHR-001,388,4,353938.15,381505.81,1,0,0,0,TXN0001889,2024-09-07,843912.1,online,transfer,21,5,1,1
C00201,62,Female,Islamabad,ISB-001,395,4,388048.09,108863.65,3,0,0,1,TXN0001389,2024-09-07,2206.64,atm,transfer,9,5,1,0
C00233,69,Male,Karachi,KHI-001,689,2,74309.18,182971.65,3,1,0,1,TXN0001613,2024-09-07,149327.49,online,transfer,9,5,1,1
C00086,68,Female,Multan,MUL-001,681,2,396091.9,109563.18,1,0,1,0,TXN0000623,2024-09-07,20027.67,healthcare,withdrawal,20,5,1,0
C00303,56,Female,Islamabad,ISB-001,572,3,499679.98,542160.0,1,0,1,0,TXN0002103,2024-09-07,15753.64,restaurant,transfer,21,5,1,0
C00414,43,Male,Karachi,KHI-001,471,8,144288.53,135467.65,4,1,1,0,TXN0002889,2024-09-08,11397.01,atm,credit,21,6,1,0
C00313,41,Female,Quetta,QTA-001,769,5,373806.95,332927.45,4,1,0,1,TXN0002181,2024-09-08,859.98,atm,credit,14,6,1,0
C00359,42,Male,Karachi,KHI-001,551,10,296608.72,171731.93,2,1,1,0,TXN0002491,2024-09-08,4641.23,online,debit,20,6,1,0
C00016,24,Female,Multan,MUL-001,513,2,400770.88,214693.11,1,0,1,0,TXN0000115,2024-09-08,825732.19,online,debit,10,6,1,1
C00328,29,Female,Karachi,KHI-001,505,3,271508.74,205355.84,4,0,1,0,TXN0002291,2024-09-09,5557.19,online,credit,8,0,0,0
C00155,44,Male,Islamabad,ISB-001,490,0,170509.59,377039.01,1,0,1,1,TXN0001109,2024-09-09,209418.12,atm,debit,11,0,0,1
C00015,45,Male,Lahore,LHR-001,666,4,376498.45,287687.31,1,0,1,0,TXN0000104,2024-09-09,3475.92,grocery,debit,10,0,0,0
C00377,48,Female,Karachi,KHI-001,525,2,203782.22,445729.44,2,1,1,0,TXN0002613,2024-09-09,155264.05,online,credit,8,0,0,1
C00208,23,Male,Quetta,QTA-001,421,8,285059.43,97853.02,4,0,0,0,TXN0001440,2024-09-09,1688.73,online,debit,9,0,0,0
C00067,50,Female,Lahore,LHR-001,706,8,301229.14,310119.57,2,0,0,0,TXN0000484,2024-09-09,22240.13,travel,debit,18,0,0,0
C00336,68,Female,Lahore,LHR-001,397,2,495218.95,334839.55,3,0,0,0,TXN0002340,2024-09-09,3308.94,online,withdrawal,17,0,0,0
C00494,52,Female,Islamabad,ISB-001,357,8,5509.59,40186.2,3,0,1,0,TXN0003445,2024-09-10,3953.47,electronics,credit,10,1,0,0
C00227,45,Female,Multan,MUL-001,507,10,251554.92,130933.86,3,0,0,0,TXN0001571,2024-09-10,6473.63,restaurant,debit,11,1,0,0
C00048,47,Male,Lahore,LHR-001,532,9,377439.54,370547.81,1,1,1,0,TXN0000337,2024-09-11,3230.51,restaurant,transfer,19,2,0,0
C00136,24,Male,Lahore,LHR-001,632,6,153299.98,322713.13,4,0,1,0,TXN0000975,2024-09-11,9253.88,restaurant,transfer,16,2,0,0
C00242,57,Male,Islamabad,ISB-001,431,2,205168.84,103341.5,4,1,0,0,TXN0001684,2024-09-11,5448.09,grocery,debit,10,2,0,0
C00466,47,Male,Lahore,LHR-001,708,3,14121.72,126123.04,4,0,1,0,TXN0003256,2024-09-11,11309.08,grocery,transfer,18,2,0,0
C00014,61,Male,Peshawar,PEW-001,786,10,414830.74,465652.68,3,0,0,0,TXN0000095,2024-09-11,6665.82,restaurant,transfer,16,2,0,0
C00176,51,Male,Lahore,LHR-001,659,5,403630.91,172735.6,1,0,0,1,TXN0001242,2024-09-12,14220.39,travel,credit,19,3,0,0
C00262,51,Male,Islamabad,ISB-001,799,6,272222.18,558377.91,2,1,1,0,TXN0001818,2024-09-12,16066.23,grocery,transfer,11,3,0,0
C00070,65,Female,Lahore,LHR-001,766,3,301519.54,474450.65,2,0,1,1,TXN0000512,2024-09-12,883.41,electronics,debit,12,3,0,0
C00374,43,Female,Karachi,KHI-001,674,9,494646.53,418471.1,4,1,1,0,TXN0002595,2024-09-12,563.8,grocery,withdrawal,9,3,0,0
C00423,65,Female,Quetta,QTA-001,545,5,495780.29,107104.24,1,0,0,0,TXN0002962,2024-09-12,25040.35,atm,debit,22,3,0,0
C00326,59,Female,Karachi,KHI-001,800,3,288351.74,487877.41,1,0,0,0,TXN0002276,2024-09-12,1919.58,online,debit,17,3,0,0
C00336,68,Female,Lahore,LHR-001,397,2,495218.95,334839.55,3,0,0,0,TXN0002341,2024-09-12,799507.76,atm,credit,12,3,0,1
C00444,58,Female,Lahore,LHR-001,511,7,441410.38,325445.58,2,1,1,0,TXN0003110,2024-09-12,9822.51,grocery,credit,16,3,0,0
C00317,38,Female,Lahore,LHR-001,422,10,324050.59,365321.95,3,0,0,0,TXN0002210,2024-09-13,27359.17,grocery,transfer,21,4,0,0
C00412,43,Female,Lahore,LHR-001,775,2,466136.8,395577.63,1,0,1,0,TXN0002877,2024-09-13,12492.76,restaurant,credit,20,4,0,0
C00222,53,Female,Quetta,QTA-001,357,10,347154.82,110415.25,1,0,1,0,TXN0001527,2024-09-13,56341.83,atm,debit,16,4,0,0
C00019,45,Female,Islamabad,ISB-001,635,7,121667.41,457668.73,2,0,1,1,TXN0000144,2024-09-13,2671.07,restaurant,debit,14,4,0,0
C00434,61,Male,Lahore,LHR-001,458,10,434739.6,380752.39,4,1,1,0,TXN0003033,2024-09-13,24400.63,grocery,credit,10,4,0,0
C00142,48,Male,Karachi,KHI-001,790,2,236774.76,379465.68,2,1,1,0,TXN0001017,2024-09-14,5626.38,restaurant,debit,16,5,1,0
C00419,64,Female,Karachi,KHI-001,706,1,268638.25,208477.74,2,0,1,0,TXN0002930,2024-09-14,6009.35,atm,debit,20,5,1,0
C00431,51,Male,Karachi,KHI-001,475,5,432923.98,183946.47,3,0,1,0,TXN0003014,2024-09-14,4566.79,travel,debit,16,5,1,0
C00251,54,Female,Lahore,LHR-001,681,0,419354.1,129200.97,2,1,0,1,TXN0001751,2024-09-14,7387.8,travel,transfer,12,5,1,0
C00040,42,Female,Karachi,KHI-001,710,1,366621.82,375063.27,3,1,0,1,TXN0000289,2024-09-14,36515.99,atm,withdrawal,8,5,1,0
C00310,35,Male,Peshawar,PEW-001,787,7,62064.6,148952.66,1,1,1,0,TXN0002151,2024-09-14,1738.94,travel,credit,12,5,1,0
C00277,62,Female,Lahore,LHR-001,803,6,43493.85,374031.87,2,0,1,0,TXN0001918,2024-09-14,447555.85,atm,withdrawal,11,5,1,1
C00425,26,Male,Quetta,QTA-001,550,8,442038.6,51214.76,1,0,0,0,TXN0002974,2024-09-14,549346.27,atm,credit,9,5,1,1
C00105,38,Male,Islamabad,ISB-001,481,10,192756.32,285620.04,4,1,0,0,TXN0000748,2024-09-15,1115.97,grocery,credit,18,6,1,0
C00017,43,Male,Karachi,KHI-001,773,0,413440.67,219615.93,4,0,1,0,TXN0000128,2024-09-15,3284.05,grocery,debit,18,6,1,0
C00174,65,Female,Lahore,LHR-001,455,4,280577.18,375279.83,1,0,1,0,TXN0001232,2024-09-15,38202.1,healthcare,transfer,16,6,1,0
C00293,56,Female,Lahore,LHR-001,670,3,363431.15,334909.33,2,0,1,0,TXN0002023,2024-09-16,5680.38,electronics,transfer,14,0,0,0
C00072,31,Female,Multan,MUL-001,794,5,479742.02,80553.11,2,0,1,0,TXN0000531,2024-09-16,52028.12,electronics,debit,14,0,0,0
C00462,43,Female,Multan,MUL-001,841,4,9490.84,158710.19,3,1,0,1,TXN0003230,2024-09-17,2226.32,grocery,credit,14,1,0,0
C00023,23,Female,Islamabad,ISB-001,725,2,296211.8,355140.16,4,1,0,0,TXN0000177,2024-09-17,7825.28,online,transfer,17,1,0,0
C00119,55,Male,Islamabad,ISB-001,511,1,456810.98,405827.29,1,0,0,1,TXN0000832,2024-09-17,694693.12,online,transfer,3,1,0,1
C00151,53,Female,Karachi,KHI-001,586,8,243138.53,508158.92,3,1,0,0,TXN0001075,2024-09-17,13168.7,online,debit,21,1,0,0
C00287,32,Male,Islamabad,ISB-001,607,1,263043.83,572827.99,2,0,0,1,TXN0001987,2024-09-17,991.25,restaurant,credit,20,1,0,0
C00416,63,Female,Quetta,QTA-001,386,5,7515.66,276705.9,1,1,1,0,TXN0002904,2024-09-17,15771.29,grocery,withdrawal,8,1,0,0
C00406,36,Male,Peshawar,PEW-001,611,3,140114.89,597469.07,4,0,0,0,TXN0002834,2024-09-18,33951.32,atm,transfer,21,2,0,0
C00098,30,Male,Multan,MUL-001,581,9,86932.65,410059.27,3,1,1,0,TXN0000708,2024-09-18,16700.93,travel,credit,20,2,0,0
C00306,57,Male,Peshawar,PEW-001,757,0,159863.15,406628.13,1,1,1,0,TXN0002122,2024-09-18,14298.84,online,transfer,0,2,0,0
C00150,60,Male,Karachi,KHI-001,781,2,269555.67,300855.17,4,1,1,0,TXN0001068,2024-09-18,4873.21,restaurant,debit,18,2,0,0
C00432,68,Female,Karachi,KHI-001,849,6,368285.41,481225.11,4,0,0,0,TXN0003020,2024-09-18,303203.29,healthcare,credit,1,2,0,1
C00291,61,Male,Karachi,KHI-001,768,2,321279.95,100994.27,2,1,0,1,TXN0002011,2024-09-19,10581.82,grocery,debit,20,3,0,0
C00129,48,Male,Karachi,KHI-001,502,6,260010.97,137548.27,4,1,0,0,TXN0000920,2024-09-19,10455.95,grocery,transfer,19,3,0,0
C00286,45,Male,Karachi,KHI-001,645,5,346827.32,343723.65,1,0,0,1,TXN0001985,2024-09-19,1254.92,online,transfer,20,3,0,0
C00171,49,Male,Lahore,LHR-001,782,8,172939.27,520472.3,3,0,1,0,TXN0001201,2024-09-19,8324.61,travel,debit,10,3,0,0
C00420,58,Female,Islamabad,ISB-001,384,10,481250.38,589492.37,4,0,0,1,TXN0002940,2024-09-19,369097.77,restaurant,withdrawal,0,3,0,1
C00408,55,Male,Karachi,KHI-001,474,1,26966.45,226798.95,3,1,1,0,TXN0002847,2024-09-19,6611.96,atm,transfer,13,3,0,0
C00056,68,Male,Lahore,LHR-001,384,1,55943.44,444257.07,1,1,1,1,TXN0000395,2024-09-19,17025.66,atm,withdrawal,14,3,0,0
C00419,64,Female,Karachi,KHI-001,706,1,268638.25,208477.74,2,1,1,0,TXN0002932,2024-09-19,4349.56,online,debit,18,3,0,0
C00239,50,Male,Lahore,LHR-001,510,4,249665.56,505291.23,4,0,0,0,TXN0001659,2024-09-20,2355.99,grocery,debit,18,4,0,0
C00278,56,Male,Lahore,LHR-001,504,4,6158.0,345584.66,3,1,1,0,TXN0001925,2024-09-20,121455.68,healthcare,transfer,1,4,0,1
C00327,66,Male,Islamabad,ISB-001,544,7,402968.6,143367.67,1,1,1,0,TXN0002280,2024-09-21,17623.75,electronics,transfer,3,5,1,0
C00322,43,Female,Quetta,QTA-001,537,6,443074.19,500977.45,1,1,0,1,TXN0002247,2024-09-21,4791.95,online,credit,3,5,1,0
C00325,59,Male,Multan,MUL-001,637,7,205220.3,521272.84,1,0,1,1,TXN0002265,2024-09-21,14222.75,grocery,transfer,16,5,1,0
C00488,58,Female,Islamabad,ISB-001,501,1,194888.07,108339.63,1,1,1,0,TXN0003409,2024-09-21,3161.41,grocery,debit,8,5,1,0
C00348,67,Male,Karachi,KHI-001,770,9,139485.05,351716.75,1,0,0,0,TXN0002423,2024-09-21,5841.65,restaurant,transfer,21,5,1,0
C00313,41,Female,Quetta,QTA-001,769,5,373806.95,332927.45,4,0,0,1,TXN0002187,2024-09-22,13656.86,grocery,debit,17,6,1,0
C00365,46,Male,Quetta,QTA-001,844,0,66596.59,168937.85,2,0,1,0,TXN0002534,2024-09-22,1049.41,electronics,credit,20,6,1,0
C00084,66,Female,Karachi,KHI-001,780,4,55595.27,415415.86,2,0,1,0,TXN0000605,2024-09-22,10524.72,grocery,credit,21,6,1,0
C00484,60,Male,Lahore,LHR-001,687,9,339645.87,323420.23,4,0,1,1,TXN0003381,2024-09-22,12231.82,travel,debit,21,6,1,0
C00343,38,Female,Islamabad,ISB-001,757,4,31078.5,402099.31,4,0,1,0,TXN0002392,2024-09-22,17601.74,grocery,debit,20,6,1,0
C00415,43,Male,Karachi,KHI-001,474,4,130061.3,269307.6,3,0,1,0,TXN0002892,2024-09-22,8503.39,atm,transfer,18,6,1,0
C00275,53,Female,Islamabad,ISB-001,608,8,232542.35,253035.03,2,1,1,1,TXN0001907,2024-09-23,26009.43,travel,debit,21,0,0,0
C00466,47,Male,Lahore,LHR-001,708,3,14121.72,126123.04,4,1,1,0,TXN0003254,2024-09-23,4034.33,online,withdrawal,13,0,0,0
C00059,38,Male,Islamabad,ISB-001,843,7,231215.11,573483.24,1,1,1,0,TXN0000422,2024-09-23,16665.71,grocery,transfer,19,0,0,0
C00021,51,Male,Karachi,KHI-001,669,10,454393.73,526148.78,3,1,0,1,TXN0000159,2024-09-23,4610.63,online,transfer,15,0,0,0
C00448,33,Female,Islamabad,ISB-001,728,10,7546.86,529068.53,4,1,0,1,TXN0003137,2024-09-23,18832.4,restaurant,credit,8,0,0,0
C00090,66,Male,Multan,MUL-001,396,4,190345.51,383248.74,3,0,1,0,TXN0000660,2024-09-23,7133.93,online,debit,16,0,0,0
C00190,48,Female,Karachi,KHI-001,532,7,438839.82,379101.37,3,1,0,0,TXN0001328,2024-09-23,25340.53,restaurant,debit,12,0,0,0
C00310,35,Male,Peshawar,PEW-001,787,7,62064.6,148952.66,1,0,1,0,TXN0002153,2024-09-24,3048.31,atm,withdrawal,10,1,0,0
C00231,43,Male,Islamabad,ISB-001,526,1,361500.28,171354.32,4,1,1,0,TXN0001601,2024-09-24,1585.78,restaurant,transfer,14,1,0,0
C00498,22,Female,Islamabad,ISB-001,450,7,55585.84,256418.07,2,1,1,1,TXN0003473,2024-09-25,11134.05,travel,debit,19,2,0,0
C00181,54,Male,Islamabad,ISB-001,386,9,472482.81,291315.44,4,0,1,0,TXN0001279,2024-09-25,37688.58,restaurant,debit,12,2,0,0
C00333,51,Female,Islamabad,ISB-001,372,10,438949.36,88741.82,3,1,0,0,TXN0002328,2024-09-25,10255.18,online,transfer,15,2,0,0
C00046,35,Female,Lahore,LHR-001,476,8,288709.67,404850.9,2,1,0,0,TXN0000323,2024-09-25,714.47,atm,transfer,19,2,0,0
C00446,44,Female,Islamabad,ISB-001,691,1,235407.65,196633.98,3,0,1,0,TXN0003128,2024-09-25,9468.54,online,debit,14,2,0,0
C00137,22,Male,Islamabad,ISB-001,485,10,158418.78,344248.29,4,0,0,0,TXN0000977,2024-09-26,39202.45,travel,credit,9,3,0,0
C00115,28,Female,Islamabad,ISB-001,691,8,243014.3,282846.99,2,1,1,0,TXN0000809,2024-09-26,3177.86,travel,withdrawal,12,3,0,0
C00063,23,Male,Peshawar,PEW-001,498,6,245746.95,121716.36,2,0,1,0,TXN0000453,2024-09-26,516185.04,atm,withdrawal,9,3,0,1
C00389,63,Male,Peshawar,PEW-001,763,4,112080.39,245495.4,4,0,0,0,TXN0002702,2024-09-26,1300.7,atm,debit,18,3,0,0
C00182,22,Male,Karachi,KHI-001,654,7,74835.52,414858.62,3,1,1,0,TXN0001289,2024-09-26,920.11,grocery,withdrawal,19,3,0,0
C00260,44,Male,Karachi,KHI-001,454,1,244458.7,404286.52,1,1,1,0,TXN0001811,2024-09-27,19189.15,electronics,credit,13,4,0,0
C00452,55,Female,Islamabad,ISB-001,391,0,5554.46,357282.2,2,1,0,1,TXN0003167,2024-09-27,7180.85,restaurant,debit,8,4,0,0
C00275,53,Female,Islamabad,ISB-001,608,8,232542.35,253035.03,2,1,1,1,TXN0001902,2024-09-27,15175.66,electronics,credit,18,4,0,0
C00119,55,Male,Islamabad,ISB-001,511,1,456810.98,405827.29,1,0,0,1,TXN0000835,2024-09-27,558417.22,atm,debit,21,4,0,1
C00382,61,Male,Lahore,LHR-001,670,1,28237.95,228847.19,1,0,1,1,TXN0002652,2024-09-27,11973.33,online,transfer,21,4,0,0
C00486,54,Female,Karachi,KHI-001,563,6,325548.95,84780.62,1,1,0,0,TXN0003394,2024-09-27,4678.3,grocery,credit,19,4,0,0
C00152,25,Female,Karachi,KHI-001,689,0,251020.91,172043.57,4,1,1,0,TXN0001087,2024-09-28,4619.41,atm,withdrawal,17,5,1,0
C00085,39,Male,Islamabad,ISB-001,773,4,459781.51,572867.99,1,1,0,1,TXN0000619,2024-09-28,39585.06,online,debit,23,5,1,0
C00271,69,Male,Lahore,LHR-001,550,0,179012.38,223893.49,1,0,0,0,TXN0001875,2024-09-29,9462.19,restaurant,debit,9,6,1,0
C00206,58,Male,Karachi,KHI-001,368,2,390980.59,140805.84,3,1,1,0,TXN0001421,2024-09-29,23902.79,grocery,credit,18,6,1,0
C00398,41,Female,Karachi,KHI-001,504,0,234373.47,371974.72,1,1,1,0,TXN0002776,2024-09-30,22409.86,travel,credit,12,0,0,0
C00400,29,Male,Islamabad,ISB-001,712,8,375196.44,169264.35,4,1,0,1,TXN0002784,2024-09-30,13834.35,electronics,credit,15,0,0,0
C00208,23,Male,Quetta,QTA-001,421,8,285059.43,97853.02,4,0,0,0,TXN0001443,2024-09-30,1703.98,grocery,transfer,15,0,0,0
C00428,27,Male,Peshawar,PEW-001,426,5,287802.88,176447.76,4,1,0,0,TXN0002996,2024-09-30,816982.57,online,debit,9,0,0,1
C00131,22,Female,Karachi,KHI-001,750,3,232199.55,272908.13,1,1,0,1,TXN0000931,2024-09-30,5722.63,healthcare,credit,14,0,0,0
C00018,23,Female,Lahore,LHR-001,814,0,97270.47,445676.7,2,0,0,1,TXN0000131,2024-10-01,17616.58,restaurant,debit,11,1,0,0
C00484,60,Male,Lahore,LHR-001,687,9,339645.87,323420.23,4,0,1,1,TXN0003379,2024-10-01,567925.3,atm,transfer,21,1,0,1
C00380,47,Male,Karachi,KHI-001,553,6,416168.05,498475.95,2,1,1,0,TXN0002632,2024-10-01,3931.34,online,debit,9,1,0,0
C00322,43,Female,Quetta,QTA-001,537,6,443074.19,500977.45,1,1,0,1,TXN0002245,2024-10-02,11529.42,online,transfer,8,2,0,0
C00015,45,Male,Lahore,LHR-001,666,4,376498.45,287687.31,1,1,1,0,TXN0000109,2024-10-02,54445.61,grocery,transfer,13,2,0,0
C00452,55,Female,Islamabad,ISB-001,391,0,5554.46,357282.2,2,0,0,1,TXN0003165,2024-10-03,860960.95,restaurant,debit,10,3,0,1
C00254,39,Male,Karachi,KHI-001,492,0,362158.77,525205.65,1,0,0,1,TXN0001779,2024-10-03,5413.02,grocery,withdrawal,11,3,0,0
C00496,40,Female,Islamabad,ISB-001,354,8,236927.01,377429.77,2,1,0,0,TXN0003453,2024-10-03,8149.8,grocery,transfer,10,3,0,0
C00092,50,Female,Karachi,KHI-001,710,4,43273.93,563713.02,4,0,0,0,TXN0000674,2024-10-03,11008.18,travel,credit,18,3,0,0
C00440,38,Male,Karachi,KHI-001,514,2,465394.72,231337.72,2,0,0,0,TXN0003081,2024-10-03,4196.88,atm,credit,15,3,0,0
C00479,37,Male,Islamabad,ISB-001,833,2,239419.07,573566.62,4,1,0,0,TXN0003347,2024-10-03,3621.21,electronics,debit,16,3,0,0
C00279,40,Female,Quetta,QTA-001,466,4,484011.2,288874.89,3,1,1,0,TXN0001939,2024-10-03,26922.69,grocery,debit,20,3,0,0
C00213,53,Male,Lahore,LHR-001,794,10,258666.54,424141.93,3,0,1,0,TXN0001479,2024-10-03,3892.13,online,debit,14,3,0,0
C00089,46,Male,Karachi,KHI-001,523,10,386767.1,385298.57,1,0,1,0,TXN0000651,2024-10-04,39436.77,grocery,transfer,13,4,0,0
C00472,49,Female,Lahore,LHR-001,629,0,395459.46,308438.49,3,0,0,0,TXN0003301,2024-10-04,5847.23,travel,transfer,17,4,0,0
C00353,45,Female,Peshawar,PEW-001,670,8,367474.54,415997.81,4,0,0,0,TXN0002452,2024-10-04,39889.95,online,withdrawal,13,4,0,0
C00215,22,Male,Lahore,LHR-001,766,6,350928.7,220953.17,3,1,1,0,TXN0001485,2024-10-04,1014.27,atm,debit,9,4,0,0
C00235,54,Female,Islamabad,ISB-001,495,4,136916.7,588033.52,2,0,1,0,TXN0001641,2024-10-04,2854.11,online,credit,12,4,0,0
C00061,61,Female,Karachi,KHI-001,818,4,253632.73,445599.77,3,1,0,1,TXN0000437,2024-10-04,2769.97,atm,debit,21,4,0,0
C00298,50,Male,Islamabad,ISB-001,706,6,348121.73,458250.4,3,1,1,0,TXN0002060,2024-10-05,1846.54,electronics,debit,11,5,1,0
C00498,22,Female,Islamabad,ISB-001,450,7,55585.84,256418.07,2,0,1,1,TXN0003478,2024-10-05,4382.23,electronics,transfer,19,5,1,0
C00131,22,Female,Karachi,KHI-001,750,3,232199.55,272908.13,1,1,0,1,TXN0000929,2024-10-05,1367.71,travel,transfer,20,5,1,0
C00048,47,Male,Lahore,LHR-001,532,9,377439.54,370547.81,1,0,1,0,TXN0000342,2024-10-05,37560.17,online,transfer,19,5,1,0
C00224,32,Male,Lahore,LHR-001,696,9,412179.02,120383.72,2,0,1,0,TXN0001545,2024-10-06,1364.23,online,credit,19,6,1,0
C00404,33,Male,Islamabad,ISB-001,400,8,231428.89,251946.8,4,1,0,0,TXN0002816,2024-10-06,1561.38,restaurant,credit,9,6,1,0
C00379,23,Female,Lahore,LHR-001,789,2,119131.75,231010.41,2,1,1,0,TXN0002626,2024-10-06,3799.15,online,debit,20,6,1,0
C00228,26,Male,Quetta,QTA-001,842,10,38251.82,145475.49,2,1,0,0,TXN0001575,2024-10-07,8536.82,online,debit,19,0,0,0
C00067,50,Female,Lahore,LHR-001,706,8,301229.14,310119.57,2,0,0,0,TXN0000488,2024-10-07,3370.16,atm,debit,13,0,0,0
C00280,69,Female,Islamabad,ISB-001,351,1,7600.64,48213.55,1,0,1,0,TXN0001941,2024-10-07,879.9,restaurant,debit,14,0,0,0
C00244,47,Male,Islamabad,ISB-001,496,6,213907.85,554459.57,4,1,1,0,TXN0001708,2024-10-07,7978.7,electronics,transfer,21,0,0,0
C00174,65,Female,Lahore,LHR-001,455,4,280577.18,375279.83,1,0,1,0,TXN0001233,2024-10-07,9496.98,electronics,credit,21,0,0,0
C00023,23,Female,Islamabad,ISB-001,725,2,296211.8,355140.16,4,1,0,0,TXN0000175,2024-10-07,4480.67,electronics,transfer,8,0,0,0
C00398,41,Female,Karachi,KHI-001,504,0,234373.47,371974.72,1,1,1,0,TXN0002774,2024-10-08,7198.67,travel,debit,18,1,0,0
C00275,53,Female,Islamabad,ISB-001,608,8,232542.35,253035.03,2,1,1,1,TXN0001903,2024-10-08,18346.82,grocery,transfer,11,1,0,0
C00175,41,Male,Karachi,KHI-001,712,5,361802.48,262129.47,4,0,1,0,TXN0001240,2024-10-09,825060.8,grocery,transfer,22,2,0,1
C00466,47,Male,Lahore,LHR-001,708,3,14121.72,126123.04,4,0,1,0,TXN0003253,2024-10-09,29106.14,restaurant,debit,19,2,0,0
C00062,25,Female,Lahore,LHR-001,604,0,272231.02,459530.52,2,1,0,0,TXN0000447,2024-10-09,6025.73,atm,withdrawal,12,2,0,0
C00336,68,Female,Lahore,LHR-001,397,2,495218.95,334839.55,3,1,0,0,TXN0002350,2024-10-09,24144.48,grocery,credit,14,2,0,0
C00242,57,Male,Islamabad,ISB-001,431,2,205168.84,103341.5,4,0,0,0,TXN0001690,2024-10-09,2478.02,grocery,withdrawal,10,2,0,0
C00347,50,Male,Lahore,LHR-001,505,8,292474.82,471169.03,4,1,1,0,TXN0002412,2024-10-09,2436.24,restaurant,debit,13,2,0,0
C00184,34,Male,Lahore,LHR-001,366,7,165375.08,291682.95,3,1,1,0,TXN0001298,2024-10-09,5623.78,electronics,transfer,16,2,0,0
C00454,69,Male,Karachi,KHI-001,765,5,379534.72,320645.68,2,0,1,0,TXN0003182,2024-10-10,4124.48,electronics,credit,11,3,0,0
C00213,53,Male,Lahore,LHR-001,794,10,258666.54,424141.93,3,0,1,0,TXN0001478,2024-10-10,13210.09,grocery,transfer,8,3,0,0
C00360,53,Male,Islamabad,ISB-001,793,0,142246.49,526785.39,3,1,1,0,TXN0002501,2024-10-10,14416.95,electronics,debit,14,3,0,0
C00427,25,Male,Peshawar,PEW-001,634,4,453724.29,470415.89,3,1,1,0,TXN0002986,2024-10-10,1625.15,electronics,debit,19,3,0,0
C00498,22,Female,Islamabad,ISB-001,450,7,55585.84,256418.07,2,1,1,1,TXN0003469,2024-10-11,18472.17,restaurant,debit,20,4,0,0
C00003,36,Female,Peshawar,PEW-001,422,6,426110.09,510370.41,2,1,1,0,TXN0000020,2024-10-11,22477.51,grocery,debit,20,4,0,0
C00390,47,Male,Islamabad,ISB-001,725,9,261538.88,232393.87,3,0,0,0,TXN0002713,2024-10-11,5332.73,restaurant,transfer,12,4,0,0
C00382,61,Male,Lahore,LHR-001,670,1,28237.95,228847.19,1,0,1,1,TXN0002647,2024-10-11,5186.74,atm,transfer,8,4,0,0
C00369,61,Female,Islamabad,ISB-001,744,5,296334.34,393928.67,2,0,1,0,TXN0002560,2024-10-11,4483.76,travel,transfer,9,4,0,0
C00295,46,Male,Peshawar,PEW-001,650,5,490385.52,306949.47,3,1,1,0,TXN0002040,2024-10-11,41081.01,restaurant,debit,18,4,0,0
C00239,50,Male,Lahore,LHR-001,510,4,249665.56,505291.23,4,1,0,0,TXN0001669,2024-10-11,856.78,grocery,debit,11,4,0,0
C00161,57,Female,Peshawar,PEW-001,539,5,401371.14,284812.62,4,0,0,0,TXN0001140,2024-10-11,12731.34,travel,transfer,17,4,0,0
C00500,66,Male,Karachi,KHI-001,723,6,265876.93,147398.18,3,0,0,0,TXN0003493,2024-10-11,37582.84,grocery,transfer,9,4,0,0
C00136,24,Male,Lahore,LHR-001,632,6,153299.98,322713.13,4,0,1,0,TXN0000971,2024-10-12,2316.82,restaurant,debit,17,5,1,0
C00197,36,Male,Quetta,QTA-001,496,5,184714.31,352558.54,4,0,1,0,TXN0001368,2024-10-12,7275.89,online,credit,0,5,1,0
C00496,40,Female,Islamabad,ISB-001,354,8,236927.01,377429.77,2,1,0,0,TXN0003455,2024-10-12,5950.53,online,credit,16,5,1,0
C00121,69,Female,Lahore,LHR-001,788,4,290927.82,343788.04,4,1,1,0,TXN0000854,2024-10-12,609690.7,grocery,transfer,20,5,1,1
C00176,51,Male,Lahore,LHR-001,659,5,403630.91,172735.6,1,1,0,1,TXN0001248,2024-10-13,228114.28,online,withdrawal,16,6,1,1
C00079,35,Male,Lahore,LHR-001,829,8,73862.52,587381.18,2,1,1,0,TXN0000571,2024-10-13,805081.04,healthcare,transfer,10,6,1,1
C00281,37,Male,Lahore,LHR-001,442,10,56031.4,368754.56,4,0,1,0,TXN0001956,2024-10-13,19458.28,restaurant,transfer,15,6,1,0
C00318,54,Male,Peshawar,PEW-001,786,10,326832.84,90190.75,3,1,1,0,TXN0002216,2024-10-13,20562.43,atm,debit,18,6,1,0
C00120,54,Female,Karachi,KHI-001,696,4,127872.09,226096.19,1,0,1,0,TXN0000844,2024-10-13,8281.06,restaurant,credit,10,6,1,0
C00078,29,Male,Lahore,LHR-001,565,2,456366.94,220373.03,1,1,1,0,TXN0000562,2024-10-14,16904.72,electronics,credit,10,0,0,0
C00242,57,Male,Islamabad,ISB-001,431,2,205168.84,103341.5,4,0,0,0,TXN0001689,2024-10-14,2562.87,grocery,transfer,15,0,0,0
C00365,46,Male,Quetta,QTA-001,844,0,66596.59,168937.85,2,1,1,0,TXN0002535,2024-10-14,2825.07,restaurant,withdrawal,15,0,0,0
C00196,45,Male,Lahore,LHR-001,843,10,413428.13,523961.06,4,0,1,0,TXN0001364,2024-10-15,26960.91,grocery,credit,23,1,0,0
C00025,54,Male,Karachi,KHI-001,438,2,228714.56,344210.37,1,0,0,0,TXN0000195,2024-10-15,10810.11,atm,credit,0,1,0,0
C00142,48,Male,Karachi,KHI-001,790,2,236774.76,379465.68,2,1,1,0,TXN0001013,2024-10-15,17580.8,online,transfer,21,1,0,0
C00433,56,Male,Multan,MUL-001,750,3,263023.85,524224.27,1,1,0,0,TXN0003024,2024-10-15,3675.92,electronics,debit,13,1,0,0
C00473,26,Male,Karachi,KHI-001,474,9,91007.97,215687.51,1,0,0,1,TXN0003306,2024-10-15,11509.47,travel,transfer,19,1,0,0
C00349,27,Male,Peshawar,PEW-001,356,1,202152.26,183161.2,4,1,0,0,TXN0002431,2024-10-15,16468.81,electronics,credit,11,1,0,0
C00496,40,Female,Islamabad,ISB-001,354,8,236927.01,377429.77,2,0,0,0,TXN0003458,2024-10-15,6597.0,atm,credit,21,1,0,0
C00403,35,Female,Karachi,KHI-001,583,2,430762.77,69309.77,4,0,1,0,TXN0002804,2024-10-15,22213.34,grocery,transfer,15,1,0,0
C00389,63,Male,Peshawar,PEW-001,763,4,112080.39,245495.4,4,1,0,0,TXN0002708,2024-10-16,875.17,grocery,credit,12,2,0,0
C00498,22,Female,Islamabad,ISB-001,450,7,55585.84,256418.07,2,0,1,1,TXN0003468,2024-10-16,19425.56,electronics,debit,21,2,0,0
C00086,68,Female,Multan,MUL-001,681,2,396091.9,109563.18,1,0,1,0,TXN0000622,2024-10-16,12854.63,travel,withdrawal,10,2,0,0
C00308,25,Male,Lahore,LHR-001,633,0,366856.72,150406.31,2,1,1,0,TXN0002136,2024-10-16,25636.29,grocery,debit,14,2,0,0
C00446,44,Female,Islamabad,ISB-001,691,1,235407.65,196633.98,3,1,1,0,TXN0003125,2024-10-17,2400.9,electronics,debit,8,3,0,0
C00433,56,Male,Multan,MUL-001,750,3,263023.85,524224.27,1,1,0,0,TXN0003027,2024-10-17,13827.17,restaurant,transfer,11,3,0,0
C00302,23,Male,Karachi,KHI-001,476,4,296190.56,281282.77,3,1,1,0,TXN0002095,2024-10-17,4321.39,healthcare,transfer,13,3,0,0
C00117,29,Male,Lahore,LHR-001,543,10,295598.77,130536.62,2,0,1,0,TXN0000828,2024-10-17,25405.9,grocery,credit,14,3,0,0
C00272,33,Male,Lahore,LHR-001,726,5,209332.81,392916.9,4,0,0,0,TXN0001887,2024-10-18,11782.28,restaurant,transfer,9,4,0,0
C00383,54,Male,Quetta,QTA-001,380,9,195124.85,547093.88,2,0,0,0,TXN0002661,2024-10-18,13206.22,grocery,credit,17,4,0,0
C00490,31,Female,Islamabad,ISB-001,624,1,411648.91,564411.54,4,1,0,1,TXN0003423,2024-10-18,15051.6,atm,debit,10,4,0,0
C00459,37,Female,Quetta,QTA-001,690,7,282122.93,338189.47,2,1,0,0,TXN0003212,2024-10-18,26715.37,grocery,debit,8,4,0,0
C00029,46,Female,Karachi,KHI-001,576,7,272191.63,126048.5,4,0,1,0,TXN0000220,2024-10-18,15369.05,restaurant,credit,12,4,0,0
C00337,54,Female,Lahore,LHR-001,509,2,5117.57,102890.43,4,0,0,0,TXN0002361,2024-10-18,5040.4,travel,debit,12,4,0,0
C00282,24,Female,Karachi,KHI-001,515,2,160725.3,134328.86,1,0,1,0,TXN0001957,2024-10-19,773688.8,restaurant,transfer,11,5,1,1
C00453,53,Female,Peshawar,PEW-001,703,7,280309.96,258983.95,3,0,0,0,TXN0003176,2024-10-19,767078.04,grocery,transfer,18,5,1,1
C00351,62,Female,Lahore,LHR-001,770,9,171503.38,449896.52,3,1,1,0,TXN0002441,2024-10-19,7128.51,travel,transfer,19,5,1,0
C00113,62,Male,Karachi,KHI-001,778,7,461865.31,456796.28,1,1,0,1,TXN0000795,2024-10-19,3404.93,online,transfer,10,5,1,0
C00145,36,Male,Karachi,KHI-001,590,3,419099.58,406805.23,2,1,0,0,TXN0001037,2024-10-19,8444.74,online,debit,13,5,1,0
C00253,60,Female,Karachi,KHI-001,592,8,458179.27,218142.47,1,0,0,0,TXN0001771,2024-10-19,9962.01,restaurant,withdrawal,13,5,1,0
C00276,30,Female,Karachi,KHI-001,433,0,42587.04,347159.84,4,1,1,0,TXN0001908,2024-10-19,9164.38,travel,debit,17,5,1,0
C00357,56,Female,Peshawar,PEW-001,624,5,427146.8,277409.1,4,1,1,0,TXN0002482,2024-10-19,614305.94,atm,credit,18,5,1,1
C00300,67,Female,Islamabad,ISB-001,411,2,336609.14,331891.11,2,1,0,1,TXN0002080,2024-10-20,23783.45,grocery,transfer,15,6,1,0
C00169,66,Female,Lahore,LHR-001,690,8,255226.4,214802.91,3,1,0,1,TXN0001193,2024-10-20,2183.06,restaurant,debit,11,6,1,0
C00121,69,Female,Lahore,LHR-001,788,4,290927.82,343788.04,4,1,1,0,TXN0000859,2024-10-20,9277.87,atm,transfer,11,6,1,0
C00040,42,Female,Karachi,KHI-001,710,1,366621.82,375063.27,3,0,0,1,TXN0000287,2024-10-21,25327.06,online,debit,8,0,0,0
C00251,54,Female,Lahore,LHR-001,681,0,419354.1,129200.97,2,1,0,1,TXN0001756,2024-10-21,4663.08,grocery,credit,13,0,0,0
C00381,38,Female,Karachi,KHI-001,835,10,64567.69,377802.87,4,0,1,0,TXN0002639,2024-10-21,409007.93,atm,debit,10,0,0,1
C00149,53,Female,Karachi,KHI-001,640,0,266185.63,254954.41,1,1,0,0,TXN0001061,2024-10-21,32207.83,atm,debit,12,0,0,0
C00224,32,Male,Lahore,LHR-001,696,9,412179.02,120383.72,2,0,1,0,TXN0001546,2024-10-21,1893.87,restaurant,credit,23,0,0,0
C00125,56,Male,Karachi,KHI-001,436,0,391345.38,163514.23,1,1,1,0,TXN0000889,2024-10-22,9135.6,healthcare,credit,19,1,0,0
C00015,45,Male,Lahore,LHR-001,666,4,376498.45,287687.31,1,0,1,0,TXN0000112,2024-10-22,1347.47,electronics,debit,15,1,0,0
C00231,43,Male,Islamabad,ISB-001,526,1,361500.28,171354.32,4,0,1,0,TXN0001603,2024-10-22,9172.22,atm,transfer,12,1,0,0
C00103,45,Male,Lahore,LHR-001,506,6,117560.83,62822.3,2,1,1,0,TXN0000742,2024-10-22,16008.82,atm,debit,18,1,0,0
C00478,33,Male,Islamabad,ISB-001,488,10,355743.14,217817.61,3,1,1,0,TXN0003340,2024-10-22,2622.35,atm,transfer,11,1,0,0
C00129,48,Male,Karachi,KHI-001,502,6,260010.97,137548.27,4,1,0,0,TXN0000913,2024-10-22,7359.43,restaurant,debit,12,1,0,0
C00262,51,Male,Islamabad,ISB-001,799,6,272222.18,558377.91,2,0,1,0,TXN0001820,2024-10-22,21192.14,online,debit,20,1,0,0
C00148,34,Male,Karachi,KHI-001,491,6,358459.3,241124.58,3,1,1,0,TXN0001056,2024-10-22,1884.55,restaurant,transfer,20,1,0,0
C00072,31,Female,Multan,MUL-001,794,5,479742.02,80553.11,2,1,1,0,TXN0000534,2024-10-23,7709.86,travel,credit,9,2,0,0
C00049,23,Female,Karachi,KHI-001,365,4,354955.33,282618.18,3,1,0,1,TXN0000345,2024-10-23,48640.22,atm,debit,16,2,0,0
C00032,49,Female,Peshawar,PEW-001,683,9,180904.41,50002.66,3,0,0,0,TXN0000241,2024-10-23,27639.13,electronics,withdrawal,14,2,0,0
C00194,63,Female,Lahore,LHR-001,541,8,314256.83,435015.93,2,0,1,1,TXN0001353,2024-10-23,2725.43,grocery,transfer,17,2,0,0
C00175,41,Male,Karachi,KHI-001,712,5,361802.48,262129.47,4,1,1,0,TXN0001237,2024-10-24,10161.7,grocery,transfer,9,3,0,0
C00335,49,Male,Karachi,KHI-001,424,9,233661.71,249165.42,2,1,1,0,TXN0002337,2024-10-24,533.06,atm,credit,8,3,0,0
C00164,28,Male,Lahore,LHR-001,753,4,434161.91,372034.3,1,1,1,0,TXN0001159,2024-10-24,3192.34,healthcare,debit,15,3,0,0
C00011,32,Male,Lahore,LHR-001,747,0,362190.29,549333.73,3,1,0,1,TXN0000070,2024-10-24,14976.73,travel,debit,8,3,0,0
C00391,56,Female,Peshawar,PEW-001,693,6,300650.67,385607.24,4,1,1,0,TXN0002715,2024-10-24,3668.82,online,debit,17,3,0,0
C00176,51,Male,Lahore,LHR-001,659,5,403630.91,172735.6,1,1,0,1,TXN0001252,2024-10-24,9902.4,grocery,debit,16,3,0,0
C00235,54,Female,Islamabad,ISB-001,495,4,136916.7,588033.52,2,0,1,0,TXN0001635,2024-10-25,14728.87,online,credit,16,4,0,0
C00290,59,Male,Quetta,QTA-001,617,10,380404.24,495709.12,4,0,1,0,TXN0002005,2024-10-25,15218.47,grocery,debit,13,4,0,0
C00079,35,Male,Lahore,LHR-001,829,8,73862.52,587381.18,2,1,1,0,TXN0000574,2024-10-26,8808.61,online,transfer,16,5,1,0
C00245,24,Male,Karachi,KHI-001,588,4,180166.33,376341.34,2,1,0,0,TXN0001714,2024-10-26,7604.76,healthcare,debit,16,5,1,0
C00455,46,Male,Peshawar,PEW-001,458,2,133050.72,262420.12,4,0,0,0,TXN0003183,2024-10-26,24693.44,travel,transfer,15,5,1,0
C00013,57,Female,Islamabad,ISB-001,771,2,391849.67,580131.46,1,0,0,1,TXN0000084,2024-10-27,20040.71,atm,withdrawal,1,6,1,0
C00367,52,Female,Quetta,QTA-001,824,3,400004.71,397258.04,3,1,0,0,TXN0002549,2024-10-27,30007.37,healthcare,transfer,12,6,1,0
C00210,49,Male,Islamabad,ISB-001,794,9,238177.4,425396.4,1,1,1,0,TXN0001459,2024-10-27,16957.63,grocery,debit,16,6,1,0
C00340,40,Female,Lahore,LHR-001,449,1,466632.01,328498.1,4,0,0,1,TXN0002377,2024-10-27,6791.9,online,debit,2,6,1,0
C00011,32,Male,Lahore,LHR-001,747,0,362190.29,549333.73,3,0,0,1,TXN0000074,2024-10-27,486916.16,online,debit,19,6,1,1
C00029,46,Female,Karachi,KHI-001,576,7,272191.63,126048.5,4,1,1,0,TXN0000224,2024-10-27,566010.77,grocery,debit,10,6,1,1
C00417,27,Male,Karachi,KHI-001,519,3,349378.57,500211.61,2,1,0,0,TXN0002913,2024-10-28,554.04,restaurant,transfer,20,0,0,0
C00478,33,Male,Islamabad,ISB-001,488,10,355743.14,217817.61,3,1,1,0,TXN0003336,2024-10-28,33232.16,electronics,transfer,19,0,0,0
C00327,66,Male,Islamabad,ISB-001,544,7,402968.6,143367.67,1,1,1,0,TXN0002285,2024-10-28,8345.2,electronics,debit,17,0,0,0
C00118,33,Female,Karachi,KHI-001,821,9,21259.1,51682.24,1,1,0,0,TXN0000830,2024-10-28,3973.13,online,transfer,16,0,0,0
C00105,38,Male,Islamabad,ISB-001,481,10,192756.32,285620.04,4,0,0,0,TXN0000752,2024-10-28,15762.51,electronics,debit,17,0,0,0
C00498,22,Female,Islamabad,ISB-001,450,7,55585.84,256418.07,2,0,1,1,TXN0003472,2024-10-28,597.27,online,debit,12,0,0,0
C00087,45,Male,Islamabad,ISB-001,787,8,16396.19,541883.93,4,1,0,0,TXN0000636,2024-10-29,10434.22,grocery,debit,21,1,0,0
C00038,58,Male,Karachi,KHI-001,613,9,218606.43,298774.48,4,1,1,0,TXN0000268,2024-10-29,27972.2,online,withdrawal,13,1,0,0
C00261,52,Female,Lahore,LHR-001,551,7,138606.06,468506.88,2,1,1,0,TXN0001815,2024-10-29,10198.97,online,debit,19,1,0,0
C00440,38,Male,Karachi,KHI-001,514,2,465394.72,231337.72,2,1,0,0,TXN0003082,2024-10-29,3021.28,travel,debit,10,1,0,0
C00381,38,Female,Karachi,KHI-001,835,10,64567.69,377802.87,4,1,1,0,TXN0002641,2024-10-29,4463.38,electronics,credit,13,1,0,0
C00394,34,Female,Karachi,KHI-001,424,6,260047.72,414977.47,3,1,0,0,TXN0002748,2024-10-29,24038.41,electronics,debit,23,1,0,0
C00077,36,Male,Lahore,LHR-001,831,8,309400.38,240368.76,1,1,0,1,TXN0000553,2024-10-29,5038.87,grocery,debit,14,1,0,0
C00201,62,Female,Islamabad,ISB-001,395,4,388048.09,108863.65,3,1,0,1,TXN0001391,2024-10-30,4260.33,electronics,withdrawal,17,2,0,0
C00418,36,Male,Islamabad,ISB-001,473,9,29147.87,40692.54,2,1,0,0,TXN0002919,2024-10-30,12669.68,electronics,transfer,15,2,0,0
C00498,22,Female,Islamabad,ISB-001,450,7,55585.84,256418.07,2,0,1,1,TXN0003470,2024-10-30,17598.97,restaurant,transfer,19,2,0,0
C00420,58,Female,Islamabad,ISB-001,384,10,481250.38,589492.37,4,0,0,1,TXN0002935,2024-10-30,30448.68,online,credit,1,2,0,0
C00377,48,Female,Karachi,KHI-001,525,2,203782.22,445729.44,2,1,1,0,TXN0002607,2024-10-31,49255.92,healthcare,transfer,19,3,0,0
C00277,62,Female,Lahore,LHR-001,803,6,43493.85,374031.87,2,1,1,0,TXN0001919,2024-10-31,3579.45,healthcare,withdrawal,17,3,0,0
C00348,67,Male,Karachi,KHI-001,770,9,139485.05,351716.75,1,0,0,0,TXN0002424,2024-10-31,8243.35,atm,debit,18,3,0,0
C00171,49,Male,Lahore,LHR-001,782,8,172939.27,520472.3,3,1,1,0,TXN0001205,2024-10-31,23255.16,grocery,debit,16,3,0,0
C00312,69,Female,Karachi,KHI-001,495,1,398694.21,385716.98,3,0,1,1,TXN0002172,2024-11-01,4518.4,atm,transfer,19,4,0,0
C00282,24,Female,Karachi,KHI-001,515,2,160725.3,134328.86,1,1,1,0,TXN0001958,2024-11-02,14238.2,atm,debit,20,5,1,0
C00327,66,Male,Islamabad,ISB-001,544,7,402968.6,143367.67,1,1,1,0,TXN0002279,2024-11-02,6599.7,electronics,credit,8,5,1,0
C00155,44,Male,Islamabad,ISB-001,490,0,170509.59,377039.01,1,1,1,1,TXN0001103,2024-11-02,3838.9,grocery,debit,19,5,1,0
C00191,30,Male,Lahore,LHR-001,390,9,323248.15,239769.95,2,1,0,0,TXN0001336,2024-11-02,5842.99,grocery,transfer,16,5,1,0
C00047,30,Male,Islamabad,ISB-001,604,3,498857.84,222518.26,4,0,0,1,TXN0000332,2024-11-02,8114.11,grocery,credit,14,5,1,0
C00209,23,Male,Peshawar,PEW-001,805,1,492756.82,367415.59,4,0,0,0,TXN0001452,2024-11-02,5173.2,travel,transfer,10,5,1,0
C00020,65,Male,Quetta,QTA-001,614,9,318710.49,152201.12,3,0,0,0,TXN0000153,2024-11-02,13904.59,online,debit,0,5,1,0
C00172,49,Male,Quetta,QTA-001,541,0,286874.54,45057.03,4,1,1,0,TXN0001210,2024-11-03,3599.2,atm,debit,13,6,1,0
C00463,50,Male,Peshawar,PEW-001,370,5,410246.31,498491.6,4,1,1,0,TXN0003237,2024-11-03,980.89,travel,transfer,10,6,1,0
C00477,26,Male,Peshawar,PEW-001,703,3,386637.22,504426.15,1,0,0,0,TXN0003333,2024-11-03,13052.67,electronics,transfer,10,6,1,0
C00177,32,Female,Quetta,QTA-001,731,2,494420.75,171417.46,4,0,1,0,TXN0001253,2024-11-03,1030.1,atm,transfer,10,6,1,0
C00388,50,Male,Lahore,LHR-001,674,6,316740.07,264665.23,1,0,0,0,TXN0002695,2024-11-03,15458.74,grocery,transfer,13,6,1,0
C00427,25,Male,Peshawar,PEW-001,634,4,453724.29,470415.89,3,0,1,0,TXN0002991,2024-11-03,38584.18,atm,debit,9,6,1,0
C00080,44,Male,Karachi,KHI-001,414,6,54893.33,152481.09,2,1,1,0,TXN0000580,2024-11-03,27620.39,electronics,transfer,16,6,1,0
C00020,65,Male,Quetta,QTA-001,614,9,318710.49,152201.12,3,1,0,0,TXN0000152,2024-11-04,5057.52,atm,transfer,8,0,0,0
C00093,36,Male,Islamabad,ISB-001,496,6,56602.25,570516.26,3,0,1,1,TXN0000681,2024-11-05,20906.31,atm,withdrawal,18,1,0,0
C00190,48,Female,Karachi,KHI-001,532,7,438839.82,379101.37,3,0,0,0,TXN0001329,2024-11-05,24038.64,atm,credit,17,1,0,0
C00250,62,Male,Islamabad,ISB-001,574,2,38783.6,235201.25,4,1,0,1,TXN0001741,2024-11-05,4351.92,grocery,debit,17,1,0,0
C00269,23,Female,Islamabad,ISB-001,400,10,239747.47,206246.79,3,0,1,0,TXN0001868,2024-11-05,6753.99,grocery,debit,17,1,0,0
C00132,56,Male,Islamabad,ISB-001,410,3,280866.16,513897.36,2,1,0,0,TXN0000932,2024-11-05,3845.49,online,debit,9,1,0,0
C00360,53,Male,Islamabad,ISB-001,793,0,142246.49,526785.39,3,0,1,0,TXN0002495,2024-11-05,10976.81,restaurant,credit,8,1,0,0
C00063,23,Male,Peshawar,PEW-001,498,6,245746.95,121716.36,2,1,1,0,TXN0000456,2024-11-06,740830.76,grocery,transfer,18,2,0,1
C00106,29,Female,Quetta,QTA-001,660,1,373403.58,445902.87,4,1,0,0,TXN0000758,2024-11-06,16016.63,electronics,debit,16,2,0,0
C00439,40,Male,Karachi,KHI-001,418,2,123151.57,167320.09,4,0,0,0,TXN0003069,2024-11-06,33231.7,atm,debit,13,2,0,0
C00049,23,Female,Karachi,KHI-001,365,4,354955.33,282618.18,3,0,0,1,TXN0000348,2024-11-06,12426.89,online,transfer,15,2,0,0
C00114,49,Male,Islamabad,ISB-001,416,9,235521.56,528226.36,2,1,1,0,TXN0000804,2024-11-06,21110.72,online,transfer,19,2,0,0
C00134,68,Male,Lahore,LHR-001,611,2,269859.51,451796.17,2,1,1,0,TXN0000952,2024-11-06,39637.26,healthcare,debit,12,2,0,0
C00176,51,Male,Lahore,LHR-001,659,5,403630.91,172735.6,1,1,0,1,TXN0001250,2024-11-07,12517.59,online,transfer,19,3,0,0
C00410,53,Male,Islamabad,ISB-001,594,7,22534.07,89709.74,1,0,1,0,TXN0002869,2024-11-07,20466.0,grocery,debit,10,3,0,0
C00421,54,Male,Lahore,LHR-001,436,7,59187.09,305936.46,4,1,1,0,TXN0002943,2024-11-07,5353.92,electronics,withdrawal,13,3,0,0
C00050,41,Female,Peshawar,PEW-001,826,8,390393.11,591236.79,3,0,0,0,TXN0000356,2024-11-07,7892.94,electronics,transfer,0,3,0,0
C00329,48,Female,Lahore,LHR-001,521,7,332519.31,484308.06,3,0,1,0,TXN0002293,2024-11-07,39395.34,grocery,credit,9,3,0,0
C00393,45,Female,Islamabad,ISB-001,416,0,133815.52,505843.34,3,0,0,0,TXN0002740,2024-11-07,16351.54,travel,debit,16,3,0,0
C00461,26,Female,Islamabad,ISB-001,732,2,191464.2,119115.71,1,0,0,0,TXN0003217,2024-11-07,11273.43,electronics,debit,12,3,0,0
C00284,45,Male,Karachi,KHI-001,749,5,481238.9,465232.82,2,0,0,0,TXN0001969,2024-11-07,13835.18,grocery,debit,8,3,0,0
C00082,42,Male,Lahore,LHR-001,650,2,364417.32,500006.81,1,1,1,0,TXN0000589,2024-11-07,5011.48,travel,credit,19,3,0,0
C00341,25,Male,Islamabad,ISB-001,729,9,39664.7,372381.6,1,0,1,0,TXN0002385,2024-11-08,702.17,travel,transfer,12,4,0,0
C00206,58,Male,Karachi,KHI-001,368,2,390980.59,140805.84,3,0,1,0,TXN0001424,2024-11-08,20191.74,electronics,credit,11,4,0,0
C00425,26,Male,Quetta,QTA-001,550,8,442038.6,51214.76,1,1,0,0,TXN0002978,2024-11-08,4544.15,electronics,withdrawal,20,4,0,0
C00223,25,Male,Multan,MUL-001,502,4,343176.01,114320.21,1,1,1,0,TXN0001542,2024-11-08,5536.11,atm,debit,11,4,0,0
C00402,37,Female,Islamabad,ISB-001,824,9,447986.11,146581.92,1,1,0,1,TXN0002799,2024-11-09,4335.38,grocery,transfer,21,5,1,0
C00406,36,Male,Peshawar,PEW-001,611,3,140114.89,597469.07,4,1,0,0,TXN0002833,2024-11-09,1831.56,atm,withdrawal,11,5,1,0
C00457,66,Female,Islamabad,ISB-001,599,1,46628.62,391652.03,4,0,1,0,TXN0003201,2024-11-09,876551.41,electronics,debit,18,5,1,1
C00051,49,Female,Karachi,KHI-001,411,7,75848.35,123765.16,3,1,1,0,TXN0000370,2024-11-09,1571.25,electronics,withdrawal,15,5,1,0
C00303,56,Female,Islamabad,ISB-001,572,3,499679.98,542160.0,1,1,1,0,TXN0002104,2024-11-09,29725.01,online,debit,18,5,1,0
C00072,31,Female,Multan,MUL-001,794,5,479742.02,80553.11,2,1,1,0,TXN0000535,2024-11-09,6902.29,online,debit,19,5,1,0
C00453,53,Female,Peshawar,PEW-001,703,7,280309.96,258983.95,3,1,0,0,TXN0003174,2024-11-09,6309.91,grocery,transfer,2,5,1,0
C00152,25,Female,Karachi,KHI-001,689,0,251020.91,172043.57,4,0,1,0,TXN0001079,2024-11-09,20687.45,travel,debit,19,5,1,0
C00189,29,Male,Peshawar,PEW-001,772,9,65774.56,252440.81,3,0,0,0,TXN0001324,2024-11-10,17019.68,online,credit,14,6,1,0
C00362,54,Female,Islamabad,ISB-001,825,3,27324.84,339800.54,2,0,0,0,TXN0002518,2024-11-10,2237.66,restaurant,withdrawal,9,6,1,0
C00397,66,Male,Lahore,LHR-001,503,8,449230.89,191842.56,3,0,1,0,TXN0002767,2024-11-10,2262.37,grocery,debit,10,6,1,0
C00368,24,Male,Peshawar,PEW-001,475,7,133196.41,183854.95,3,1,0,1,TXN0002554,2024-11-10,20797.64,online,transfer,12,6,1,0
C00331,55,Female,Lahore,LHR-001,390,2,262483.21,553941.39,2,0,1,0,TXN0002312,2024-11-10,7552.21,electronics,transfer,18,6,1,0
C00183,48,Male,Islamabad,ISB-001,390,5,206164.19,121623.68,4,1,0,0,TXN0001292,2024-11-11,1302.21,travel,transfer,19,0,0,0
C00336,68,Female,Lahore,LHR-001,397,2,495218.95,334839.55,3,0,0,0,TXN0002344,2024-11-11,7223.68,atm,debit,19,0,0,0
C00021,51,Male,Karachi,KHI-001,669,10,454393.73,526148.78,3,0,0,1,TXN0000163,2024-11-11,25926.95,online,transfer,14,0,0,0
C00100,22,Female,Islamabad,ISB-001,656,9,419557.94,374586.48,2,1,0,0,TXN0000720,2024-11-11,32992.47,electronics,credit,8,0,0,0
C00485,57,Female,Multan,MUL-001,453,4,225749.36,170228.76,2,1,1,1,TXN0003389,2024-11-11,31280.59,online,withdrawal,11,0,0,0
C00480,47,Female,Karachi,KHI-001,784,0,33670.63,502112.43,3,0,0,1,TXN0003353,2024-11-12,8282.78,grocery,debit,17,1,0,0
C00202,33,Male,Karachi,KHI-001,394,3,184565.16,169433.31,4,0,1,1,TXN0001398,2024-11-12,6322.07,restaurant,debit,8,1,0,0
C00061,61,Female,Karachi,KHI-001,818,4,253632.73,445599.77,3,0,0,1,TXN0000440,2024-11-12,4886.79,restaurant,credit,15,1,0,0
C00093,36,Male,Islamabad,ISB-001,496,6,56602.25,570516.26,3,0,1,1,TXN0000677,2024-11-12,8737.52,online,debit,16,1,0,0
C00049,23,Female,Karachi,KHI-001,365,4,354955.33,282618.18,3,0,0,1,TXN0000347,2024-11-12,10004.03,grocery,credit,14,1,0,0
C00425,26,Male,Quetta,QTA-001,550,8,442038.6,51214.76,1,1,0,0,TXN0002979,2024-11-12,23914.33,atm,debit,8,1,0,0
C00237,27,Male,Quetta,QTA-001,673,5,129111.68,49808.95,1,0,1,0,TXN0001647,2024-11-12,897.74,electronics,debit,15,1,0,0
C00101,65,Male,Islamabad,ISB-001,387,4,169412.47,478946.23,2,1,0,1,TXN0000723,2024-11-13,634436.27,travel,credit,2,2,0,1
C00420,58,Female,Islamabad,ISB-001,384,10,481250.38,589492.37,4,1,0,1,TXN0002937,2024-11-13,24272.31,restaurant,transfer,20,2,0,0
C00230,27,Female,Lahore,LHR-001,564,0,251245.12,127451.75,1,0,1,0,TXN0001589,2024-11-13,7907.43,grocery,transfer,19,2,0,0
C00013,57,Female,Islamabad,ISB-001,771,2,391849.67,580131.46,1,0,0,1,TXN0000085,2024-11-13,5279.93,restaurant,debit,10,2,0,0
C00243,40,Male,Karachi,KHI-001,834,4,386601.13,485485.81,4,0,1,0,TXN0001698,2024-11-14,3868.23,travel,credit,11,3,0,0
C00154,58,Female,Lahore,LHR-001,526,7,55975.83,266973.7,3,1,0,0,TXN0001098,2024-11-14,573.22,grocery,debit,8,3,0,0
C00120,54,Female,Karachi,KHI-001,696,4,127872.09,226096.19,1,0,1,0,TXN0000840,2024-11-14,27296.25,atm,debit,14,3,0,0
C00331,55,Female,Lahore,LHR-001,390,2,262483.21,553941.39,2,0,1,0,TXN0002310,2024-11-14,4063.88,electronics,credit,8,3,0,0
C00244,47,Male,Islamabad,ISB-001,496,6,213907.85,554459.57,4,1,1,0,TXN0001701,2024-11-15,15542.0,grocery,transfer,13,4,0,0
C00302,23,Male,Karachi,KHI-001,476,4,296190.56,281282.77,3,1,1,0,TXN0002097,2024-11-15,57218.26,atm,transfer,20,4,0,0
C00499,26,Female,Peshawar,PEW-001,513,5,427833.84,356087.01,4,1,0,0,TXN0003488,2024-11-15,5014.14,healthcare,transfer,13,4,0,0
C00182,22,Male,Karachi,KHI-001,654,7,74835.52,414858.62,3,1,1,0,TXN0001287,2024-11-15,13959.01,grocery,transfer,21,4,0,0
C00043,39,Male,Lahore,LHR-001,435,3,439921.41,352711.1,1,1,1,0,TXN0000309,2024-11-15,37729.98,grocery,withdrawal,13,4,0,0
C00226,59,Male,Lahore,LHR-001,692,5,408451.94,450423.39,2,1,0,1,TXN0001561,2024-11-16,28700.95,online,withdrawal,14,5,1,0
C00312,69,Female,Karachi,KHI-001,495,1,398694.21,385716.98,3,0,1,1,TXN0002170,2024-11-16,14531.44,travel,transfer,12,5,1,0
C00258,49,Male,Lahore,LHR-001,796,0,477273.03,201663.93,4,1,1,0,TXN0001801,2024-11-16,15545.67,online,transfer,12,5,1,0
C00191,30,Male,Lahore,LHR-001,390,9,323248.15,239769.95,2,0,0,0,TXN0001337,2024-11-16,16827.95,grocery,withdrawal,15,5,1,0
C00086,68,Female,Multan,MUL-001,681,2,396091.9,109563.18,1,0,1,0,TXN0000628,2024-11-16,770.29,electronics,credit,11,5,1,0
C00374,43,Female,Karachi,KHI-001,674,9,494646.53,418471.1,4,0,1,0,TXN0002589,2024-11-17,3619.66,grocery,credit,21,6,1,0
C00469,43,Female,Quetta,QTA-001,734,0,199114.85,360903.2,2,1,0,1,TXN0003277,2024-11-17,3477.73,electronics,credit,19,6,1,0
C00124,58,Male,Peshawar,PEW-001,421,7,159179.22,265826.36,1,0,1,0,TXN0000881,2024-11-17,10158.11,electronics,transfer,15,6,1,0
C00371,45,Male,Quetta,QTA-001,718,6,442678.49,119393.66,4,0,1,0,TXN0002573,2024-11-17,5946.56,grocery,debit,16,6,1,0
C00040,42,Female,Karachi,KHI-001,710,1,366621.82,375063.27,3,0,0,1,TXN0000279,2024-11-17,12932.72,grocery,credit,18,6,1,0
C00304,37,Male,Lahore,LHR-001,758,9,280124.26,79916.95,2,0,0,0,TXN0002106,2024-11-18,4600.92,online,debit,14,0,0,0
C00304,37,Male,Lahore,LHR-001,758,9,280124.26,79916.95,2,1,0,0,TXN0002105,2024-11-18,26268.04,electronics,debit,19,0,0,0
C00353,45,Female,Peshawar,PEW-001,670,8,367474.54,415997.81,4,0,0,0,TXN0002456,2024-11-18,3443.2,restaurant,credit,21,0,0,0
C00014,61,Male,Peshawar,PEW-001,786,10,414830.74,465652.68,3,0,0,0,TXN0000099,2024-11-18,29599.03,healthcare,credit,15,0,0,0
C00146,47,Male,Quetta,QTA-001,704,7,295789.53,595594.66,4,1,0,1,TXN0001044,2024-11-19,9976.55,electronics,credit,20,1,0,0
C00327,66,Male,Islamabad,ISB-001,544,7,402968.6,143367.67,1,1,1,0,TXN0002281,2024-11-20,5882.38,grocery,credit,15,2,0,0
C00223,25,Male,Multan,MUL-001,502,4,343176.01,114320.21,1,0,1,0,TXN0001540,2024-11-20,3554.97,grocery,transfer,14,2,0,0
C00254,39,Male,Karachi,KHI-001,492,0,362158.77,525205.65,1,0,0,1,TXN0001782,2024-11-20,647.15,restaurant,debit,17,2,0,0
C00404,33,Male,Islamabad,ISB-001,400,8,231428.89,251946.8,4,1,0,0,TXN0002814,2024-11-20,3683.1,online,credit,21,2,0,0
C00479,37,Male,Islamabad,ISB-001,833,2,239419.07,573566.62,4,0,0,0,TXN0003342,2024-11-20,623.49,travel,transfer,1,2,0,0
C00246,40,Male,Karachi,KHI-001,761,4,479520.45,566890.2,3,1,1,0,TXN0001720,2024-11-21,11143.49,electronics,credit,18,3,0,0
C00083,37,Female,Karachi,KHI-001,692,9,298516.64,63062.76,1,0,1,0,TXN0000603,2024-11-21,8697.95,restaurant,transfer,10,3,0,0
C00323,67,Female,Lahore,LHR-001,713,10,267481.24,332589.38,2,0,0,0,TXN0002248,2024-11-21,20249.04,travel,debit,20,3,0,0
C00136,24,Male,Lahore,LHR-001,632,6,153299.98,322713.13,4,1,1,0,TXN0000972,2024-11-21,26332.34,restaurant,debit,15,3,0,0
C00189,29,Male,Peshawar,PEW-001,772,9,65774.56,252440.81,3,1,0,0,TXN0001326,2024-11-21,796923.6,atm,transfer,17,3,0,1
C00387,60,Male,Islamabad,ISB-001,783,8,401381.0,373620.41,1,0,1,0,TXN0002681,2024-11-21,36105.44,online,debit,10,3,0,0
C00365,46,Male,Quetta,QTA-001,844,0,66596.59,168937.85,2,0,1,0,TXN0002533,2024-11-22,20946.78,electronics,debit,8,4,0,0
C00142,48,Male,Karachi,KHI-001,790,2,236774.76,379465.68,2,0,1,0,TXN0001016,2024-11-22,10184.69,atm,credit,11,4,0,0
C00488,58,Female,Islamabad,ISB-001,501,1,194888.07,108339.63,1,0,1,0,TXN0003407,2024-11-22,36600.44,atm,credit,10,4,0,0
C00032,49,Female,Peshawar,PEW-001,683,9,180904.41,50002.66,3,0,0,0,TXN0000242,2024-11-22,3032.03,electronics,credit,14,4,0,0
C00206,58,Male,Karachi,KHI-001,368,2,390980.59,140805.84,3,0,1,0,TXN0001425,2024-11-22,697653.86,atm,debit,16,4,0,1
C00325,59,Male,Multan,MUL-001,637,7,205220.3,521272.84,1,0,1,1,TXN0002269,2024-11-23,887621.48,atm,transfer,13,5,1,1
C00271,69,Male,Lahore,LHR-001,550,0,179012.38,223893.49,1,1,0,0,TXN0001883,2024-11-23,7799.35,atm,credit,19,5,1,0
C00488,58,Female,Islamabad,ISB-001,501,1,194888.07,108339.63,1,0,1,0,TXN0003413,2024-11-23,550667.22,online,debit,9,5,1,1
C00322,43,Female,Quetta,QTA-001,537,6,443074.19,500977.45,1,0,0,1,TXN0002242,2024-11-23,11695.82,healthcare,withdrawal,16,5,1,0
C00010,32,Female,Multan,MUL-001,849,2,463592.46,449511.24,1,1,1,0,TXN0000061,2024-11-23,2734.11,grocery,debit,20,5,1,0
C00304,37,Male,Lahore,LHR-001,758,9,280124.26,79916.95,2,1,0,0,TXN0002110,2024-11-24,2947.27,restaurant,debit,3,6,1,0
C00107,56,Female,Multan,MUL-001,804,8,106762.01,372236.04,2,1,1,1,TXN0000768,2024-11-24,579379.27,travel,credit,8,6,1,1
C00214,54,Male,Karachi,KHI-001,589,4,372135.04,49732.68,2,0,1,0,TXN0001481,2024-11-24,3457.53,online,transfer,14,6,1,0
C00308,25,Male,Lahore,LHR-001,633,0,366856.72,150406.31,2,0,1,0,TXN0002140,2024-11-24,19122.18,travel,credit,19,6,1,0
C00450,22,Male,Karachi,KHI-001,784,5,118169.45,480314.54,1,0,0,0,TXN0003149,2024-11-24,14092.9,online,debit,20,6,1,0
C00408,55,Male,Karachi,KHI-001,474,1,26966.45,226798.95,3,1,1,0,TXN0002854,2024-11-25,200704.19,atm,debit,21,0,0,1
C00381,38,Female,Karachi,KHI-001,835,10,64567.69,377802.87,4,0,1,0,TXN0002642,2024-11-25,34036.97,electronics,withdrawal,19,0,0,0
C00439,40,Male,Karachi,KHI-001,418,2,123151.57,167320.09,4,0,0,0,TXN0003068,2024-11-25,1769.03,restaurant,credit,11,0,0,0
C00143,30,Male,Islamabad,ISB-001,442,1,314363.11,374725.2,4,1,1,0,TXN0001024,2024-11-25,2958.75,restaurant,credit,21,0,0,0
C00209,23,Male,Peshawar,PEW-001,805,1,492756.82,367415.59,4,0,0,0,TXN0001450,2024-11-25,606.87,online,credit,20,0,0,0
C00198,53,Female,Karachi,KHI-001,744,0,21942.91,342347.27,4,1,1,0,TXN0001375,2024-11-25,15414.82,online,transfer,19,0,0,0
C00218,65,Male,Lahore,LHR-001,452,5,324301.81,182365.76,2,0,1,0,TXN0001495,2024-11-26,9745.74,electronics,debit,15,1,0,0
C00027,43,Female,Karachi,KHI-001,552,0,450335.39,154072.7,4,1,0,0,TXN0000205,2024-11-26,25714.57,online,debit,19,1,0,0
C00202,33,Male,Karachi,KHI-001,394,3,184565.16,169433.31,4,1,1,1,TXN0001394,2024-11-26,3431.76,atm,debit,9,1,0,0
C00086,68,Female,Multan,MUL-001,681,2,396091.9,109563.18,1,1,1,0,TXN0000624,2024-11-26,98490.36,online,withdrawal,18,1,0,1
C00194,63,Female,Lahore,LHR-001,541,8,314256.83,435015.93,2,0,1,1,TXN0001354,2024-11-27,5095.04,grocery,debit,21,2,0,0
C00377,48,Female,Karachi,KHI-001,525,2,203782.22,445729.44,2,1,1,0,TXN0002612,2024-11-27,24682.42,grocery,debit,8,2,0,0
C00468,58,Female,Islamabad,ISB-001,848,3,420860.14,576100.82,4,1,1,0,TXN0003272,2024-11-27,15774.0,grocery,transfer,10,2,0,0
C00306,57,Male,Peshawar,PEW-001,757,0,159863.15,406628.13,1,0,1,0,TXN0002118,2024-11-27,895.81,atm,transfer,9,2,0,0
C00297,46,Male,Lahore,LHR-001,823,7,325099.13,347671.97,4,1,0,0,TXN0002049,2024-11-27,5285.34,restaurant,debit,13,2,0,0
C00468,58,Female,Islamabad,ISB-001,848,3,420860.14,576100.82,4,0,1,0,TXN0003271,2024-11-27,216082.69,online,credit,9,2,0,1
C00111,63,Male,Islamabad,ISB-001,755,5,210179.77,224249.77,1,0,1,0,TXN0000789,2024-11-27,30433.12,restaurant,debit,12,2,0,0
C00258,49,Male,Lahore,LHR-001,796,0,477273.03,201663.93,4,0,1,0,TXN0001806,2024-11-27,3316.43,atm,debit,21,2,0,0
C00456,61,Female,Islamabad,ISB-001,400,8,100600.77,342250.27,1,1,0,1,TXN0003198,2024-11-28,4878.99,restaurant,debit,17,3,0,0
C00164,28,Male,Lahore,LHR-001,753,4,434161.91,372034.3,1,1,1,0,TXN0001164,2024-11-28,7979.64,atm,transfer,9,3,0,0
C00410,53,Male,Islamabad,ISB-001,594,7,22534.07,89709.74,1,0,1,0,TXN0002862,2024-11-29,4820.72,restaurant,debit,19,4,0,0
C00465,33,Female,Islamabad,ISB-001,488,5,145254.76,52820.54,3,1,1,0,TXN0003249,2024-11-29,8942.33,online,transfer,17,4,0,0
C00086,68,Female,Multan,MUL-001,681,2,396091.9,109563.18,1,0,1,0,TXN0000626,2024-11-29,934.77,grocery,credit,22,4,0,0
C00336,68,Female,Lahore,LHR-001,397,2,495218.95,334839.55,3,1,0,0,TXN0002343,2024-11-29,6251.3,grocery,withdrawal,11,4,0,0
C00057,56,Male,Multan,MUL-001,616,0,270558.27,407910.96,1,1,1,0,TXN0000402,2024-11-30,4524.22,atm,debit,20,5,1,0
C00259,46,Male,Karachi,KHI-001,634,7,71825.63,101101.39,2,1,1,0,TXN0001808,2024-11-30,26886.8,grocery,transfer,9,5,1,0
C00265,28,Female,Lahore,LHR-001,810,1,423971.89,531619.05,4,0,0,1,TXN0001837,2024-11-30,17173.5,online,transfer,12,5,1,0
C00484,60,Male,Lahore,LHR-001,687,9,339645.87,323420.23,4,1,1,1,TXN0003380,2024-11-30,3927.64,travel,transfer,14,5,1,0
C00257,32,Male,Karachi,KHI-001,607,0,201341.44,90669.75,2,1,0,1,TXN0001797,2024-11-30,7142.05,grocery,transfer,18,5,1,0
C00216,40,Male,Lahore,LHR-001,650,7,204262.27,584934.74,1,0,1,0,TXN0001487,2024-11-30,4823.1,atm,transfer,21,5,1,0
C00452,55,Female,Islamabad,ISB-001,391,0,5554.46,357282.2,2,0,0,1,TXN0003171,2024-11-30,7005.73,online,transfer,13,5,1,0
C00445,47,Male,Peshawar,PEW-001,714,5,480851.07,502160.22,3,0,1,0,TXN0003121,2024-11-30,9412.06,grocery,transfer,18,5,1,0
C00059,38,Male,Islamabad,ISB-001,843,7,231215.11,573483.24,1,1,1,0,TXN0000423,2024-12-01,12013.03,travel,debit,15,6,1,0
C00140,35,Male,Islamabad,ISB-001,711,2,400892.1,56460.89,3,1,0,0,TXN0000998,2024-12-01,5289.55,electronics,transfer,14,6,1,0
C00048,47,Male,Lahore,LHR-001,532,9,377439.54,370547.81,1,1,1,0,TXN0000338,2024-12-01,34399.77,electronics,debit,15,6,1,0
C00270,22,Male,Islamabad,ISB-001,467,1,175469.95,403481.81,2,0,0,0,TXN0001873,2024-12-02,8232.67,travel,transfer,21,0,0,0
C00266,37,Female,Karachi,KHI-001,615,5,477841.97,217629.6,1,1,1,0,TXN0001847,2024-12-02,19430.69,travel,debit,16,0,0,0
C00197,36,Male,Quetta,QTA-001,496,5,184714.31,352558.54,4,1,1,0,TXN0001369,2024-12-03,47681.52,electronics,debit,10,1,0,0
C00175,41,Male,Karachi,KHI-001,712,5,361802.48,262129.47,4,0,1,0,TXN0001238,2024-12-03,1762.81,grocery,transfer,17,1,0,0
C00436,34,Male,Peshawar,PEW-001,845,6,82883.63,129210.25,3,1,0,0,TXN0003047,2024-12-03,7039.14,online,withdrawal,20,1,0,0
C00403,35,Female,Karachi,KHI-001,583,2,430762.77,69309.77,4,0,1,0,TXN0002808,2024-12-03,2379.02,online,transfer,8,1,0,0
C00307,54,Male,Peshawar,PEW-001,643,9,64658.68,252841.73,1,0,1,0,TXN0002129,2024-12-03,3481.18,online,transfer,16,1,0,0
C00400,29,Male,Islamabad,ISB-001,712,8,375196.44,169264.35,4,1,0,1,TXN0002785,2024-12-03,4077.23,electronics,transfer,8,1,0,0
C00090,66,Male,Multan,MUL-001,396,4,190345.51,383248.74,3,1,1,0,TXN0000656,2024-12-03,12350.42,travel,credit,11,1,0,0
C00431,51,Male,Karachi,KHI-001,475,5,432923.98,183946.47,3,1,1,0,TXN0003017,2024-12-04,6465.21,grocery,transfer,23,2,0,0
C00463,50,Male,Peshawar,PEW-001,370,5,410246.31,498491.6,4,1,1,0,TXN0003243,2024-12-04,8819.48,electronics,transfer,13,2,0,0
C00293,56,Female,Lahore,LHR-001,670,3,363431.15,334909.33,2,1,1,0,TXN0002022,2024-12-04,13648.51,atm,debit,19,2,0,0
C00146,47,Male,Quetta,QTA-001,704,7,295789.53,595594.66,4,1,0,1,TXN0001045,2024-12-05,26401.46,electronics,withdrawal,9,3,0,0
C00181,54,Male,Islamabad,ISB-001,386,9,472482.81,291315.44,4,0,1,0,TXN0001281,2024-12-06,10230.17,grocery,debit,10,4,0,0
C00298,50,Male,Islamabad,ISB-001,706,6,348121.73,458250.4,3,0,1,0,TXN0002067,2024-12-06,1675.34,grocery,debit,15,4,0,0
C00153,51,Male,Karachi,KHI-001,661,8,383851.36,474560.12,1,1,0,1,TXN0001089,2024-12-06,9196.82,grocery,debit,21,4,0,0
C00337,54,Female,Lahore,LHR-001,509,2,5117.57,102890.43,4,1,0,0,TXN0002360,2024-12-06,2329.08,healthcare,transfer,11,4,0,0
C00402,37,Female,Islamabad,ISB-001,824,9,447986.11,146581.92,1,0,0,1,TXN0002800,2024-12-06,3562.82,online,withdrawal,21,4,0,0
C00056,68,Male,Lahore,LHR-001,384,1,55943.44,444257.07,1,0,1,1,TXN0000398,2024-12-07,5323.51,atm,transfer,16,5,1,0
C00434,61,Male,Lahore,LHR-001,458,10,434739.6,380752.39,4,1,1,0,TXN0003037,2024-12-07,877317.72,atm,credit,19,5,1,1
C00169,66,Female,Lahore,LHR-001,690,8,255226.4,214802.91,3,0,0,1,TXN0001194,2024-12-07,926.36,grocery,credit,15,5,1,0
C00212,58,Female,Karachi,KHI-001,617,1,244965.29,308742.37,2,1,0,1,TXN0001468,2024-12-07,9645.51,electronics,credit,19,5,1,0
C00256,22,Male,Quetta,QTA-001,772,3,474906.86,461359.55,3,1,0,0,TXN0001793,2024-12-08,12082.26,restaurant,credit,19,6,1,0
C00298,50,Male,Islamabad,ISB-001,706,6,348121.73,458250.4,3,1,1,0,TXN0002061,2024-12-08,15172.29,restaurant,transfer,11,6,1,0
C00494,52,Female,Islamabad,ISB-001,357,8,5509.59,40186.2,3,1,1,0,TXN0003449,2024-12-08,16962.12,grocery,transfer,11,6,1,0
C00253,60,Female,Karachi,KHI-001,592,8,458179.27,218142.47,1,0,0,0,TXN0001777,2024-12-09,5029.71,online,withdrawal,18,0,0,0
C00353,45,Female,Peshawar,PEW-001,670,8,367474.54,415997.81,4,1,0,0,TXN0002460,2024-12-09,5949.08,atm,debit,10,0,0,0
C00245,24,Male,Karachi,KHI-001,588,4,180166.33,376341.34,2,1,0,0,TXN0001716,2024-12-09,12146.89,travel,debit,12,0,0,0
C00456,61,Female,Islamabad,ISB-001,400,8,100600.77,342250.27,1,1,0,1,TXN0003196,2024-12-09,24269.06,online,debit,20,0,0,0
C00446,44,Female,Islamabad,ISB-001,691,1,235407.65,196633.98,3,0,1,0,TXN0003126,2024-12-09,8264.44,grocery,debit,17,0,0,0
C00319,69,Female,Quetta,QTA-001,835,2,185525.14,441876.04,3,0,0,1,TXN0002228,2024-12-10,24427.9,restaurant,transfer,10,1,0,0
C00310,35,Male,Peshawar,PEW-001,787,7,62064.6,148952.66,1,0,1,0,TXN0002154,2024-12-10,10370.47,online,transfer,19,1,0,0
C00350,56,Male,Peshawar,PEW-001,545,0,50391.17,209153.88,1,0,0,1,TXN0002436,2024-12-10,11569.31,grocery,credit,15,1,0,0
C00275,53,Female,Islamabad,ISB-001,608,8,232542.35,253035.03,2,1,1,1,TXN0001900,2024-12-11,9169.59,grocery,credit,16,2,0,0
C00126,65,Female,Islamabad,ISB-001,771,5,142405.65,274303.88,1,1,0,0,TXN0000899,2024-12-11,1093.71,electronics,credit,18,2,0,0
C00164,28,Male,Lahore,LHR-001,753,4,434161.91,372034.3,1,1,1,0,TXN0001162,2024-12-11,20557.89,electronics,transfer,14,2,0,0
C00159,64,Male,Multan,MUL-001,651,9,449228.05,271297.46,3,1,1,0,TXN0001132,2024-12-11,3281.72,electronics,credit,10,2,0,0
C00080,44,Male,Karachi,KHI-001,414,6,54893.33,152481.09,2,1,1,0,TXN0000575,2024-12-11,21540.19,electronics,transfer,13,2,0,0
C00338,26,Male,Karachi,KHI-001,662,4,96809.09,41447.05,3,0,0,0,TXN0002367,2024-12-11,6551.6,electronics,transfer,12,2,0,0
C00345,49,Female,Karachi,KHI-001,639,0,23610.4,242032.61,2,1,1,0,TXN0002401,2024-12-11,369168.11,atm,credit,18,2,0,1
C00388,50,Male,Lahore,LHR-001,674,6,316740.07,264665.23,1,0,0,0,TXN0002699,2024-12-11,23591.05,restaurant,credit,15,2,0,0
C00329,48,Female,Lahore,LHR-001,521,7,332519.31,484308.06,3,0,1,0,TXN0002295,2024-12-11,3968.29,online,debit,9,2,0,0
C00315,28,Female,Lahore,LHR-001,778,1,230296.12,560579.29,2,1,0,0,TXN0002192,2024-12-12,483507.71,travel,credit,18,3,0,1
C00498,22,Female,Islamabad,ISB-001,450,7,55585.84,256418.07,2,1,1,1,TXN0003475,2024-12-12,9482.43,grocery,debit,15,3,0,0
C00218,65,Male,Lahore,LHR-001,452,5,324301.81,182365.76,2,1,1,0,TXN0001502,2024-12-12,34330.81,atm,withdrawal,17,3,0,0
C00122,44,Female,Multan,MUL-001,710,5,86929.09,316235.03,1,0,1,0,TXN0000867,2024-12-13,14133.73,electronics,credit,20,4,0,0
C00369,61,Female,Islamabad,ISB-001,744,5,296334.34,393928.67,2,0,1,0,TXN0002558,2024-12-13,6756.18,electronics,transfer,13,4,0,0
C00269,23,Female,Islamabad,ISB-001,400,10,239747.47,206246.79,3,0,1,0,TXN0001867,2024-12-13,1375.11,online,debit,14,4,0,0
C00339,69,Male,Lahore,LHR-001,467,4,195062.13,397271.72,1,1,0,1,TXN0002370,2024-12-13,38168.45,atm,debit,13,4,0,0
C00014,61,Male,Peshawar,PEW-001,786,10,414830.74,465652.68,3,0,0,0,TXN0000100,2024-12-13,7952.01,online,debit,19,4,0,0
C00381,38,Female,Karachi,KHI-001,835,10,64567.69,377802.87,4,0,1,0,TXN0002638,2024-12-14,22490.32,travel,debit,12,5,1,0
C00435,37,Male,Islamabad,ISB-001,573,7,126416.34,323829.52,2,0,0,0,TXN0003041,2024-12-14,1590.47,grocery,debit,18,5,1,0
C00297,46,Male,Lahore,LHR-001,823,7,325099.13,347671.97,4,1,0,0,TXN0002058,2024-12-14,25174.61,grocery,debit,17,5,1,0
C00162,34,Female,Peshawar,PEW-001,485,4,489571.06,94540.3,1,0,1,0,TXN0001147,2024-12-14,12084.11,grocery,debit,13,5,1,0
C00057,56,Male,Multan,MUL-001,616,0,270558.27,407910.96,1,1,1,0,TXN0000408,2024-12-14,13888.86,online,debit,10,5,1,0
C00173,65,Female,Islamabad,ISB-001,667,0,444292.94,369511.07,1,0,1,0,TXN0001225,2024-12-14,21333.46,healthcare,credit,13,5,1,0
C00233,69,Male,Karachi,KHI-001,689,2,74309.18,182971.65,3,0,0,1,TXN0001618,2024-12-14,2671.98,restaurant,debit,21,5,1,0
C00309,54,Male,Lahore,LHR-001,626,3,100336.52,308342.61,2,0,1,0,TXN0002150,2024-12-14,15617.82,grocery,debit,10,5,1,0
C00096,46,Male,Karachi,KHI-001,442,4,65791.34,382864.47,4,0,1,0,TXN0000698,2024-12-14,14542.65,grocery,debit,17,5,1,0
C00258,49,Male,Lahore,LHR-001,796,0,477273.03,201663.93,4,1,1,0,TXN0001802,2024-12-15,487828.08,online,credit,19,6,1,1
C00230,27,Female,Lahore,LHR-001,564,0,251245.12,127451.75,1,0,1,0,TXN0001590,2024-12-15,9891.54,restaurant,debit,16,6,1,0
C00311,42,Male,Lahore,LHR-001,456,4,213772.52,133145.7,1,0,0,0,TXN0002164,2024-12-15,2965.99,travel,debit,9,6,1,0
C00134,68,Male,Lahore,LHR-001,611,2,269859.51,451796.17,2,0,1,0,TXN0000955,2024-12-15,4451.89,travel,credit,20,6,1,0
C00257,32,Male,Karachi,KHI-001,607,0,201341.44,90669.75,2,1,0,1,TXN0001795,2024-12-15,964.26,travel,debit,20,6,1,0
C00121,69,Female,Lahore,LHR-001,788,4,290927.82,343788.04,4,0,1,0,TXN0000850,2024-12-15,9617.75,electronics,debit,17,6,1,0
C00312,69,Female,Karachi,KHI-001,495,1,398694.21,385716.98,3,0,1,1,TXN0002175,2024-12-16,8427.44,electronics,transfer,15,0,0,0
C00050,41,Female,Peshawar,PEW-001,826,8,390393.11,591236.79,3,0,0,0,TXN0000354,2024-12-16,14029.97,online,credit,14,0,0,0
C00168,63,Female,Islamabad,ISB-001,644,3,102075.98,405189.02,1,1,1,1,TXN0001188,2024-12-16,1162.31,grocery,debit,21,0,0,0
C00376,23,Male,Islamabad,ISB-001,767,7,37168.27,289642.91,2,0,1,0,TXN0002603,2024-12-16,1573.0,atm,transfer,14,0,0,0
C00430,53,Male,Islamabad,ISB-001,780,5,274170.56,92040.32,2,1,1,0,TXN0003008,2024-12-17,27241.41,electronics,credit,21,1,0,0
C00406,36,Male,Peshawar,PEW-001,611,3,140114.89,597469.07,4,0,0,0,TXN0002838,2024-12-17,4373.58,atm,credit,18,1,0,0
C00042,60,Female,Karachi,KHI-001,459,7,87531.73,178622.38,3,0,1,1,TXN0000302,2024-12-17,8518.52,atm,debit,18,1,0,0
C00391,56,Female,Peshawar,PEW-001,693,6,300650.67,385607.24,4,1,1,0,TXN0002717,2024-12-17,41625.27,restaurant,credit,11,1,0,0
C00144,36,Female,Karachi,KHI-001,458,9,191974.34,484055.41,3,1,0,0,TXN0001030,2024-12-17,19106.37,grocery,transfer,12,1,0,0
C00062,25,Female,Lahore,LHR-001,604,0,272231.02,459530.52,2,0,0,0,TXN0000445,2024-12-17,11274.58,atm,debit,18,1,0,0
C00088,47,Male,Karachi,KHI-001,425,3,327426.77,373074.92,4,0,0,0,TXN0000645,2024-12-17,2881.41,grocery,debit,20,1,0,0
C00318,54,Male,Peshawar,PEW-001,786,10,326832.84,90190.75,3,0,1,0,TXN0002213,2024-12-17,5453.8,travel,debit,16,1,0,0
C00342,56,Female,Islamabad,ISB-001,766,5,9695.29,484496.56,3,1,0,1,TXN0002390,2024-12-17,10398.04,electronics,debit,15,1,0,0
C00282,24,Female,Karachi,KHI-001,515,2,160725.3,134328.86,1,0,1,0,TXN0001960,2024-12-17,933.79,travel,credit,19,1,0,0
C00077,36,Male,Lahore,LHR-001,831,8,309400.38,240368.76,1,1,0,1,TXN0000554,2024-12-17,7043.67,grocery,debit,19,1,0,0
C00315,28,Female,Lahore,LHR-001,778,1,230296.12,560579.29,2,1,0,0,TXN0002191,2024-12-18,7164.57,electronics,debit,19,2,0,0
C00008,40,Female,Karachi,KHI-001,624,7,106475.9,579412.53,4,0,0,0,TXN0000050,2024-12-18,11810.92,electronics,credit,14,2,0,0
C00040,42,Female,Karachi,KHI-001,710,1,366621.82,375063.27,3,0,0,1,TXN0000280,2024-12-18,32806.16,grocery,debit,18,2,0,0
C00365,46,Male,Quetta,QTA-001,844,0,66596.59,168937.85,2,1,1,0,TXN0002539,2024-12-18,20631.62,atm,credit,21,2,0,0
C00457,66,Female,Islamabad,ISB-001,599,1,46628.62,391652.03,4,1,1,0,TXN0003204,2024-12-18,950.34,atm,transfer,9,2,0,0
C00081,61,Male,Karachi,KHI-001,357,3,131727.69,428188.61,1,0,1,0,TXN0000584,2024-12-18,205413.41,grocery,debit,18,2,0,1
C00382,61,Male,Lahore,LHR-001,670,1,28237.95,228847.19,1,0,1,1,TXN0002651,2024-12-18,17872.4,atm,debit,2,2,0,0
C00208,23,Male,Quetta,QTA-001,421,8,285059.43,97853.02,4,0,0,0,TXN0001439,2024-12-18,7109.86,healthcare,debit,15,2,0,0
C00009,44,Male,Islamabad,ISB-001,780,1,192718.15,57529.3,3,0,1,0,TXN0000060,2024-12-19,55182.66,online,debit,21,3,0,0
C00222,53,Female,Quetta,QTA-001,357,10,347154.82,110415.25,1,0,1,0,TXN0001532,2024-12-19,12597.6,grocery,transfer,11,3,0,0
C00353,45,Female,Peshawar,PEW-001,670,8,367474.54,415997.81,4,1,0,0,TXN0002453,2024-12-19,8257.26,online,credit,10,3,0,0
C00106,29,Female,Quetta,QTA-001,660,1,373403.58,445902.87,4,1,0,0,TXN0000757,2024-12-19,21669.77,electronics,transfer,3,3,0,0
C00024,42,Male,Lahore,LHR-001,657,1,343076.12,304058.18,4,0,0,0,TXN0000183,2024-12-19,17922.46,grocery,withdrawal,15,3,0,0
C00361,44,Male,Islamabad,ISB-001,751,9,455617.86,304819.5,1,1,0,0,TXN0002507,2024-12-20,6439.5,healthcare,debit,13,4,0,0
C00088,47,Male,Karachi,KHI-001,425,3,327426.77,373074.92,4,0,0,0,TXN0000646,2024-12-20,4499.87,online,debit,19,4,0,0
C00480,47,Female,Karachi,KHI-001,784,0,33670.63,502112.43,3,1,0,1,TXN0003361,2024-12-20,5272.83,electronics,transfer,17,4,0,0
C00425,26,Male,Quetta,QTA-001,550,8,442038.6,51214.76,1,0,0,0,TXN0002972,2024-12-20,1049.1,online,credit,15,4,0,0
C00210,49,Male,Islamabad,ISB-001,794,9,238177.4,425396.4,1,0,1,0,TXN0001456,2024-12-20,708713.57,online,withdrawal,14,4,0,1
C00481,47,Female,Lahore,LHR-001,622,5,41973.74,413131.86,3,1,1,1,TXN0003366,2024-12-20,26895.85,restaurant,transfer,21,4,0,0
C00081,61,Male,Karachi,KHI-001,357,3,131727.69,428188.61,1,1,1,0,TXN0000583,2024-12-21,12696.41,atm,credit,19,5,1,0
C00243,40,Male,Karachi,KHI-001,834,4,386601.13,485485.81,4,0,1,0,TXN0001694,2024-12-21,4449.22,restaurant,withdrawal,19,5,1,0
C00183,48,Male,Islamabad,ISB-001,390,5,206164.19,121623.68,4,0,0,0,TXN0001291,2024-12-21,15445.37,electronics,debit,9,5,1,0
C00230,27,Female,Lahore,LHR-001,564,0,251245.12,127451.75,1,0,1,0,TXN0001593,2024-12-22,3607.15,restaurant,debit,13,6,1,0
C00476,67,Male,Islamabad,ISB-001,460,10,87356.91,543026.51,4,1,1,1,TXN0003319,2024-12-23,41385.6,travel,debit,12,0,0,0
C00436,34,Male,Peshawar,PEW-001,845,6,82883.63,129210.25,3,1,0,0,TXN0003049,2024-12-24,8395.14,grocery,credit,19,1,0,0
C00188,27,Female,Karachi,KHI-001,408,3,424823.41,241180.42,4,1,1,0,TXN0001321,2024-12-24,7547.57,electronics,credit,21,1,0,0
C00307,54,Male,Peshawar,PEW-001,643,9,64658.68,252841.73,1,0,1,0,TXN0002124,2024-12-24,7535.01,restaurant,credit,22,1,0,0
C00299,39,Male,Islamabad,ISB-001,562,9,30539.92,440674.91,4,0,1,0,TXN0002069,2024-12-24,5728.39,electronics,credit,9,1,0,0
C00092,50,Female,Karachi,KHI-001,710,4,43273.93,563713.02,4,1,0,0,TXN0000671,2024-12-25,2525.9,electronics,debit,15,2,0,0
C00075,52,Male,Islamabad,ISB-001,384,0,214680.45,86204.78,1,0,0,0,TXN0000546,2024-12-25,13774.3,atm,debit,16,2,0,0
C00371,45,Male,Quetta,QTA-001,718,6,442678.49,119393.66,4,1,1,0,TXN0002570,2024-12-25,13989.08,atm,transfer,19,2,0,0
C00430,53,Male,Islamabad,ISB-001,780,5,274170.56,92040.32,2,1,1,0,TXN0003011,2024-12-26,12143.78,electronics,credit,19,3,0,0
C00196,45,Male,Lahore,LHR-001,843,10,413428.13,523961.06,4,1,1,0,TXN0001363,2024-12-26,46120.66,grocery,debit,19,3,0,0
C00210,49,Male,Islamabad,ISB-001,794,9,238177.4,425396.4,1,0,1,0,TXN0001457,2024-12-26,740328.6,online,transfer,13,3,0,1
C00452,55,Female,Islamabad,ISB-001,391,0,5554.46,357282.2,2,0,0,1,TXN0003170,2024-12-26,500.25,restaurant,debit,14,3,0,0
C00393,45,Female,Islamabad,ISB-001,416,0,133815.52,505843.34,3,0,0,0,TXN0002741,2024-12-26,2454.39,restaurant,withdrawal,18,3,0,0
C00293,56,Female,Lahore,LHR-001,670,3,363431.15,334909.33,2,0,1,0,TXN0002024,2024-12-26,16025.44,healthcare,debit,9,3,0,0
C00115,28,Female,Islamabad,ISB-001,691,8,243014.3,282846.99,2,1,1,0,TXN0000813,2024-12-26,13490.46,online,credit,10,3,0,0
C00121,69,Female,Lahore,LHR-001,788,4,290927.82,343788.04,4,1,1,0,TXN0000855,2024-12-26,12276.9,travel,debit,16,3,0,0
C00042,60,Female,Karachi,KHI-001,459,7,87531.73,178622.38,3,0,1,1,TXN0000303,2024-12-26,233624.37,online,debit,19,3,0,1
C00340,40,Female,Lahore,LHR-001,449,1,466632.01,328498.1,4,0,0,1,TXN0002376,2024-12-26,882.67,grocery,credit,12,3,0,0
C00460,60,Male,Islamabad,ISB-001,779,9,62342.71,443996.36,2,1,0,1,TXN0003214,2024-12-27,16338.59,grocery,transfer,10,4,0,0
C00302,23,Male,Karachi,KHI-001,476,4,296190.56,281282.77,3,0,1,0,TXN0002094,2024-12-27,1683.53,electronics,debit,8,4,0,0
C00299,39,Male,Islamabad,ISB-001,562,9,30539.92,440674.91,4,0,1,0,TXN0002075,2024-12-27,3091.58,online,transfer,19,4,0,0
C00190,48,Female,Karachi,KHI-001,532,7,438839.82,379101.37,3,1,0,0,TXN0001334,2024-12-27,17965.76,grocery,debit,11,4,0,0
C00320,33,Female,Karachi,KHI-001,471,8,282535.21,263946.92,4,0,0,0,TXN0002233,2024-12-27,18478.26,restaurant,withdrawal,20,4,0,0
C00341,25,Male,Islamabad,ISB-001,729,9,39664.7,372381.6,1,0,1,0,TXN0002386,2024-12-28,11023.21,online,debit,1,5,1,0
C00419,64,Female,Karachi,KHI-001,706,1,268638.25,208477.74,2,0,1,0,TXN0002929,2024-12-29,3763.37,restaurant,transfer,9,6,1,0
C00292,41,Male,Lahore,LHR-001,584,1,380722.74,123435.44,4,1,1,0,TXN0002015,2024-12-29,55249.1,online,credit,11,6,1,0
C00374,43,Female,Karachi,KHI-001,674,9,494646.53,418471.1,4,0,1,0,TXN0002587,2024-12-29,14419.29,electronics,credit,11,6,1,0
C00050,41,Female,Peshawar,PEW-001,826,8,390393.11,591236.79,3,0,0,0,TXN0000355,2024-12-29,3677.03,grocery,debit,2,6,1,0
C00299,39,Male,Islamabad,ISB-001,562,9,30539.92,440674.91,4,1,1,0,TXN0002074,2024-12-30,437478.3,online,credit,12,0,0,1
C00390,47,Male,Islamabad,ISB-001,725,9,261538.88,232393.87,3,1,0,0,TXN0002711,2024-12-30,16314.4,online,transfer,12,0,0,0
C00192,58,Female,Karachi,KHI-001,388,1,353453.34,338766.68,1,0,1,0,TXN0001339,2024-12-30,909.62,grocery,credit,8,0,0,0
C00133,58,Female,Quetta,QTA-001,617,5,431012.85,392108.3,2,0,0,1,TXN0000944,2024-12-30,569.85,travel,debit,12,0,0,0
C00233,69,Male,Karachi,KHI-001,689,2,74309.18,182971.65,3,1,0,1,TXN0001616,2024-12-30,22642.52,electronics,withdrawal,17,0,0,0
C00357,56,Female,Peshawar,PEW-001,624,5,427146.8,277409.1,4,1,1,0,TXN0002479,2024-12-30,21597.16,grocery,transfer,10,0,0,0
