transaction_ref,amount,merchant_category,transaction_type,location,hour,day_of_week,is_weekend,transaction_date,is_fraud
TXN0000000,8358.83,grocery,debit,Lahore,10,6,1,2024-01-01 00:00:00,0
TXN0000001,1513.67,grocery,debit,Lahore,9,0,0,2024-01-01 00:30:00,0
TXN0000002,16470.5,online,credit,Peshawar,16,2,0,2024-01-01 01:00:00,0
TXN0000003,7597.05,atm,transfer,Peshawar,18,3,0,2024-01-01 01:30:00,0
TXN0000004,1368.24,electronics,transfer,Peshawar,11,1,0,2024-01-01 02:00:00,0
TXN0000005,26232.84,online,credit,Karachi,17,2,0,2024-01-01 02:30:00,0
TXN0000006,5844.56,online,debit,Peshawar,20,6,1,2024-01-01 03:00:00,0
TXN0000007,605.54,grocery,transfer,Peshawar,13,4,1,2024-01-01 03:30:00,0
TXN0000008,7885.83,electronics,credit,Quetta,9,1,1,2024-01-01 04:00:00,0
TXN0000009,2335.65,grocery,debit,Karachi,16,5,1,2024-01-01 04:30:00,0
TXN0000010,13024.62,grocery,debit,Islamabad,14,3,0,2024-01-01 05:00:00,0
TXN0000011,265724.55,atm,credit,Islamabad,3,3,0,2024-01-01 05:30:00,1
TXN0000012,30885.83,atm,credit,Multan,12,1,0,2024-01-01 06:00:00,0
TXN0000013,5575.15,atm,transfer,Quetta,14,4,0,2024-01-01 06:30:00,0
TXN0000014,4855.12,atm,withdrawal,Lahore,21,0,0,2024-01-01 07:00:00,0
TXN0000015,11202.35,atm,debit,Multan,11,0,0,2024-01-01 07:30:00,0
TXN0000016,1136.85,online,withdrawal,Islamabad,20,3,1,2024-01-01 08:00:00,0
TXN0000017,6333.41,online,transfer,Karachi,17,6,0,2024-01-01 08:30:00,0
TXN0000018,6321.63,online,credit,Lahore,20,6,0,2024-01-01 09:00:00,0
TXN0000019,749.85,online,transfer,Peshawar,14,4,1,2024-01-01 09:30:00,0
TXN0000020,4330.06,electronics,transfer,Karachi,9,3,1,2024-01-01 10:00:00,0
TXN0000021,15354.1,atm,debit,Lahore,14,0,0,2024-01-01 10:30:00,0
TXN0000022,15512.07,electronics,transfer,Islamabad,11,3,1,2024-01-01 11:00:00,0
TXN0000023,836.11,online,transfer,Multan,11,1,1,2024-01-01 11:30:00,0
TXN0000024,760.83,travel,transfer,Peshawar,8,6,0,2024-01-01 12:00:00,0
TXN0000025,2438.03,electronics,transfer,Peshawar,19,6,0,2024-01-01 12:30:00,0
TXN0000026,16620.57,healthcare,credit,Karachi,10,5,1,2024-01-01 13:00:00,0
TXN0000027,1104.01,electronics,transfer,Multan,12,1,1,2024-01-01 13:30:00,0
TXN0000028,10183.63,electronics,transfer,Peshawar,12,5,1,2024-01-01 14:00:00,0
TXN0000029,853.25,grocery,credit,Lahore,9,4,1,2024-01-01 14:30:00,0
TXN0000030,7807.01,atm,debit,Quetta,11,0,1,2024-01-01 15:00:00,0
TXN0000031,3521.29,online,transfer,Islamabad,8,4,1,2024-01-01 15:30:00,0
TXN0000032,12443.92,online,debit,Karachi,16,4,0,2024-01-01 16:00:00,0
TXN0000033,2129.35,atm,transfer,Multan,8,0,0,2024-01-01 16:30:00,0
TXN0000034,258389.58,electronics,withdrawal,Quetta,2,2,1,2024-01-01 17:00:00,1
TXN0000035,2150.18,grocery,debit,Quetta,14,2,1,2024-01-01 17:30:00,0
TXN0000036,10004.61,grocery,debit,Karachi,10,3,0,2024-01-01 18:00:00,0
TXN0000037,16551.37,atm,debit,Lahore,19,2,1,2024-01-01 18:30:00,0
TXN0000038,1084.74,online,credit,Multan,8,1,0,2024-01-01 19:00:00,0
TXN0000039,16114.97,grocery,withdrawal,Islamabad,14,6,1,2024-01-01 19:30:00,0
TXN0000040,7202.85,grocery,credit,Karachi,10,5,1,2024-01-01 20:00:00,0
TXN0000041,1087.57,grocery,debit,Multan,20,6,1,2024-01-01 20:30:00,0
TXN0000042,4462.53,online,credit,Quetta,17,4,1,2024-01-01 21:00:00,0
TXN0000043,1403.02,grocery,transfer,Quetta,19,6,0,2024-01-01 21:30:00,0
TXN0000044,9641.06,grocery,debit,Karachi,19,3,0,2024-01-01 22:00:00,0
TXN0000045,11379.29,electronics,transfer,Multan,13,4,0,2024-01-01 22:30:00,0
TXN0000046,894.58,online,debit,Quetta,20,0,0,2024-01-01 23:00:00,0
TXN0000047,5644.02,online,transfer,Karachi,19,6,1,2024-01-01 23:30:00,0
TXN0000048,13483.0,travel,debit,Karachi,21,2,0,2024-01-02 00:00:00,0
TXN0000049,22011.38,online,debit,Islamabad,13,0,0,2024-01-02 00:30:00,0
TXN0000050,203999.7,online,transfer,Karachi,3,3,0,2024-01-02 01:00:00,1
TXN0000051,24010.66,healthcare,credit,Multan,19,5,1,2024-01-02 01:30:00,0
TXN0000052,6137.61,grocery,debit,Multan,11,1,1,2024-01-02 02:00:00,0
TXN0000053,4009.52,online,withdrawal,Quetta,19,2,1,2024-01-02 02:30:00,0
TXN0000054,15081.7,travel,transfer,Peshawar,18,0,1,2024-01-02 03:00:00,0
TXN0000055,5433.68,grocery,debit,Islamabad,13,5,1,2024-01-02 03:30:00,0
TXN0000056,5107.79,atm,credit,Multan,18,6,0,2024-01-02 04:00:00,0
TXN0000057,5391.66,electronics,transfer,Quetta,17,2,0,2024-01-02 04:30:00,0
TXN0000058,15007.31,electronics,transfer,Quetta,11,4,0,2024-01-02 05:00:00,0
TXN0000059,14267.55,electronics,debit,Islamabad,20,1,0,2024-01-02 05:30:00,0
TXN0000060,4133.68,grocery,credit,Islamabad,15,6,1,2024-01-02 06:00:00,0
TXN0000061,3243.32,travel,credit,Quetta,16,5,0,2024-01-02 06:30:00,0
TXN0000062,5417.06,travel,transfer,Peshawar,9,2,1,2024-01-02 07:00:00,0
TXN0000063,6803.51,atm,debit,Lahore,14,6,1,2024-01-02 07:30:00,0
TXN0000064,2178.01,atm,transfer,Quetta,16,1,0,2024-01-02 08:00:00,0
TXN0000065,12637.29,grocery,debit,Islamabad,16,5,0,2024-01-02 08:30:00,0
TXN0000066,5331.77,online,transfer,Karachi,19,4,0,2024-01-02 09:00:00,0
TXN0000067,3252.27,restaurant,withdrawal,Karachi,12,4,0,2024-01-02 09:30:00,0
TXN0000068,903.75,grocery,debit,Islamabad,8,0,0,2024-01-02 10:00:00,0
TXN0000069,557019.72,travel,debit,Islamabad,23,3,1,2024-01-02 10:30:00,1
TXN0000070,23851.66,atm,credit,Lahore,15,0,0,2024-01-02 11:00:00,0
TXN0000071,2911.9,online,transfer,Multan,8,1,1,2024-01-02 11:30:00,0
TXN0000072,1479.65,grocery,debit,Islamabad,9,0,1,2024-01-02 12:00:00,0
TXN0000073,4939.46,electronics,transfer,Karachi,20,5,0,2024-01-02 12:30:00,0
TXN0000074,2934.82,online,transfer,Peshawar,20,2,1,2024-01-02 13:00:00,0
TXN0000075,286.34,healthcare,transfer,Islamabad,8,5,1,2024-01-02 13:30:00,0
TXN0000076,3122.39,grocery,transfer,Lahore,12,0,1,2024-01-02 14:00:00,0
TXN0000077,6284.01,healthcare,debit,Peshawar,9,3,1,2024-01-02 14:30:00,0
TXN0000078,6418.56,electronics,withdrawal,Lahore,17,5,1,2024-01-02 15:00:00,0
TXN0000079,3527.4,grocery,debit,Peshawar,17,5,0,2024-01-02 15:30:00,0
TXN0000080,4743.56,travel,debit,Islamabad,21,5,0,2024-01-02 16:00:00,0
TXN0000081,26938.52,online,debit,Karachi,11,3,0,2024-01-02 16:30:00,0
TXN0000082,3790.15,grocery,transfer,Peshawar,8,5,1,2024-01-02 17:00:00,0
TXN0000083,2389.69,electronics,transfer,Quetta,14,1,1,2024-01-02 17:30:00,0
TXN0000084,2232.07,restaurant,debit,Multan,15,4,0,2024-01-02 18:00:00,0
TXN0000085,4896.44,healthcare,transfer,Lahore,12,3,1,2024-01-02 18:30:00,0
TXN0000086,11400.95,electronics,transfer,Peshawar,9,1,1,2024-01-02 19:00:00,0
TXN0000087,1845.26,grocery,credit,Lahore,15,3,1,2024-01-02 19:30:00,0
TXN0000088,9883.6,atm,transfer,Karachi,8,3,1,2024-01-02 20:00:00,0
TXN0000089,171.01,online,debit,Lahore,14,4,1,2024-01-02 20:30:00,0
TXN0000090,4343.11,grocery,debit,Lahore,8,2,0,2024-01-02 21:00:00,0
TXN0000091,11964.06,restaurant,transfer,Quetta,19,1,0,2024-01-02 21:30:00,0
TXN0000092,3308.78,grocery,credit,Lahore,13,3,1,2024-01-02 22:00:00,0
TXN0000093,6636.08,online,debit,Peshawar,20,6,0,2024-01-02 22:30:00,0
TXN0000094,1835.1,travel,transfer,Lahore,13,3,0,2024-01-02 23:00:00,0
TXN0000095,10838.22,online,transfer,Islamabad,12,0,1,2024-01-02 23:30:00,0
TXN0000096,429.56,grocery,credit,Lahore,9,5,0,2024-01-03 00:00:00,0
TXN0000097,15313.73,online,debit,Islamabad,9,2,0,2024-01-03 00:30:00,0
TXN0000098,1767.13,healthcare,credit,Multan,16,4,1,2024-01-03 01:00:00,0
TXN0000099,16597.1,travel,transfer,Lahore,12,6,0,2024-01-03 01:30:00,0
TXN0000100,3477.45,online,debit,Multan,12,1,1,2024-01-03 02:00:00,0
TXN0000101,10260.77,grocery,debit,Lahore,14,3,0,2024-01-03 02:30:00,0
TXN0000102,3076.19,restaurant,credit,Peshawar,13,5,0,2024-01-03 03:00:00,0
TXN0000103,18908.17,healthcare,credit,Islamabad,9,1,0,2024-01-03 03:30:00,0
TXN0000104,1083.23,atm,debit,Multan,18,4,0,2024-01-03 04:00:00,0
TXN0000105,1573.18,online,debit,Multan,8,2,1,2024-01-03 04:30:00,0
TXN0000106,5434.43,healthcare,debit,Islamabad,12,0,1,2024-01-03 05:00:00,0
TXN0000107,683.93,grocery,debit,Quetta,11,2,0,2024-01-03 05:30:00,0
TXN0000108,1745.05,travel,debit,Lahore,19,0,1,2024-01-03 06:00:00,0
TXN0000109,23025.92,online,credit,Lahore,10,1,1,2024-01-03 06:30:00,0
TXN0000110,30002.52,travel,credit,Peshawar,9,2,0,2024-01-03 07:00:00,0
TXN0000111,3776.16,atm,credit,Quetta,17,2,0,2024-01-03 07:30:00,0
TXN0000112,20541.37,online,credit,Quetta,9,2,1,2024-01-03 08:00:00,0
TXN0000113,6296.58,grocery,debit,Peshawar,21,4,1,2024-01-03 08:30:00,0
TXN0000114,2514.86,electronics,credit,Multan,11,1,1,2024-01-03 09:00:00,0
TXN0000115,9696.01,electronics,debit,Islamabad,9,6,1,2024-01-03 09:30:00,0
TXN0000116,8604.68,online,debit,Multan,11,0,0,2024-01-03 10:00:00,0
TXN0000117,36170.54,electronics,debit,Karachi,10,2,1,2024-01-03 10:30:00,0
TXN0000118,2463.59,grocery,withdrawal,Peshawar,16,1,1,2024-01-03 11:00:00,0
TXN0000119,8919.38,online,debit,Islamabad,14,6,1,2024-01-03 11:30:00,0
TXN0000120,427.41,restaurant,withdrawal,Multan,21,5,0,2024-01-03 12:00:00,0
TXN0000121,965.11,restaurant,debit,Multan,20,4,1,2024-01-03 12:30:00,0
TXN0000122,31.41,healthcare,credit,Quetta,18,4,1,2024-01-03 13:00:00,0
TXN0000123,60201.63,atm,transfer,Peshawar,19,5,0,2024-01-03 13:30:00,0
TXN0000124,12966.97,grocery,debit,Karachi,10,1,0,2024-01-03 14:00:00,0
TXN0000125,12361.31,restaurant,debit,Lahore,20,0,1,2024-01-03 14:30:00,0
TXN0000126,5702.33,electronics,withdrawal,Peshawar,21,1,0,2024-01-03 15:00:00,0
TXN0000127,2854.17,atm,credit,Karachi,15,1,1,2024-01-03 15:30:00,0
TXN0000128,1312.06,online,debit,Karachi,16,3,1,2024-01-03 16:00:00,0
TXN0000129,2680.14,atm,debit,Peshawar,20,6,0,2024-01-03 16:30:00,0
TXN0000130,3772.47,travel,withdrawal,Islamabad,14,4,0,2024-01-03 17:00:00,0
TXN0000131,11294.87,grocery,transfer,Peshawar,13,0,0,2024-01-03 17:30:00,0
TXN0000132,6206.35,online,credit,Multan,11,3,1,2024-01-03 18:00:00,0
TXN0000133,645.2,grocery,debit,Quetta,12,5,0,2024-01-03 18:30:00,0
TXN0000134,145.55,healthcare,transfer,Multan,15,1,1,2024-01-03 19:00:00,0
TXN0000135,863.64,online,debit,Karachi,10,5,0,2024-01-03 19:30:00,0
TXN0000136,4227.83,online,credit,Karachi,9,4,1,2024-01-03 20:00:00,0
TXN0000137,21647.57,restaurant,transfer,Lahore,10,3,1,2024-01-03 20:30:00,0
TXN0000138,8115.69,online,debit,Karachi,19,6,0,2024-01-03 21:00:00,0
TXN0000139,101344.04,electronics,credit,Lahore,0,3,0,2024-01-03 21:30:00,1
TXN0000140,328334.7,electronics,transfer,Karachi,3,0,1,2024-01-03 22:00:00,1
TXN0000141,3591.15,online,transfer,Karachi,8,6,0,2024-01-03 22:30:00,0
TXN0000142,917.9,restaurant,debit,Peshawar,20,1,0,2024-01-03 23:00:00,0
TXN0000143,16695.47,atm,debit,Peshawar,14,0,0,2024-01-03 23:30:00,0
TXN0000144,12228.77,healthcare,debit,Quetta,16,3,0,2024-01-04 00:00:00,0
TXN0000145,1472.52,grocery,debit,Multan,19,6,0,2024-01-04 00:30:00,0
TXN0000146,5743.79,electronics,credit,Islamabad,20,3,0,2024-01-04 01:00:00,0
TXN0000147,5345.68,grocery,credit,Quetta,21,0,0,2024-01-04 01:30:00,0
TXN0000148,7848.59,atm,debit,Karachi,21,3,1,2024-01-04 02:00:00,0
TXN0000149,23377.91,grocery,debit,Quetta,10,6,0,2024-01-04 02:30:00,0
TXN0000150,6935.65,grocery,debit,Peshawar,10,2,1,2024-01-04 03:00:00,0
TXN0000151,6216.01,online,credit,Multan,15,4,0,2024-01-04 03:30:00,0
TXN0000152,413.07,travel,credit,Karachi,11,1,1,2024-01-04 04:00:00,0
TXN0000153,519.79,atm,credit,Karachi,21,4,1,2024-01-04 04:30:00,0
TXN0000154,381909.14,travel,transfer,Quetta,23,1,0,2024-01-04 05:00:00,1
TXN0000155,264.08,travel,transfer,Multan,12,6,0,2024-01-04 05:30:00,0
TXN0000156,10880.43,travel,credit,Lahore,21,3,0,2024-01-04 06:00:00,0
TXN0000157,10279.45,restaurant,debit,Islamabad,10,6,0,2024-01-04 06:30:00,0
TXN0000158,1169.98,electronics,credit,Multan,11,0,1,2024-01-04 07:00:00,0
TXN0000159,14466.96,electronics,debit,Quetta,21,0,1,2024-01-04 07:30:00,0
TXN0000160,1345.32,electronics,debit,Quetta,11,3,0,2024-01-04 08:00:00,0
TXN0000161,2866.85,grocery,withdrawal,Islamabad,15,1,1,2024-01-04 08:30:00,0
TXN0000162,2290.55,restaurant,debit,Karachi,13,3,0,2024-01-04 09:00:00,0
TXN0000163,3725.63,grocery,credit,Karachi,14,1,1,2024-01-04 09:30:00,0
TXN0000164,2351.36,restaurant,credit,Lahore,16,3,0,2024-01-04 10:00:00,0
TXN0000165,5370.32,electronics,debit,Quetta,13,3,1,2024-01-04 10:30:00,0
TXN0000166,4185.99,restaurant,debit,Islamabad,10,3,0,2024-01-04 11:00:00,0
TXN0000167,34481.81,atm,credit,Quetta,20,0,1,2024-01-04 11:30:00,0
TXN0000168,460.41,online,debit,Peshawar,10,1,0,2024-01-04 12:00:00,0
TXN0000169,1226.9,online,debit,Quetta,18,5,0,2024-01-04 12:30:00,0
TXN0000170,434.18,electronics,withdrawal,Quetta,10,3,1,2024-01-04 13:00:00,0
TXN0000171,7864.6,online,credit,Peshawar,19,4,1,2024-01-04 13:30:00,0
TXN0000172,448.41,electronics,debit,Peshawar,17,4,1,2024-01-04 14:00:00,0
TXN0000173,14484.59,travel,debit,Islamabad,9,6,1,2024-01-04 14:30:00,0
TXN0000174,5738.51,atm,credit,Karachi,8,6,1,2024-01-04 15:00:00,0
TXN0000175,5989.41,grocery,debit,Lahore,18,0,0,2024-01-04 15:30:00,0
TXN0000176,6596.89,atm,debit,Peshawar,17,2,1,2024-01-04 16:00:00,0
TXN0000177,1498.48,electronics,credit,Karachi,8,5,1,2024-01-04 16:30:00,0
TXN0000178,1762.08,online,debit,Islamabad,11,0,1,2024-01-04 17:00:00,0
TXN0000179,3071.4,restaurant,credit,Multan,10,2,1,2024-01-04 17:30:00,0
TXN0000180,7201.3,online,credit,Quetta,12,0,0,2024-01-04 18:00:00,0
TXN0000181,1886.97,online,debit,Islamabad,19,6,0,2024-01-04 18:30:00,0
TXN0000182,989.39,atm,debit,Islamabad,16,4,0,2024-01-04 19:00:00,0
TXN0000183,28083.69,restaurant,credit,Peshawar,19,3,0,2024-01-04 19:30:00,0
TXN0000184,177.82,grocery,credit,Lahore,20,1,1,2024-01-04 20:00:00,0
TXN0000185,12984.13,online,debit,Peshawar,15,6,0,2024-01-04 20:30:00,0
TXN0000186,12410.68,travel,debit,Quetta,19,3,0,2024-01-04 21:00:00,0
TXN0000187,2821.62,grocery,withdrawal,Peshawar,16,4,1,2024-01-04 21:30:00,0
TXN0000188,1166.0,grocery,debit,Quetta,20,1,1,2024-01-04 22:00:00,0
TXN0000189,1259.11,electronics,withdrawal,Peshawar,12,2,1,2024-01-04 22:30:00,0
TXN0000190,9563.58,online,debit,Multan,15,2,1,2024-01-04 23:00:00,0
TXN0000191,8235.82,restaurant,debit,Lahore,11,4,1,2024-01-04 23:30:00,0
TXN0000192,12213.49,atm,credit,Multan,12,1,1,2024-01-05 00:00:00,0
TXN0000193,22178.3,online,debit,Karachi,19,3,0,2024-01-05 00:30:00,0
TXN0000194,9419.36,grocery,debit,Lahore,10,4,0,2024-01-05 01:00:00,0
TXN0000195,1355.42,electronics,debit,Peshawar,12,2,1,2024-01-05 01:30:00,0
TXN0000196,2231.82,electronics,withdrawal,Islamabad,19,4,0,2024-01-05 02:00:00,0
TXN0000197,14771.1,online,debit,Karachi,10,3,1,2024-01-05 02:30:00,0
TXN0000198,1878.75,grocery,credit,Islamabad,12,0,1,2024-01-05 03:00:00,0
TXN0000199,602.29,online,transfer,Multan,18,5,0,2024-01-05 03:30:00,0
TXN0000200,9719.73,restaurant,transfer,Lahore,21,5,0,2024-01-05 04:00:00,0
TXN0000201,4120.36,atm,transfer,Karachi,12,6,0,2024-01-05 04:30:00,0
TXN0000202,20209.84,atm,debit,Multan,13,5,0,2024-01-05 05:00:00,0
TXN0000203,8404.41,online,debit,Peshawar,16,0,0,2024-01-05 05:30:00,0
TXN0000204,758.17,grocery,debit,Islamabad,8,3,1,2024-01-05 06:00:00,0
TXN0000205,23630.06,grocery,debit,Peshawar,19,6,0,2024-01-05 06:30:00,0
TXN0000206,2393.26,atm,debit,Quetta,17,1,0,2024-01-05 07:00:00,0
TXN0000207,3290.41,online,debit,Karachi,21,4,1,2024-01-05 07:30:00,0
TXN0000208,4116.8,online,withdrawal,Islamabad,13,3,0,2024-01-05 08:00:00,0
TXN0000209,420.66,grocery,withdrawal,Lahore,8,0,0,2024-01-05 08:30:00,0
TXN0000210,5489.62,online,debit,Lahore,13,6,0,2024-01-05 09:00:00,0
TXN0000211,1052.89,grocery,debit,Lahore,9,2,0,2024-01-05 09:30:00,0
TXN0000212,4099.55,grocery,debit,Multan,15,5,0,2024-01-05 10:00:00,0
TXN0000213,3455.0,electronics,debit,Lahore,18,5,1,2024-01-05 10:30:00,0
TXN0000214,11856.81,travel,debit,Islamabad,10,3,0,2024-01-05 11:00:00,0
TXN0000215,13003.34,grocery,withdrawal,Multan,17,5,0,2024-01-05 11:30:00,0
TXN0000216,1332.34,grocery,debit,Quetta,21,5,1,2024-01-05 12:00:00,0
TXN0000217,3652.61,atm,debit,Lahore,13,3,0,2024-01-05 12:30:00,0
TXN0000218,3738.98,online,debit,Lahore,13,3,1,2024-01-05 13:00:00,0
TXN0000219,1313.44,online,withdrawal,Multan,11,6,1,2024-01-05 13:30:00,0
TXN0000220,12813.88,travel,withdrawal,Lahore,12,0,1,2024-01-05 14:00:00,0
TXN0000221,9826.9,healthcare,transfer,Quetta,9,0,0,2024-01-05 14:30:00,0
TXN0000222,1689.54,grocery,credit,Multan,17,5,0,2024-01-05 15:00:00,0
TXN0000223,3654.77,grocery,debit,Multan,17,6,0,2024-01-05 15:30:00,0
TXN0000224,894.65,online,debit,Karachi,15,3,0,2024-01-05 16:00:00,0
TXN0000225,7915.34,grocery,credit,Multan,17,3,1,2024-01-05 16:30:00,0
TXN0000226,231152.63,online,transfer,Lahore,3,5,1,2024-01-05 17:00:00,1
TXN0000227,34112.05,online,debit,Multan,17,1,1,2024-01-05 17:30:00,0
TXN0000228,12137.86,healthcare,debit,Lahore,13,2,0,2024-01-05 18:00:00,0
TXN0000229,3957.5,restaurant,credit,Lahore,14,4,1,2024-01-05 18:30:00,0
TXN0000230,6912.7,restaurant,debit,Multan,19,4,0,2024-01-05 19:00:00,0
TXN0000231,19383.74,grocery,credit,Karachi,8,5,1,2024-01-05 19:30:00,0
TXN0000232,6461.27,restaurant,debit,Lahore,21,6,1,2024-01-05 20:00:00,0
TXN0000233,1534.11,grocery,debit,Karachi,21,4,1,2024-01-05 20:30:00,0
TXN0000234,3807.57,online,credit,Karachi,12,0,0,2024-01-05 21:00:00,0
TXN0000235,14819.46,atm,withdrawal,Multan,14,6,1,2024-01-05 21:30:00,0
TXN0000236,8267.38,grocery,debit,Peshawar,8,6,1,2024-01-05 22:00:00,0
TXN0000237,8415.15,online,debit,Peshawar,9,0,0,2024-01-05 22:30:00,0
TXN0000238,16128.52,grocery,debit,Lahore,16,1,1,2024-01-05 23:00:00,0
TXN0000239,17952.5,electronics,credit,Islamabad,19,5,1,2024-01-05 23:30:00,0
TXN0000240,20185.11,restaurant,transfer,Peshawar,10,0,0,2024-01-06 00:00:00,0
TXN0000241,797.23,grocery,debit,Multan,13,5,0,2024-01-06 00:30:00,0
TXN0000242,6284.31,grocery,debit,Multan,14,5,0,2024-01-06 01:00:00,0
TXN0000243,10792.28,travel,withdrawal,Peshawar,16,6,0,2024-01-06 01:30:00,0
TXN0000244,11315.14,restaurant,transfer,Islamabad,12,3,1,2024-01-06 02:00:00,0
TXN0000245,7465.79,grocery,credit,Quetta,11,2,1,2024-01-06 02:30:00,0
TXN0000246,1459.73,electronics,debit,Lahore,18,2,0,2024-01-06 03:00:00,0
TXN0000247,358968.57,restaurant,debit,Quetta,23,5,1,2024-01-06 03:30:00,1
TXN0000248,702895.22,grocery,transfer,Quetta,1,2,1,2024-01-06 04:00:00,1
TXN0000249,720.59,electronics,credit,Karachi,10,2,0,2024-01-06 04:30:00,0
TXN0000250,4986.13,atm,credit,Karachi,12,4,1,2024-01-06 05:00:00,0
TXN0000251,1529.07,online,debit,Lahore,18,6,1,2024-01-06 05:30:00,0
TXN0000252,3293.6,atm,credit,Islamabad,20,4,1,2024-01-06 06:00:00,0
TXN0000253,145.97,grocery,transfer,Karachi,9,3,0,2024-01-06 06:30:00,0
TXN0000254,4091.0,restaurant,withdrawal,Peshawar,20,1,1,2024-01-06 07:00:00,0
TXN0000255,6385.87,restaurant,debit,Lahore,11,6,1,2024-01-06 07:30:00,0
TXN0000256,7731.89,grocery,credit,Multan,8,0,1,2024-01-06 08:00:00,0
TXN0000257,8713.03,grocery,credit,Quetta,11,0,0,2024-01-06 08:30:00,0
TXN0000258,14477.33,healthcare,transfer,Lahore,14,4,0,2024-01-06 09:00:00,0
TXN0000259,1941.29,travel,transfer,Multan,21,5,1,2024-01-06 09:30:00,0
TXN0000260,1027.05,online,withdrawal,Multan,19,2,1,2024-01-06 10:00:00,0
TXN0000261,430853.8,online,withdrawal,Karachi,0,3,0,2024-01-06 10:30:00,1
TXN0000262,1362.63,atm,debit,Multan,17,1,0,2024-01-06 11:00:00,0
TXN0000263,29434.63,atm,transfer,Islamabad,15,4,0,2024-01-06 11:30:00,0
TXN0000264,14788.58,grocery,credit,Multan,13,5,0,2024-01-06 12:00:00,0
TXN0000265,5559.22,grocery,debit,Multan,13,3,1,2024-01-06 12:30:00,0
TXN0000266,31885.97,restaurant,debit,Quetta,21,5,0,2024-01-06 13:00:00,0
TXN0000267,819.6,atm,debit,Islamabad,8,3,0,2024-01-06 13:30:00,0
TXN0000268,2888.51,online,transfer,Lahore,12,4,0,2024-01-06 14:00:00,0
TXN0000269,8133.85,healthcare,debit,Islamabad,10,3,0,2024-01-06 14:30:00,0
TXN0000270,3446.35,atm,transfer,Islamabad,17,6,1,2024-01-06 15:00:00,0
TXN0000271,21090.22,grocery,credit,Lahore,8,2,1,2024-01-06 15:30:00,0
TXN0000272,543.03,atm,transfer,Quetta,15,3,1,2024-01-06 16:00:00,0
TXN0000273,6377.61,travel,debit,Multan,14,1,1,2024-01-06 16:30:00,0
TXN0000274,7149.71,grocery,credit,Islamabad,14,3,0,2024-01-06 17:00:00,0
TXN0000275,8461.18,electronics,credit,Islamabad,19,6,1,2024-01-06 17:30:00,0
TXN0000276,2362.13,atm,debit,Lahore,17,0,1,2024-01-06 18:00:00,0
TXN0000277,3627.58,healthcare,transfer,Peshawar,21,6,0,2024-01-06 18:30:00,0
TXN0000278,14846.83,electronics,credit,Islamabad,17,3,1,2024-01-06 19:00:00,0
TXN0000279,1734.74,grocery,debit,Karachi,17,5,1,2024-01-06 19:30:00,0
TXN0000280,14029.6,online,transfer,Multan,11,4,1,2024-01-06 20:00:00,0
TXN0000281,6616.27,atm,debit,Multan,20,0,0,2024-01-06 20:30:00,0
TXN0000282,11490.18,atm,credit,Quetta,18,4,0,2024-01-06 21:00:00,0
TXN0000283,10003.13,online,credit,Islamabad,13,5,0,2024-01-06 21:30:00,0
TXN0000284,1860.62,online,debit,Lahore,20,1,1,2024-01-06 22:00:00,0
TXN0000285,6729.7,grocery,transfer,Karachi,16,2,0,2024-01-06 22:30:00,0
TXN0000286,16182.87,travel,transfer,Lahore,21,1,0,2024-01-06 23:00:00,0
TXN0000287,4526.71,electronics,transfer,Islamabad,10,0,1,2024-01-06 23:30:00,0
TXN0000288,27191.38,restaurant,debit,Karachi,16,5,0,2024-01-07 00:00:00,0
TXN0000289,4814.98,grocery,debit,Quetta,11,5,1,2024-01-07 00:30:00,0
TXN0000290,1232.54,online,debit,Quetta,12,2,1,2024-01-07 01:00:00,0
TXN0000291,3946.96,electronics,withdrawal,Quetta,14,3,0,2024-01-07 01:30:00,0
TXN0000292,24242.99,travel,debit,Peshawar,13,0,1,2024-01-07 02:00:00,0
TXN0000293,3082.02,electronics,credit,Lahore,17,2,1,2024-01-07 02:30:00,0
TXN0000294,16205.58,electronics,transfer,Islamabad,15,6,1,2024-01-07 03:00:00,0
TXN0000295,17045.92,electronics,transfer,Karachi,15,6,0,2024-01-07 03:30:00,0
TXN0000296,3448.56,atm,transfer,Multan,15,4,1,2024-01-07 04:00:00,0
TXN0000297,695.43,electronics,withdrawal,Multan,10,2,0,2024-01-07 04:30:00,0
TXN0000298,10315.02,atm,debit,Lahore,21,4,0,2024-01-07 05:00:00,0
TXN0000299,2986.06,travel,debit,Islamabad,17,6,1,2024-01-07 05:30:00,0
TXN0000300,12220.05,online,debit,Peshawar,13,6,1,2024-01-07 06:00:00,0
TXN0000301,4676.56,online,debit,Islamabad,14,4,1,2024-01-07 06:30:00,0
TXN0000302,5312.85,healthcare,credit,Lahore,16,5,1,2024-01-07 07:00:00,0
TXN0000303,12037.36,electronics,debit,Islamabad,17,2,1,2024-01-07 07:30:00,0
TXN0000304,3854.84,grocery,transfer,Multan,17,5,0,2024-01-07 08:00:00,0
TXN0000305,312890.4,restaurant,debit,Multan,2,6,0,2024-01-07 08:30:00,1
TXN0000306,3775.28,grocery,debit,Karachi,19,5,1,2024-01-07 09:00:00,0
TXN0000307,3662.58,atm,transfer,Peshawar,11,1,0,2024-01-07 09:30:00,0
TXN0000308,5971.48,grocery,debit,Multan,12,1,0,2024-01-07 10:00:00,0
TXN0000309,13235.46,online,transfer,Karachi,15,5,0,2024-01-07 10:30:00,0
TXN0000310,3592.43,grocery,withdrawal,Peshawar,8,5,1,2024-01-07 11:00:00,0
TXN0000311,5942.98,restaurant,transfer,Multan,19,4,0,2024-01-07 11:30:00,0
TXN0000312,8886.95,online,debit,Peshawar,13,5,0,2024-01-07 12:00:00,0
TXN0000313,56272.76,electronics,withdrawal,Islamabad,2,0,0,2024-01-07 12:30:00,1
TXN0000314,2600.56,grocery,debit,Karachi,12,2,1,2024-01-07 13:00:00,0
TXN0000315,21673.98,electronics,transfer,Peshawar,18,0,0,2024-01-07 13:30:00,0
TXN0000316,10285.36,atm,debit,Peshawar,12,1,1,2024-01-07 14:00:00,0
TXN0000317,6886.6,electronics,debit,Islamabad,9,0,0,2024-01-07 14:30:00,0
TXN0000318,8346.63,grocery,withdrawal,Multan,15,3,1,2024-01-07 15:00:00,0
TXN0000319,237.9,online,debit,Multan,9,3,0,2024-01-07 15:30:00,0
TXN0000320,7700.83,travel,transfer,Lahore,11,1,1,2024-01-07 16:00:00,0
TXN0000321,5698.78,grocery,debit,Lahore,19,0,0,2024-01-07 16:30:00,0
TXN0000322,6312.85,grocery,transfer,Multan,20,2,1,2024-01-07 17:00:00,0
TXN0000323,3563.1,atm,withdrawal,Quetta,12,1,1,2024-01-07 17:30:00,0
TXN0000324,679.88,healthcare,credit,Quetta,21,3,0,2024-01-07 18:00:00,0
TXN0000325,1718.82,grocery,credit,Peshawar,8,1,0,2024-01-07 18:30:00,0
TXN0000326,24085.91,atm,credit,Multan,13,0,1,2024-01-07 19:00:00,0
TXN0000327,4203.45,grocery,withdrawal,Lahore,9,0,1,2024-01-07 19:30:00,0
TXN0000328,5029.12,electronics,debit,Peshawar,21,0,0,2024-01-07 20:00:00,0
TXN0000329,433.2,online,credit,Karachi,12,4,1,2024-01-07 20:30:00,0
TXN0000330,306.32,electronics,debit,Lahore,13,0,0,2024-01-07 21:00:00,0
TXN0000331,10103.6,online,debit,Lahore,18,5,0,2024-01-07 21:30:00,0
TXN0000332,6179.16,restaurant,debit,Lahore,15,3,1,2024-01-07 22:00:00,0
TXN0000333,5685.7,restaurant,credit,Quetta,16,6,0,2024-01-07 22:30:00,0
TXN0000334,2228.45,grocery,transfer,Islamabad,20,3,1,2024-01-07 23:00:00,0
TXN0000335,10924.12,electronics,debit,Islamabad,19,4,0,2024-01-07 23:30:00,0
TXN0000336,1473.66,healthcare,credit,Quetta,13,3,0,2024-01-08 00:00:00,0
TXN0000337,1685.12,electronics,credit,Multan,12,3,0,2024-01-08 00:30:00,0
TXN0000338,4940.05,online,credit,Multan,19,1,0,2024-01-08 01:00:00,0
TXN0000339,2698.11,electronics,withdrawal,Quetta,11,6,0,2024-01-08 01:30:00,0
TXN0000340,2274.44,electronics,debit,Quetta,9,6,0,2024-01-08 02:00:00,0
TXN0000341,8290.46,grocery,debit,Multan,9,0,0,2024-01-08 02:30:00,0
TXN0000342,8420.82,restaurant,debit,Islamabad,14,5,0,2024-01-08 03:00:00,0
TXN0000343,13921.71,restaurant,transfer,Peshawar,12,5,0,2024-01-08 03:30:00,0
TXN0000344,4326.27,electronics,withdrawal,Quetta,14,1,0,2024-01-08 04:00:00,0
TXN0000345,607.15,atm,debit,Peshawar,20,5,0,2024-01-08 04:30:00,0
TXN0000346,2557.97,electronics,debit,Peshawar,18,1,0,2024-01-08 05:00:00,0
TXN0000347,31298.37,grocery,credit,Karachi,8,6,1,2024-01-08 05:30:00,0
TXN0000348,7255.85,atm,transfer,Islamabad,8,6,1,2024-01-08 06:00:00,0
TXN0000349,9895.75,online,credit,Peshawar,12,6,0,2024-01-08 06:30:00,0
TXN0000350,59.08,electronics,withdrawal,Islamabad,9,5,0,2024-01-08 07:00:00,0
TXN0000351,5841.9,electronics,transfer,Islamabad,15,3,1,2024-01-08 07:30:00,0
TXN0000352,306.01,healthcare,transfer,Karachi,21,6,0,2024-01-08 08:00:00,0
TXN0000353,6737.45,restaurant,credit,Multan,10,2,0,2024-01-08 08:30:00,0
TXN0000354,20283.29,atm,debit,Islamabad,8,0,0,2024-01-08 09:00:00,0
TXN0000355,27641.63,grocery,transfer,Peshawar,20,2,1,2024-01-08 09:30:00,0
TXN0000356,6221.85,atm,credit,Multan,9,3,0,2024-01-08 10:00:00,0
TXN0000357,4902.94,grocery,debit,Multan,17,4,1,2024-01-08 10:30:00,0
TXN0000358,23205.86,healthcare,debit,Lahore,17,1,1,2024-01-08 11:00:00,0
TXN0000359,8957.29,grocery,credit,Peshawar,14,5,0,2024-01-08 11:30:00,0
TXN0000360,536.81,electronics,credit,Peshawar,13,5,1,2024-01-08 12:00:00,0
TXN0000361,5014.77,travel,credit,Islamabad,19,3,1,2024-01-08 12:30:00,0
TXN0000362,2198.07,atm,debit,Peshawar,15,5,1,2024-01-08 13:00:00,0
TXN0000363,5076.07,atm,credit,Lahore,14,3,0,2024-01-08 13:30:00,0
TXN0000364,4862.59,electronics,debit,Islamabad,21,2,0,2024-01-08 14:00:00,0
TXN0000365,6980.96,online,transfer,Quetta,17,4,1,2024-01-08 14:30:00,0
TXN0000366,293383.85,atm,credit,Peshawar,23,1,0,2024-01-08 15:00:00,1
TXN0000367,1435.6,grocery,transfer,Peshawar,15,5,1,2024-01-08 15:30:00,0
TXN0000368,5604.91,atm,transfer,Karachi,10,4,0,2024-01-08 16:00:00,0
TXN0000369,14185.21,restaurant,transfer,Quetta,13,4,0,2024-01-08 16:30:00,0
TXN0000370,8725.44,grocery,transfer,Quetta,20,4,1,2024-01-08 17:00:00,0
TXN0000371,3304.36,grocery,credit,Lahore,14,0,0,2024-01-08 17:30:00,0
TXN0000372,21931.58,electronics,debit,Quetta,17,4,1,2024-01-08 18:00:00,0
TXN0000373,19462.24,grocery,transfer,Karachi,18,6,0,2024-01-08 18:30:00,0
TXN0000374,1879.18,travel,credit,Lahore,8,3,1,2024-01-08 19:00:00,0
TXN0000375,321.72,atm,credit,Quetta,8,0,0,2024-01-08 19:30:00,0
TXN0000376,10816.96,online,debit,Lahore,14,6,1,2024-01-08 20:00:00,0
TXN0000377,14063.98,grocery,withdrawal,Quetta,20,0,0,2024-01-08 20:30:00,0
TXN0000378,27502.37,online,debit,Quetta,18,4,0,2024-01-08 21:00:00,0
TXN0000379,17646.31,online,debit,Multan,20,5,1,2024-01-08 21:30:00,0
TXN0000380,7341.03,restaurant,withdrawal,Quetta,10,5,0,2024-01-08 22:00:00,0
TXN0000381,6041.07,grocery,transfer,Peshawar,10,5,1,2024-01-08 22:30:00,0
TXN0000382,225.89,online,debit,Quetta,12,5,0,2024-01-08 23:00:00,0
TXN0000383,2265.87,restaurant,withdrawal,Peshawar,18,3,1,2024-01-08 23:30:00,0
TXN0000384,4923.78,online,debit,Islamabad,13,5,1,2024-01-09 00:00:00,0
TXN0000385,7921.74,electronics,transfer,Multan,9,1,1,2024-01-09 00:30:00,0
TXN0000386,6518.03,grocery,credit,Karachi,10,4,1,2024-01-09 01:00:00,0
TXN0000387,10858.11,restaurant,credit,Lahore,13,0,1,2024-01-09 01:30:00,0
TXN0000388,2625.44,electronics,transfer,Lahore,10,1,1,2024-01-09 02:00:00,0
TXN0000389,6658.4,restaurant,debit,Islamabad,21,5,1,2024-01-09 02:30:00,0
TXN0000390,292270.51,atm,debit,Quetta,22,1,1,2024-01-09 03:00:00,1
TXN0000391,4270.92,electronics,transfer,Karachi,16,0,0,2024-01-09 03:30:00,0
TXN0000392,11095.5,online,debit,Islamabad,19,5,0,2024-01-09 04:00:00,0
TXN0000393,9457.71,grocery,withdrawal,Islamabad,10,1,0,2024-01-09 04:30:00,0
TXN0000394,37372.82,electronics,credit,Lahore,19,3,0,2024-01-09 05:00:00,0
TXN0000395,2604.63,atm,debit,Peshawar,18,3,1,2024-01-09 05:30:00,0
TXN0000396,5516.26,online,transfer,Peshawar,20,4,1,2024-01-09 06:00:00,0
TXN0000397,3198.22,electronics,debit,Quetta,20,4,0,2024-01-09 06:30:00,0
TXN0000398,4647.17,atm,debit,Quetta,13,6,0,2024-01-09 07:00:00,0
TXN0000399,15556.5,grocery,credit,Islamabad,18,1,1,2024-01-09 07:30:00,0
TXN0000400,9221.4,travel,withdrawal,Quetta,12,0,0,2024-01-09 08:00:00,0
TXN0000401,17126.53,travel,credit,Peshawar,12,3,1,2024-01-09 08:30:00,0
TXN0000402,1820.34,electronics,debit,Karachi,18,2,0,2024-01-09 09:00:00,0
TXN0000403,16531.33,healthcare,credit,Lahore,21,4,1,2024-01-09 09:30:00,0
TXN0000404,492.98,online,debit,Peshawar,21,6,1,2024-01-09 10:00:00,0
TXN0000405,17556.97,online,debit,Multan,13,3,0,2024-01-09 10:30:00,0
TXN0000406,3192.77,online,transfer,Quetta,13,6,0,2024-01-09 11:00:00,0
TXN0000407,3021.88,grocery,withdrawal,Lahore,8,5,1,2024-01-09 11:30:00,0
TXN0000408,5740.97,electronics,debit,Multan,18,1,0,2024-01-09 12:00:00,0
TXN0000409,22599.84,online,credit,Lahore,16,6,0,2024-01-09 12:30:00,0
TXN0000410,391.68,restaurant,withdrawal,Islamabad,12,3,1,2024-01-09 13:00:00,0
TXN0000411,3473.77,atm,debit,Quetta,8,3,0,2024-01-09 13:30:00,0
TXN0000412,15535.38,electronics,debit,Islamabad,15,1,0,2024-01-09 14:00:00,0
TXN0000413,4034.17,travel,withdrawal,Lahore,14,4,1,2024-01-09 14:30:00,0
TXN0000414,1776.72,grocery,transfer,Islamabad,14,4,1,2024-01-09 15:00:00,0
TXN0000415,4424.22,grocery,debit,Quetta,21,2,1,2024-01-09 15:30:00,0
TXN0000416,3896.25,travel,debit,Peshawar,12,2,0,2024-01-09 16:00:00,0
TXN0000417,19760.1,online,debit,Karachi,8,4,1,2024-01-09 16:30:00,0
TXN0000418,11481.67,electronics,credit,Multan,16,4,0,2024-01-09 17:00:00,0
TXN0000419,5627.45,online,transfer,Peshawar,18,6,0,2024-01-09 17:30:00,0
TXN0000420,35633.73,atm,credit,Lahore,16,4,0,2024-01-09 18:00:00,0
TXN0000421,5008.06,electronics,credit,Peshawar,15,4,0,2024-01-09 18:30:00,0
TXN0000422,480.02,atm,debit,Islamabad,12,3,1,2024-01-09 19:00:00,0
TXN0000423,2433.47,grocery,debit,Quetta,21,2,0,2024-01-09 19:30:00,0
TXN0000424,4582.61,online,debit,Peshawar,10,1,0,2024-01-09 20:00:00,0
TXN0000425,1365.38,atm,transfer,Peshawar,15,0,0,2024-01-09 20:30:00,0
TXN0000426,23585.47,online,credit,Quetta,8,1,1,2024-01-09 21:00:00,0
TXN0000427,11648.55,restaurant,debit,Islamabad,10,5,1,2024-01-09 21:30:00,0
TXN0000428,2498.94,grocery,credit,Karachi,19,0,1,2024-01-09 22:00:00,0
TXN0000429,7148.5,online,transfer,Peshawar,18,3,0,2024-01-09 22:30:00,0
TXN0000430,10225.24,online,credit,Multan,14,5,0,2024-01-09 23:00:00,0
TXN0000431,22679.65,online,debit,Lahore,21,2,1,2024-01-09 23:30:00,0
TXN0000432,17071.88,atm,debit,Islamabad,11,0,1,2024-01-10 00:00:00,0
TXN0000433,5792.02,atm,debit,Islamabad,14,4,0,2024-01-10 00:30:00,0
TXN0000434,11920.9,atm,transfer,Peshawar,19,5,1,2024-01-10 01:00:00,0
TXN0000435,6606.94,electronics,credit,Multan,18,3,0,2024-01-10 01:30:00,0
TXN0000436,6436.28,electronics,transfer,Quetta,20,0,1,2024-01-10 02:00:00,0
TXN0000437,975.01,online,transfer,Peshawar,21,4,0,2024-01-10 02:30:00,0
TXN0000438,1078.66,online,withdrawal,Peshawar,12,5,0,2024-01-10 03:00:00,0
TXN0000439,6032.25,healthcare,debit,Quetta,13,3,0,2024-01-10 03:30:00,0
TXN0000440,2505.22,grocery,debit,Lahore,21,5,1,2024-01-10 04:00:00,0
TXN0000441,445758.1,electronics,credit,Quetta,0,0,1,2024-01-10 04:30:00,1
TXN0000442,10265.26,online,debit,Peshawar,20,4,0,2024-01-10 05:00:00,0
TXN0000443,264.21,restaurant,transfer,Karachi,17,2,1,2024-01-10 05:30:00,0
TXN0000444,7236.42,restaurant,transfer,Quetta,19,6,0,2024-01-10 06:00:00,0
TXN0000445,6198.22,electronics,transfer,Lahore,14,3,1,2024-01-10 06:30:00,0
TXN0000446,653310.54,grocery,debit,Quetta,2,0,1,2024-01-10 07:00:00,1
TXN0000447,5296.49,travel,debit,Quetta,14,4,0,2024-01-10 07:30:00,0
TXN0000448,525.71,electronics,debit,Islamabad,18,2,1,2024-01-10 08:00:00,0
TXN0000449,6418.13,healthcare,transfer,Islamabad,20,5,1,2024-01-10 08:30:00,0
TXN0000450,14715.65,travel,debit,Peshawar,20,4,0,2024-01-10 09:00:00,0
TXN0000451,46081.01,electronics,debit,Peshawar,14,6,0,2024-01-10 09:30:00,0
TXN0000452,4501.77,electronics,debit,Quetta,10,2,0,2024-01-10 10:00:00,0
TXN0000453,3088.82,electronics,withdrawal,Karachi,19,0,0,2024-01-10 10:30:00,0
TXN0000454,18971.48,atm,transfer,Multan,10,4,1,2024-01-10 11:00:00,0
TXN0000455,1698.05,grocery,withdrawal,Peshawar,14,6,1,2024-01-10 11:30:00,0
TXN0000456,7645.01,electronics,transfer,Quetta,21,4,0,2024-01-10 12:00:00,0
TXN0000457,4163.16,healthcare,credit,Quetta,9,1,1,2024-01-10 12:30:00,0
TXN0000458,335.6,grocery,debit,Multan,21,3,0,2024-01-10 13:00:00,0
TXN0000459,3412.96,atm,debit,Quetta,9,4,0,2024-01-10 13:30:00,0
TXN0000460,2465.57,electronics,credit,Multan,10,6,0,2024-01-10 14:00:00,0
TXN0000461,9269.22,online,transfer,Multan,21,2,1,2024-01-10 14:30:00,0
TXN0000462,23774.64,grocery,debit,Quetta,11,3,1,2024-01-10 15:00:00,0
TXN0000463,2496.31,electronics,debit,Quetta,13,0,1,2024-01-10 15:30:00,0
TXN0000464,184517.01,online,credit,Islamabad,23,6,0,2024-01-10 16:00:00,1
TXN0000465,455.61,grocery,debit,Multan,15,3,0,2024-01-10 16:30:00,0
TXN0000466,6179.62,online,credit,Lahore,17,1,1,2024-01-10 17:00:00,0
TXN0000467,585.3,grocery,debit,Multan,17,0,1,2024-01-10 17:30:00,0
TXN0000468,21748.8,online,debit,Lahore,14,4,1,2024-01-10 18:00:00,0
TXN0000469,177296.32,restaurant,debit,Quetta,1,6,1,2024-01-10 18:30:00,1
TXN0000470,8582.38,grocery,credit,Peshawar,9,5,0,2024-01-10 19:00:00,0
TXN0000471,634326.94,grocery,credit,Karachi,23,0,1,2024-01-10 19:30:00,1
TXN0000472,8342.09,atm,debit,Quetta,11,6,1,2024-01-10 20:00:00,0
TXN0000473,27775.81,online,transfer,Karachi,13,0,0,2024-01-10 20:30:00,0
TXN0000474,10012.93,grocery,debit,Islamabad,10,1,1,2024-01-10 21:00:00,0
TXN0000475,652108.2,travel,debit,Lahore,23,2,1,2024-01-10 21:30:00,1
TXN0000476,5824.09,grocery,credit,Islamabad,12,0,1,2024-01-10 22:00:00,0
TXN0000477,996.02,grocery,debit,Peshawar,12,6,0,2024-01-10 22:30:00,0
TXN0000478,416371.72,restaurant,credit,Peshawar,1,2,0,2024-01-10 23:00:00,1
TXN0000479,1085.39,atm,withdrawal,Multan,15,3,1,2024-01-10 23:30:00,0
TXN0000480,7181.59,online,transfer,Quetta,12,5,0,2024-01-11 00:00:00,0
TXN0000481,5269.86,grocery,credit,Multan,18,1,1,2024-01-11 00:30:00,0
TXN0000482,7795.08,grocery,credit,Peshawar,9,4,1,2024-01-11 01:00:00,0
TXN0000483,80.78,restaurant,debit,Peshawar,14,6,0,2024-01-11 01:30:00,0
TXN0000484,1733.72,grocery,credit,Multan,20,6,1,2024-01-11 02:00:00,0
TXN0000485,5407.65,electronics,debit,Islamabad,16,6,0,2024-01-11 02:30:00,0
TXN0000486,24046.84,electronics,withdrawal,Karachi,16,0,0,2024-01-11 03:00:00,0
TXN0000487,3870.99,online,debit,Lahore,8,5,0,2024-01-11 03:30:00,0
TXN0000488,4418.35,electronics,credit,Peshawar,14,5,1,2024-01-11 04:00:00,0
TXN0000489,10033.6,electronics,withdrawal,Multan,16,2,1,2024-01-11 04:30:00,0
TXN0000490,7406.54,restaurant,transfer,Peshawar,13,0,1,2024-01-11 05:00:00,0
TXN0000491,2841.14,online,withdrawal,Islamabad,8,6,1,2024-01-11 05:30:00,0
TXN0000492,4232.14,grocery,credit,Lahore,9,5,0,2024-01-11 06:00:00,0
TXN0000493,1964.13,atm,debit,Islamabad,11,6,1,2024-01-11 06:30:00,0
TXN0000494,27056.21,grocery,transfer,Karachi,21,6,1,2024-01-11 07:00:00,0
TXN0000495,1119.93,travel,debit,Islamabad,11,6,0,2024-01-11 07:30:00,0
TXN0000496,3719.64,online,debit,Lahore,9,1,0,2024-01-11 08:00:00,0
TXN0000497,209.43,electronics,transfer,Lahore,15,4,1,2024-01-11 08:30:00,0
TXN0000498,197490.19,electronics,credit,Peshawar,23,3,0,2024-01-11 09:00:00,1
TXN0000499,603069.56,atm,transfer,Karachi,23,3,1,2024-01-11 09:30:00,1
TXN0000500,1796.91,restaurant,withdrawal,Quetta,21,2,1,2024-01-11 10:00:00,0
TXN0000501,667.6,online,transfer,Peshawar,11,5,0,2024-01-11 10:30:00,0
TXN0000502,5146.53,grocery,debit,Multan,16,3,0,2024-01-11 11:00:00,0
TXN0000503,80.15,electronics,transfer,Islamabad,17,2,1,2024-01-11 11:30:00,0
TXN0000504,708.61,electronics,transfer,Islamabad,8,4,1,2024-01-11 12:00:00,0
TXN0000505,13186.51,electronics,withdrawal,Lahore,15,6,1,2024-01-11 12:30:00,0
TXN0000506,11808.82,travel,debit,Multan,19,0,1,2024-01-11 13:00:00,0
TXN0000507,19733.91,online,debit,Lahore,21,1,1,2024-01-11 13:30:00,0
TXN0000508,15421.48,grocery,transfer,Multan,12,4,0,2024-01-11 14:00:00,0
TXN0000509,9195.26,electronics,debit,Lahore,14,4,1,2024-01-11 14:30:00,0
TXN0000510,430.02,online,credit,Quetta,15,3,0,2024-01-11 15:00:00,0
TXN0000511,12217.28,electronics,debit,Quetta,12,3,0,2024-01-11 15:30:00,0
TXN0000512,14941.05,healthcare,credit,Peshawar,15,1,0,2024-01-11 16:00:00,0
TXN0000513,12838.87,travel,transfer,Quetta,17,0,1,2024-01-11 16:30:00,0
TXN0000514,5682.01,restaurant,debit,Multan,18,4,1,2024-01-11 17:00:00,0
TXN0000515,2121.12,restaurant,transfer,Lahore,15,5,0,2024-01-11 17:30:00,0
TXN0000516,14931.69,atm,debit,Multan,16,3,0,2024-01-11 18:00:00,0
TXN0000517,10391.04,grocery,debit,Peshawar,9,4,0,2024-01-11 18:30:00,0
TXN0000518,103276.17,restaurant,debit,Peshawar,0,0,0,2024-01-11 19:00:00,1
TXN0000519,1353.91,grocery,transfer,Karachi,8,2,0,2024-01-11 19:30:00,0
TXN0000520,2046.0,grocery,debit,Quetta,11,0,1,2024-01-11 20:00:00,0
TXN0000521,1904.01,travel,credit,Islamabad,12,4,0,2024-01-11 20:30:00,0
TXN0000522,251421.63,grocery,transfer,Islamabad,2,4,1,2024-01-11 21:00:00,1
TXN0000523,1655.28,grocery,transfer,Karachi,8,1,0,2024-01-11 21:30:00,0
TXN0000524,551.88,electronics,credit,Lahore,15,4,0,2024-01-11 22:00:00,0
TXN0000525,52349.38,grocery,credit,Karachi,9,3,1,2024-01-11 22:30:00,0
TXN0000526,201.04,online,debit,Lahore,8,5,1,2024-01-11 23:00:00,0
TXN0000527,14426.32,grocery,credit,Quetta,9,1,0,2024-01-11 23:30:00,0
TXN0000528,3637.67,online,debit,Quetta,20,4,1,2024-01-12 00:00:00,0
TXN0000529,14741.84,healthcare,transfer,Peshawar,12,0,1,2024-01-12 00:30:00,0
TXN0000530,6470.63,travel,transfer,Peshawar,16,4,0,2024-01-12 01:00:00,0
TXN0000531,648719.9,online,debit,Peshawar,3,0,0,2024-01-12 01:30:00,1
TXN0000532,294690.44,healthcare,credit,Peshawar,2,0,0,2024-01-12 02:00:00,1
TXN0000533,73.12,grocery,withdrawal,Islamabad,9,4,1,2024-01-12 02:30:00,0
TXN0000534,627.26,travel,debit,Peshawar,10,0,0,2024-01-12 03:00:00,0
TXN0000535,2305.28,restaurant,transfer,Peshawar,14,5,0,2024-01-12 03:30:00,0
TXN0000536,8852.72,restaurant,debit,Peshawar,18,2,1,2024-01-12 04:00:00,0
TXN0000537,17533.52,online,credit,Lahore,10,1,0,2024-01-12 04:30:00,0
TXN0000538,4928.63,grocery,transfer,Multan,8,4,1,2024-01-12 05:00:00,0
TXN0000539,7471.02,restaurant,credit,Peshawar,21,6,1,2024-01-12 05:30:00,0
TXN0000540,1670.97,grocery,credit,Karachi,21,2,0,2024-01-12 06:00:00,0
TXN0000541,13076.69,electronics,withdrawal,Peshawar,21,0,1,2024-01-12 06:30:00,0
TXN0000542,27369.92,electronics,transfer,Peshawar,13,0,1,2024-01-12 07:00:00,0
TXN0000543,2502.35,travel,transfer,Islamabad,10,1,0,2024-01-12 07:30:00,0
TXN0000544,5462.82,atm,credit,Multan,8,2,1,2024-01-12 08:00:00,0
TXN0000545,720.41,atm,credit,Peshawar,21,2,0,2024-01-12 08:30:00,0
TXN0000546,6552.16,atm,transfer,Multan,20,4,0,2024-01-12 09:00:00,0
TXN0000547,5589.84,grocery,withdrawal,Lahore,11,0,0,2024-01-12 09:30:00,0
TXN0000548,1247.96,online,transfer,Quetta,20,6,0,2024-01-12 10:00:00,0
TXN0000549,4668.12,atm,transfer,Multan,8,3,0,2024-01-12 10:30:00,0
TXN0000550,3252.98,travel,debit,Multan,8,6,1,2024-01-12 11:00:00,0
TXN0000551,5902.33,restaurant,transfer,Peshawar,19,4,1,2024-01-12 11:30:00,0
TXN0000552,7048.44,atm,transfer,Peshawar,9,4,1,2024-01-12 12:00:00,0
TXN0000553,68.25,online,transfer,Peshawar,17,4,0,2024-01-12 12:30:00,0
TXN0000554,11450.53,grocery,debit,Islamabad,15,1,0,2024-01-12 13:00:00,0
TXN0000555,9986.58,online,withdrawal,Quetta,9,1,0,2024-01-12 13:30:00,0
TXN0000556,3649.27,restaurant,debit,Islamabad,18,4,0,2024-01-12 14:00:00,0
TXN0000557,435.11,electronics,debit,Islamabad,9,5,1,2024-01-12 14:30:00,0
TXN0000558,11249.77,atm,transfer,Islamabad,18,3,1,2024-01-12 15:00:00,0
TXN0000559,24839.94,electronics,transfer,Lahore,18,2,0,2024-01-12 15:30:00,0
TXN0000560,2197.09,online,debit,Quetta,17,2,0,2024-01-12 16:00:00,0
TXN0000561,3126.87,online,transfer,Lahore,17,0,0,2024-01-12 16:30:00,0
TXN0000562,1624.89,online,debit,Lahore,15,2,1,2024-01-12 17:00:00,0
TXN0000563,6881.86,restaurant,debit,Quetta,19,6,1,2024-01-12 17:30:00,0
TXN0000564,1345.85,grocery,debit,Lahore,13,2,0,2024-01-12 18:00:00,0
TXN0000565,3522.86,electronics,transfer,Quetta,19,3,0,2024-01-12 18:30:00,0
TXN0000566,9552.52,atm,debit,Multan,18,2,1,2024-01-12 19:00:00,0
TXN0000567,6569.95,grocery,debit,Multan,11,6,1,2024-01-12 19:30:00,0
TXN0000568,3908.11,travel,transfer,Peshawar,10,3,0,2024-01-12 20:00:00,0
TXN0000569,4361.26,grocery,credit,Islamabad,8,1,0,2024-01-12 20:30:00,0
TXN0000570,6606.32,grocery,transfer,Multan,18,3,0,2024-01-12 21:00:00,0
TXN0000571,47.06,online,transfer,Multan,10,1,1,2024-01-12 21:30:00,0
TXN0000572,654.11,atm,transfer,Lahore,19,3,0,2024-01-12 22:00:00,0
TXN0000573,17046.42,grocery,debit,Quetta,21,4,1,2024-01-12 22:30:00,0
TXN0000574,648.63,grocery,credit,Karachi,16,6,0,2024-01-12 23:00:00,0
TXN0000575,9815.3,grocery,transfer,Lahore,12,5,0,2024-01-12 23:30:00,0
TXN0000576,20209.65,travel,debit,Lahore,20,1,0,2024-01-13 00:00:00,0
TXN0000577,2525.18,grocery,debit,Quetta,13,1,1,2024-01-13 00:30:00,0
TXN0000578,3702.53,travel,credit,Karachi,12,2,0,2024-01-13 01:00:00,0
TXN0000579,6731.72,atm,debit,Karachi,8,1,1,2024-01-13 01:30:00,0
TXN0000580,17076.86,online,withdrawal,Peshawar,17,3,0,2024-01-13 02:00:00,0
TXN0000581,678672.82,electronics,transfer,Lahore,22,4,1,2024-01-13 02:30:00,1
TXN0000582,10763.16,online,debit,Islamabad,11,4,0,2024-01-13 03:00:00,0
TXN0000583,724.82,restaurant,debit,Multan,10,2,1,2024-01-13 03:30:00,0
TXN0000584,8848.82,electronics,withdrawal,Lahore,18,3,0,2024-01-13 04:00:00,0
TXN0000585,4225.18,electronics,debit,Islamabad,15,3,1,2024-01-13 04:30:00,0
TXN0000586,5089.61,online,transfer,Islamabad,19,0,1,2024-01-13 05:00:00,0
TXN0000587,403.18,grocery,credit,Quetta,19,1,0,2024-01-13 05:30:00,0
TXN0000588,1696.27,online,transfer,Lahore,14,2,1,2024-01-13 06:00:00,0
TXN0000589,12504.77,atm,transfer,Quetta,18,4,1,2024-01-13 06:30:00,0
TXN0000590,4840.49,travel,debit,Peshawar,14,6,0,2024-01-13 07:00:00,0
TXN0000591,2872.42,online,debit,Islamabad,15,5,1,2024-01-13 07:30:00,0
TXN0000592,3876.31,online,credit,Karachi,21,0,0,2024-01-13 08:00:00,0
TXN0000593,15415.11,grocery,withdrawal,Islamabad,17,3,0,2024-01-13 08:30:00,0
TXN0000594,11058.39,grocery,debit,Peshawar,14,1,1,2024-01-13 09:00:00,0
TXN0000595,2543.1,restaurant,credit,Islamabad,17,4,1,2024-01-13 09:30:00,0
TXN0000596,999.99,restaurant,debit,Quetta,9,6,1,2024-01-13 10:00:00,0
TXN0000597,2322.8,atm,transfer,Lahore,11,0,1,2024-01-13 10:30:00,0
TXN0000598,20281.83,restaurant,transfer,Karachi,18,3,1,2024-01-13 11:00:00,0
TXN0000599,6970.33,electronics,debit,Quetta,13,4,0,2024-01-13 11:30:00,0
TXN0000600,6099.64,grocery,debit,Multan,10,4,0,2024-01-13 12:00:00,0
TXN0000601,7258.52,electronics,debit,Lahore,10,3,1,2024-01-13 12:30:00,0
TXN0000602,3646.01,grocery,credit,Karachi,13,3,1,2024-01-13 13:00:00,0
TXN0000603,13164.96,atm,credit,Peshawar,8,2,1,2024-01-13 13:30:00,0
TXN0000604,5926.71,healthcare,debit,Islamabad,21,4,1,2024-01-13 14:00:00,0
TXN0000605,993.16,atm,withdrawal,Karachi,8,3,1,2024-01-13 14:30:00,0
TXN0000606,1105.5,online,credit,Multan,12,5,0,2024-01-13 15:00:00,0
TXN0000607,6157.79,electronics,transfer,Peshawar,8,6,0,2024-01-13 15:30:00,0
TXN0000608,22062.57,grocery,debit,Lahore,17,6,0,2024-01-13 16:00:00,0
TXN0000609,2949.43,electronics,debit,Karachi,15,5,1,2024-01-13 16:30:00,0
TXN0000610,16293.58,online,credit,Peshawar,9,6,1,2024-01-13 17:00:00,0
TXN0000611,11554.63,travel,transfer,Lahore,13,0,1,2024-01-13 17:30:00,0
TXN0000612,2278.16,restaurant,credit,Quetta,17,6,0,2024-01-13 18:00:00,0
TXN0000613,296.14,restaurant,transfer,Islamabad,17,1,0,2024-01-13 18:30:00,0
TXN0000614,859.32,grocery,credit,Peshawar,12,6,0,2024-01-13 19:00:00,0
TXN0000615,10430.17,grocery,debit,Quetta,17,5,0,2024-01-13 19:30:00,0
TXN0000616,1781.85,online,withdrawal,Multan,19,2,1,2024-01-13 20:00:00,0
TXN0000617,3712.44,grocery,credit,Multan,19,3,1,2024-01-13 20:30:00,0
TXN0000618,5572.41,atm,debit,Lahore,11,1,1,2024-01-13 21:00:00,0
TXN0000619,10341.5,online,debit,Karachi,8,2,1,2024-01-13 21:30:00,0
TXN0000620,961.37,grocery,transfer,Islamabad,21,4,1,2024-01-13 22:00:00,0
TXN0000621,4171.94,travel,transfer,Lahore,21,1,1,2024-01-13 22:30:00,0
TXN0000622,5309.84,travel,debit,Peshawar,10,5,0,2024-01-13 23:00:00,0
TXN0000623,6226.63,restaurant,debit,Islamabad,20,2,1,2024-01-13 23:30:00,0
TXN0000624,13645.86,grocery,transfer,Quetta,19,3,1,2024-01-14 00:00:00,0
TXN0000625,1506.83,restaurant,withdrawal,Islamabad,11,3,1,2024-01-14 00:30:00,0
TXN0000626,13195.06,online,debit,Quetta,9,6,1,2024-01-14 01:00:00,0
TXN0000627,9444.09,atm,transfer,Lahore,19,2,1,2024-01-14 01:30:00,0
TXN0000628,6493.12,grocery,debit,Karachi,9,4,1,2024-01-14 02:00:00,0
TXN0000629,9619.2,online,debit,Multan,9,6,1,2024-01-14 02:30:00,0
TXN0000630,4248.47,online,debit,Islamabad,18,5,1,2024-01-14 03:00:00,0
TXN0000631,1191.69,online,debit,Karachi,8,2,0,2024-01-14 03:30:00,0
TXN0000632,8767.29,atm,debit,Karachi,17,0,0,2024-01-14 04:00:00,0
TXN0000633,5950.01,online,withdrawal,Multan,9,2,0,2024-01-14 04:30:00,0
TXN0000634,8159.33,restaurant,debit,Islamabad,13,2,1,2024-01-14 05:00:00,0
TXN0000635,3299.9,grocery,debit,Islamabad,10,5,0,2024-01-14 05:30:00,0
TXN0000636,18989.78,atm,debit,Karachi,17,3,1,2024-01-14 06:00:00,0
TXN0000637,7081.63,grocery,transfer,Peshawar,12,6,0,2024-01-14 06:30:00,0
TXN0000638,714.17,atm,withdrawal,Peshawar,8,4,0,2024-01-14 07:00:00,0
TXN0000639,4779.85,restaurant,debit,Islamabad,15,6,1,2024-01-14 07:30:00,0
TXN0000640,11296.38,electronics,credit,Karachi,20,2,1,2024-01-14 08:00:00,0
TXN0000641,12644.26,online,debit,Karachi,11,1,1,2024-01-14 08:30:00,0
TXN0000642,5459.19,online,credit,Lahore,16,3,1,2024-01-14 09:00:00,0
TXN0000643,18011.15,grocery,debit,Karachi,11,3,0,2024-01-14 09:30:00,0
TXN0000644,2492.18,travel,credit,Multan,21,2,0,2024-01-14 10:00:00,0
TXN0000645,4229.18,electronics,transfer,Peshawar,9,5,1,2024-01-14 10:30:00,0
TXN0000646,18309.21,restaurant,credit,Lahore,10,1,0,2024-01-14 11:00:00,0
TXN0000647,18126.69,restaurant,debit,Multan,12,2,0,2024-01-14 11:30:00,0
TXN0000648,9259.58,atm,debit,Peshawar,19,1,0,2024-01-14 12:00:00,0
TXN0000649,15670.86,online,credit,Multan,17,3,1,2024-01-14 12:30:00,0
TXN0000650,743.71,atm,credit,Quetta,20,1,1,2024-01-14 13:00:00,0
TXN0000651,16019.55,electronics,debit,Islamabad,20,6,1,2024-01-14 13:30:00,0
TXN0000652,3092.6,travel,transfer,Quetta,21,2,0,2024-01-14 14:00:00,0
TXN0000653,1571.35,online,credit,Islamabad,13,0,1,2024-01-14 14:30:00,0
TXN0000654,2188.86,restaurant,debit,Peshawar,14,0,1,2024-01-14 15:00:00,0
TXN0000655,4329.85,atm,debit,Peshawar,11,1,0,2024-01-14 15:30:00,0
TXN0000656,2314.18,online,withdrawal,Quetta,14,5,1,2024-01-14 16:00:00,0
TXN0000657,3091.98,atm,debit,Multan,17,2,1,2024-01-14 16:30:00,0
TXN0000658,1160.01,electronics,withdrawal,Islamabad,10,4,1,2024-01-14 17:00:00,0
TXN0000659,2809.82,atm,credit,Islamabad,14,0,0,2024-01-14 17:30:00,0
TXN0000660,6794.36,travel,debit,Lahore,11,3,1,2024-01-14 18:00:00,0
TXN0000661,425956.73,electronics,transfer,Karachi,1,6,0,2024-01-14 18:30:00,1
TXN0000662,3405.98,online,debit,Multan,20,2,0,2024-01-14 19:00:00,0
TXN0000663,10977.62,online,debit,Multan,15,2,0,2024-01-14 19:30:00,0
TXN0000664,17917.63,travel,debit,Lahore,16,6,0,2024-01-14 20:00:00,0
TXN0000665,11310.61,online,transfer,Peshawar,14,0,0,2024-01-14 20:30:00,0
TXN0000666,3227.75,online,credit,Quetta,15,6,0,2024-01-14 21:00:00,0
TXN0000667,10914.45,atm,debit,Multan,15,6,1,2024-01-14 21:30:00,0
TXN0000668,1318.81,restaurant,debit,Islamabad,9,4,1,2024-01-14 22:00:00,0
TXN0000669,1117.02,electronics,credit,Lahore,16,6,0,2024-01-14 22:30:00,0
TXN0000670,3392.62,healthcare,debit,Quetta,13,3,0,2024-01-14 23:00:00,0
TXN0000671,13189.69,online,debit,Quetta,18,4,1,2024-01-14 23:30:00,0
TXN0000672,2262.6,atm,debit,Multan,11,3,1,2024-01-15 00:00:00,0
TXN0000673,522.74,online,credit,Karachi,12,0,1,2024-01-15 00:30:00,0
TXN0000674,1129.83,grocery,debit,Islamabad,17,2,0,2024-01-15 01:00:00,0
TXN0000675,260787.31,grocery,credit,Quetta,0,3,0,2024-01-15 01:30:00,1
TXN0000676,8036.24,atm,transfer,Islamabad,14,2,1,2024-01-15 02:00:00,0
TXN0000677,2335.68,online,withdrawal,Multan,21,1,0,2024-01-15 02:30:00,0
TXN0000678,651084.33,atm,transfer,Lahore,0,1,0,2024-01-15 03:00:00,1
TXN0000679,5999.09,travel,credit,Quetta,14,0,0,2024-01-15 03:30:00,0
TXN0000680,8523.8,electronics,transfer,Multan,16,0,0,2024-01-15 04:00:00,0
TXN0000681,2124.1,electronics,withdrawal,Quetta,11,5,1,2024-01-15 04:30:00,0
TXN0000682,15984.54,atm,credit,Lahore,17,0,0,2024-01-15 05:00:00,0
TXN0000683,2961.19,electronics,credit,Islamabad,21,1,0,2024-01-15 05:30:00,0
TXN0000684,9476.8,atm,debit,Islamabad,17,3,0,2024-01-15 06:00:00,0
TXN0000685,130.05,electronics,transfer,Quetta,11,6,0,2024-01-15 06:30:00,0
TXN0000686,3730.1,atm,debit,Multan,13,6,1,2024-01-15 07:00:00,0
TXN0000687,3467.33,grocery,debit,Lahore,15,6,0,2024-01-15 07:30:00,0
TXN0000688,6273.06,grocery,credit,Peshawar,21,4,0,2024-01-15 08:00:00,0
TXN0000689,604.14,online,transfer,Islamabad,16,6,1,2024-01-15 08:30:00,0
TXN0000690,12490.19,online,credit,Peshawar,8,0,0,2024-01-15 09:00:00,0
TXN0000691,1964.96,grocery,transfer,Quetta,8,6,0,2024-01-15 09:30:00,0
TXN0000692,9041.76,restaurant,transfer,Peshawar,20,4,0,2024-01-15 10:00:00,0
TXN0000693,13005.03,electronics,credit,Multan,15,4,0,2024-01-15 10:30:00,0
TXN0000694,6602.04,travel,credit,Multan,18,1,1,2024-01-15 11:00:00,0
TXN0000695,10803.81,grocery,credit,Peshawar,14,5,1,2024-01-15 11:30:00,0
TXN0000696,8674.37,electronics,withdrawal,Multan,16,3,1,2024-01-15 12:00:00,0
TXN0000697,3514.61,travel,transfer,Islamabad,18,1,0,2024-01-15 12:30:00,0
TXN0000698,13237.93,electronics,withdrawal,Quetta,10,0,0,2024-01-15 13:00:00,0
TXN0000699,2793.07,atm,debit,Peshawar,17,1,1,2024-01-15 13:30:00,0
TXN0000700,6774.36,electronics,debit,Islamabad,19,1,1,2024-01-15 14:00:00,0
TXN0000701,10944.42,atm,debit,Peshawar,12,1,0,2024-01-15 14:30:00,0
TXN0000702,3810.83,grocery,credit,Islamabad,10,0,0,2024-01-15 15:00:00,0
TXN0000703,2885.09,electronics,transfer,Multan,12,0,0,2024-01-15 15:30:00,0
TXN0000704,4919.81,grocery,debit,Multan,17,1,0,2024-01-15 16:00:00,0
TXN0000705,713641.34,atm,debit,Quetta,2,1,0,2024-01-15 16:30:00,1
TXN0000706,21265.14,online,debit,Multan,21,4,0,2024-01-15 17:00:00,0
TXN0000707,6301.13,atm,credit,Lahore,18,3,0,2024-01-15 17:30:00,0
TXN0000708,8665.05,travel,debit,Islamabad,11,4,0,2024-01-15 18:00:00,0
TXN0000709,18686.95,atm,debit,Islamabad,13,5,0,2024-01-15 18:30:00,0
TXN0000710,829.98,online,transfer,Peshawar,9,3,0,2024-01-15 19:00:00,0
TXN0000711,2112.54,grocery,debit,Quetta,20,5,1,2024-01-15 19:30:00,0
TXN0000712,9872.71,electronics,credit,Karachi,14,3,0,2024-01-15 20:00:00,0
TXN0000713,13886.56,travel,credit,Multan,15,1,0,2024-01-15 20:30:00,0
TXN0000714,15560.91,online,transfer,Karachi,8,4,0,2024-01-15 21:00:00,0
TXN0000715,4290.61,grocery,debit,Lahore,20,3,1,2024-01-15 21:30:00,0
TXN0000716,748.68,atm,withdrawal,Quetta,11,5,0,2024-01-15 22:00:00,0
TXN0000717,109204.55,online,credit,Islamabad,23,3,1,2024-01-15 22:30:00,1
TXN0000718,2098.55,online,debit,Karachi,11,0,0,2024-01-15 23:00:00,0
TXN0000719,2753.42,electronics,debit,Lahore,20,3,1,2024-01-15 23:30:00,0
TXN0000720,11836.67,online,debit,Quetta,12,6,1,2024-01-16 00:00:00,0
TXN0000721,628.25,grocery,transfer,Lahore,21,1,0,2024-01-16 00:30:00,0
TXN0000722,14062.63,grocery,credit,Multan,19,2,1,2024-01-16 01:00:00,0
TXN0000723,4464.3,atm,debit,Karachi,19,0,1,2024-01-16 01:30:00,0
TXN0000724,7251.99,electronics,debit,Peshawar,11,2,0,2024-01-16 02:00:00,0
TXN0000725,751.43,electronics,transfer,Peshawar,16,1,0,2024-01-16 02:30:00,0
TXN0000726,3292.18,grocery,transfer,Quetta,14,6,0,2024-01-16 03:00:00,0
TXN0000727,751.86,travel,credit,Lahore,20,2,0,2024-01-16 03:30:00,0
TXN0000728,26065.87,grocery,credit,Islamabad,9,3,0,2024-01-16 04:00:00,0
TXN0000729,13171.37,electronics,transfer,Karachi,8,2,0,2024-01-16 04:30:00,0
TXN0000730,4924.05,online,transfer,Peshawar,16,4,1,2024-01-16 05:00:00,0
TXN0000731,2024.73,travel,credit,Peshawar,8,1,1,2024-01-16 05:30:00,0
TXN0000732,21679.03,healthcare,debit,Lahore,13,4,0,2024-01-16 06:00:00,0
TXN0000733,3380.03,electronics,transfer,Peshawar,9,2,0,2024-01-16 06:30:00,0
TXN0000734,1404.21,electronics,debit,Lahore,11,6,0,2024-01-16 07:00:00,0
TXN0000735,6625.59,online,debit,Karachi,13,4,0,2024-01-16 07:30:00,0
TXN0000736,23027.03,grocery,transfer,Lahore,12,0,1,2024-01-16 08:00:00,0
TXN0000737,30.7,restaurant,credit,Peshawar,18,2,1,2024-01-16 08:30:00,0
TXN0000738,2175.78,online,transfer,Lahore,13,5,0,2024-01-16 09:00:00,0
TXN0000739,22302.94,grocery,credit,Peshawar,10,4,1,2024-01-16 09:30:00,0
TXN0000740,1501.11,atm,withdrawal,Multan,12,3,1,2024-01-16 10:00:00,0
TXN0000741,961.48,grocery,debit,Quetta,9,2,0,2024-01-16 10:30:00,0
TXN0000742,6755.24,healthcare,transfer,Peshawar,14,6,0,2024-01-16 11:00:00,0
TXN0000743,15834.96,restaurant,debit,Peshawar,10,5,1,2024-01-16 11:30:00,0
TXN0000744,5187.07,online,debit,Peshawar,8,6,0,2024-01-16 12:00:00,0
TXN0000745,41718.07,grocery,debit,Quetta,21,0,0,2024-01-16 12:30:00,0
TXN0000746,9094.79,grocery,transfer,Multan,15,3,0,2024-01-16 13:00:00,0
TXN0000747,615.7,electronics,debit,Islamabad,15,2,1,2024-01-16 13:30:00,0
TXN0000748,39505.18,grocery,credit,Peshawar,10,6,1,2024-01-16 14:00:00,0
TXN0000749,4192.56,travel,debit,Islamabad,20,3,1,2024-01-16 14:30:00,0
TXN0000750,2710.71,restaurant,debit,Karachi,14,2,1,2024-01-16 15:00:00,0
TXN0000751,6529.38,travel,credit,Multan,16,2,0,2024-01-16 15:30:00,0
TXN0000752,2902.78,online,withdrawal,Lahore,15,1,0,2024-01-16 16:00:00,0
TXN0000753,723.4,online,debit,Islamabad,10,4,1,2024-01-16 16:30:00,0
TXN0000754,11.43,restaurant,credit,Multan,20,2,1,2024-01-16 17:00:00,0
TXN0000755,4776.64,grocery,withdrawal,Karachi,9,0,0,2024-01-16 17:30:00,0
TXN0000756,14505.34,travel,transfer,Multan,20,5,1,2024-01-16 18:00:00,0
TXN0000757,6794.95,atm,transfer,Lahore,17,4,1,2024-01-16 18:30:00,0
TXN0000758,57120.52,atm,debit,Peshawar,14,1,1,2024-01-16 19:00:00,0
TXN0000759,2704.47,restaurant,credit,Peshawar,14,4,1,2024-01-16 19:30:00,0
TXN0000760,2633.09,atm,debit,Peshawar,16,4,1,2024-01-16 20:00:00,0
TXN0000761,1392.44,grocery,credit,Quetta,12,2,1,2024-01-16 20:30:00,0
TXN0000762,1433.62,online,transfer,Quetta,11,0,1,2024-01-16 21:00:00,0
TXN0000763,2685.87,grocery,credit,Quetta,15,2,0,2024-01-16 21:30:00,0
TXN0000764,12594.11,online,debit,Quetta,21,6,0,2024-01-16 22:00:00,0
TXN0000765,18895.01,online,withdrawal,Karachi,11,0,0,2024-01-16 22:30:00,0
TXN0000766,29538.98,online,credit,Multan,11,6,1,2024-01-16 23:00:00,0
TXN0000767,2114.74,restaurant,withdrawal,Karachi,19,0,0,2024-01-16 23:30:00,0
TXN0000768,17049.08,online,credit,Peshawar,21,3,0,2024-01-17 00:00:00,0
TXN0000769,3183.01,electronics,debit,Lahore,19,2,0,2024-01-17 00:30:00,0
TXN0000770,957.84,grocery,credit,Quetta,9,6,0,2024-01-17 01:00:00,0
TXN0000771,16323.3,restaurant,credit,Multan,20,1,1,2024-01-17 01:30:00,0
TXN0000772,8087.13,grocery,debit,Lahore,8,5,0,2024-01-17 02:00:00,0
TXN0000773,1440.01,grocery,credit,Karachi,11,4,0,2024-01-17 02:30:00,0
TXN0000774,4494.58,grocery,credit,Quetta,14,3,0,2024-01-17 03:00:00,0
TXN0000775,2709.08,online,credit,Karachi,19,6,0,2024-01-17 03:30:00,0
TXN0000776,10678.56,grocery,debit,Karachi,16,1,1,2024-01-17 04:00:00,0
TXN0000777,4832.54,restaurant,credit,Islamabad,16,5,1,2024-01-17 04:30:00,0
TXN0000778,36285.11,healthcare,debit,Multan,19,5,0,2024-01-17 05:00:00,0
TXN0000779,450.4,healthcare,credit,Karachi,17,2,0,2024-01-17 05:30:00,0
TXN0000780,3508.23,grocery,debit,Peshawar,8,0,0,2024-01-17 06:00:00,0
TXN0000781,5260.7,restaurant,debit,Karachi,12,6,0,2024-01-17 06:30:00,0
TXN0000782,5595.47,healthcare,debit,Quetta,14,2,1,2024-01-17 07:00:00,0
TXN0000783,3037.63,restaurant,debit,Peshawar,20,5,1,2024-01-17 07:30:00,0
TXN0000784,10452.19,online,credit,Karachi,14,2,0,2024-01-17 08:00:00,0
TXN0000785,16619.36,atm,withdrawal,Peshawar,17,3,1,2024-01-17 08:30:00,0
TXN0000786,22338.32,grocery,credit,Karachi,13,6,1,2024-01-17 09:00:00,0
TXN0000787,13081.88,restaurant,credit,Multan,18,1,0,2024-01-17 09:30:00,0
TXN0000788,15207.96,grocery,withdrawal,Peshawar,17,5,0,2024-01-17 10:00:00,0
TXN0000789,6397.76,electronics,withdrawal,Lahore,11,6,1,2024-01-17 10:30:00,0
TXN0000790,13984.46,healthcare,transfer,Islamabad,10,3,1,2024-01-17 11:00:00,0
TXN0000791,2893.54,travel,debit,Peshawar,19,1,1,2024-01-17 11:30:00,0
TXN0000792,4066.35,grocery,credit,Quetta,20,3,0,2024-01-17 12:00:00,0
TXN0000793,3049.06,healthcare,transfer,Islamabad,16,4,0,2024-01-17 12:30:00,0
TXN0000794,5039.69,healthcare,transfer,Islamabad,19,0,0,2024-01-17 13:00:00,0
TXN0000795,2690.27,grocery,credit,Karachi,20,0,0,2024-01-17 13:30:00,0
TXN0000796,26079.97,restaurant,debit,Peshawar,17,0,1,2024-01-17 14:00:00,0
TXN0000797,3001.56,electronics,withdrawal,Multan,11,4,0,2024-01-17 14:30:00,0
TXN0000798,825.52,electronics,credit,Islamabad,15,5,1,2024-01-17 15:00:00,0
TXN0000799,5986.19,electronics,debit,Quetta,20,5,1,2024-01-17 15:30:00,0
TXN0000800,470.35,grocery,debit,Multan,8,4,1,2024-01-17 16:00:00,0
TXN0000801,937.15,electronics,credit,Multan,14,0,1,2024-01-17 16:30:00,0
TXN0000802,1981.43,grocery,debit,Quetta,19,0,0,2024-01-17 17:00:00,0
TXN0000803,4994.2,restaurant,debit,Quetta,13,1,1,2024-01-17 17:30:00,0
TXN0000804,4542.71,online,withdrawal,Karachi,20,1,1,2024-01-17 18:00:00,0
TXN0000805,12863.19,restaurant,debit,Lahore,19,2,0,2024-01-17 18:30:00,0
TXN0000806,10760.44,atm,credit,Peshawar,8,6,1,2024-01-17 19:00:00,0
TXN0000807,4445.44,grocery,transfer,Islamabad,11,6,0,2024-01-17 19:30:00,0
TXN0000808,3248.17,restaurant,credit,Peshawar,19,6,0,2024-01-17 20:00:00,0
TXN0000809,3043.86,restaurant,debit,Multan,21,3,0,2024-01-17 20:30:00,0
TXN0000810,569008.44,electronics,credit,Islamabad,23,1,0,2024-01-17 21:00:00,1
TXN0000811,427.82,grocery,debit,Karachi,18,1,1,2024-01-17 21:30:00,0
TXN0000812,103.24,atm,debit,Peshawar,15,1,0,2024-01-17 22:00:00,0
TXN0000813,12699.24,atm,transfer,Karachi,11,1,1,2024-01-17 22:30:00,0
TXN0000814,5187.63,restaurant,withdrawal,Karachi,10,4,1,2024-01-17 23:00:00,0
TXN0000815,1122.2,grocery,transfer,Peshawar,9,2,0,2024-01-17 23:30:00,0
TXN0000816,2148.96,grocery,debit,Peshawar,11,1,1,2024-01-18 00:00:00,0
TXN0000817,21565.49,online,credit,Islamabad,18,5,1,2024-01-18 00:30:00,0
TXN0000818,15700.55,online,debit,Multan,17,3,1,2024-01-18 01:00:00,0
TXN0000819,9897.07,grocery,credit,Multan,21,6,0,2024-01-18 01:30:00,0
TXN0000820,5265.72,electronics,debit,Quetta,20,1,1,2024-01-18 02:00:00,0
TXN0000821,5877.15,online,transfer,Karachi,11,4,0,2024-01-18 02:30:00,0
TXN0000822,29589.67,atm,debit,Multan,20,5,0,2024-01-18 03:00:00,0
TXN0000823,26997.33,electronics,debit,Lahore,17,6,0,2024-01-18 03:30:00,0
TXN0000824,1939.31,travel,credit,Islamabad,12,0,1,2024-01-18 04:00:00,0
TXN0000825,13332.49,atm,debit,Islamabad,20,0,1,2024-01-18 04:30:00,0
TXN0000826,1757.62,healthcare,transfer,Quetta,14,6,1,2024-01-18 05:00:00,0
TXN0000827,1921.68,grocery,withdrawal,Quetta,16,2,0,2024-01-18 05:30:00,0
TXN0000828,9018.39,electronics,debit,Karachi,9,0,1,2024-01-18 06:00:00,0
TXN0000829,4153.57,restaurant,debit,Islamabad,12,1,0,2024-01-18 06:30:00,0
TXN0000830,21452.56,electronics,withdrawal,Islamabad,18,6,0,2024-01-18 07:00:00,0
TXN0000831,745.78,atm,transfer,Lahore,17,4,1,2024-01-18 07:30:00,0
TXN0000832,5731.75,online,withdrawal,Karachi,16,2,1,2024-01-18 08:00:00,0
TXN0000833,20059.33,electronics,debit,Karachi,19,5,0,2024-01-18 08:30:00,0
TXN0000834,18756.73,online,debit,Multan,21,1,0,2024-01-18 09:00:00,0
TXN0000835,1361.84,online,debit,Quetta,20,0,1,2024-01-18 09:30:00,0
TXN0000836,3653.7,online,debit,Multan,10,3,1,2024-01-18 10:00:00,0
TXN0000837,7722.2,grocery,transfer,Karachi,8,1,1,2024-01-18 10:30:00,0
TXN0000838,1389.07,healthcare,debit,Lahore,9,3,0,2024-01-18 11:00:00,0
TXN0000839,27541.7,travel,credit,Karachi,21,5,1,2024-01-18 11:30:00,0
TXN0000840,19697.27,online,debit,Multan,13,3,1,2024-01-18 12:00:00,0
TXN0000841,1461.29,restaurant,transfer,Peshawar,12,5,0,2024-01-18 12:30:00,0
TXN0000842,1033.18,travel,debit,Peshawar,8,2,0,2024-01-18 13:00:00,0
TXN0000843,355811.08,atm,debit,Lahore,1,4,1,2024-01-18 13:30:00,1
TXN0000844,19214.27,healthcare,credit,Quetta,18,0,1,2024-01-18 14:00:00,0
TXN0000845,1721.64,electronics,debit,Islamabad,11,0,1,2024-01-18 14:30:00,0
TXN0000846,4306.74,travel,credit,Karachi,19,1,0,2024-01-18 15:00:00,0
TXN0000847,471641.61,restaurant,credit,Multan,3,6,1,2024-01-18 15:30:00,1
TXN0000848,7310.57,grocery,transfer,Quetta,13,0,0,2024-01-18 16:00:00,0
TXN0000849,595.51,grocery,credit,Multan,13,2,1,2024-01-18 16:30:00,0
TXN0000850,2057.31,restaurant,credit,Quetta,17,0,0,2024-01-18 17:00:00,0
TXN0000851,21446.25,atm,withdrawal,Karachi,21,1,1,2024-01-18 17:30:00,0
TXN0000852,19123.47,healthcare,withdrawal,Islamabad,13,0,1,2024-01-18 18:00:00,0
TXN0000853,12160.09,grocery,transfer,Karachi,8,4,1,2024-01-18 18:30:00,0
TXN0000854,156.74,grocery,credit,Islamabad,17,5,0,2024-01-18 19:00:00,0
TXN0000855,3168.16,grocery,credit,Multan,16,3,0,2024-01-18 19:30:00,0
TXN0000856,7910.0,online,debit,Lahore,18,3,0,2024-01-18 20:00:00,0
TXN0000857,2574.77,online,withdrawal,Islamabad,14,5,0,2024-01-18 20:30:00,0
TXN0000858,19226.91,electronics,transfer,Quetta,14,3,1,2024-01-18 21:00:00,0
TXN0000859,8038.56,grocery,debit,Lahore,18,4,0,2024-01-18 21:30:00,0
TXN0000860,596.98,online,debit,Multan,14,2,0,2024-01-18 22:00:00,0
TXN0000861,19175.66,online,debit,Peshawar,9,1,1,2024-01-18 22:30:00,0
TXN0000862,25316.36,grocery,debit,Lahore,9,4,0,2024-01-18 23:00:00,0
TXN0000863,647.19,restaurant,debit,Islamabad,13,1,1,2024-01-18 23:30:00,0
TXN0000864,6080.46,grocery,credit,Lahore,14,2,0,2024-01-19 00:00:00,0
TXN0000865,2891.94,atm,debit,Multan,10,4,0,2024-01-19 00:30:00,0
TXN0000866,3991.69,restaurant,credit,Lahore,20,0,1,2024-01-19 01:00:00,0
TXN0000867,1584.21,online,debit,Multan,11,6,1,2024-01-19 01:30:00,0
TXN0000868,6903.37,grocery,debit,Peshawar,21,2,1,2024-01-19 02:00:00,0
TXN0000869,25356.75,electronics,credit,Islamabad,19,3,1,2024-01-19 02:30:00,0
TXN0000870,5594.49,restaurant,transfer,Quetta,10,4,0,2024-01-19 03:00:00,0
TXN0000871,692.44,electronics,credit,Lahore,14,2,0,2024-01-19 03:30:00,0
TXN0000872,7740.7,atm,credit,Karachi,14,2,1,2024-01-19 04:00:00,0
TXN0000873,3326.83,healthcare,credit,Quetta,11,4,1,2024-01-19 04:30:00,0
TXN0000874,15499.38,healthcare,debit,Lahore,20,3,0,2024-01-19 05:00:00,0
TXN0000875,4562.88,online,debit,Quetta,14,5,1,2024-01-19 05:30:00,0
TXN0000876,1713.86,atm,debit,Karachi,12,3,0,2024-01-19 06:00:00,0
TXN0000877,1696.7,healthcare,credit,Quetta,8,2,1,2024-01-19 06:30:00,0
TXN0000878,11714.54,electronics,transfer,Quetta,17,1,1,2024-01-19 07:00:00,0
TXN0000879,2469.48,electronics,transfer,Karachi,11,5,1,2024-01-19 07:30:00,0
TXN0000880,11661.75,grocery,debit,Karachi,14,5,1,2024-01-19 08:00:00,0
TXN0000881,1844.24,grocery,transfer,Karachi,20,2,0,2024-01-19 08:30:00,0
TXN0000882,3105.16,restaurant,debit,Peshawar,9,4,1,2024-01-19 09:00:00,0
TXN0000883,5011.19,online,debit,Multan,9,4,0,2024-01-19 09:30:00,0
TXN0000884,22945.17,restaurant,debit,Multan,8,4,1,2024-01-19 10:00:00,0
TXN0000885,21474.45,atm,credit,Karachi,9,3,1,2024-01-19 10:30:00,0
TXN0000886,1854.16,online,debit,Multan,17,0,0,2024-01-19 11:00:00,0
TXN0000887,3548.07,online,credit,Quetta,21,4,1,2024-01-19 11:30:00,0
TXN0000888,1294.5,grocery,transfer,Karachi,15,4,0,2024-01-19 12:00:00,0
TXN0000889,5706.56,restaurant,debit,Lahore,18,5,1,2024-01-19 12:30:00,0
TXN0000890,4938.12,travel,credit,Karachi,15,1,0,2024-01-19 13:00:00,0
TXN0000891,18481.73,online,debit,Karachi,15,1,1,2024-01-19 13:30:00,0
TXN0000892,21274.69,grocery,debit,Multan,8,2,1,2024-01-19 14:00:00,0
TXN0000893,3870.45,restaurant,debit,Islamabad,8,2,1,2024-01-19 14:30:00,0
TXN0000894,5414.06,restaurant,withdrawal,Quetta,19,2,1,2024-01-19 15:00:00,0
TXN0000895,18125.11,online,credit,Multan,17,4,1,2024-01-19 15:30:00,0
TXN0000896,13148.42,online,transfer,Quetta,11,1,0,2024-01-19 16:00:00,0
TXN0000897,29.3,atm,debit,Lahore,13,2,0,2024-01-19 16:30:00,0
TXN0000898,3086.0,electronics,transfer,Peshawar,15,1,0,2024-01-19 17:00:00,0
TXN0000899,4382.33,grocery,transfer,Islamabad,20,4,1,2024-01-19 17:30:00,0
TXN0000900,2087.97,online,transfer,Lahore,9,5,1,2024-01-19 18:00:00,0
TXN0000901,1780.87,grocery,withdrawal,Lahore,20,4,1,2024-01-19 18:30:00,0
TXN0000902,308.13,travel,debit,Quetta,10,2,0,2024-01-19 19:00:00,0
TXN0000903,8248.45,travel,credit,Islamabad,13,4,0,2024-01-19 19:30:00,0
TXN0000904,2436.03,electronics,credit,Quetta,17,4,0,2024-01-19 20:00:00,0
TXN0000905,430.14,grocery,credit,Peshawar,11,1,1,2024-01-19 20:30:00,0
TXN0000906,2101.1,electronics,transfer,Quetta,19,0,1,2024-01-19 21:00:00,0
TXN0000907,12952.43,electronics,debit,Karachi,9,3,0,2024-01-19 21:30:00,0
TXN0000908,15256.78,travel,debit,Quetta,14,2,0,2024-01-19 22:00:00,0
TXN0000909,5278.72,online,debit,Karachi,11,6,0,2024-01-19 22:30:00,0
TXN0000910,4303.8,healthcare,transfer,Lahore,15,0,0,2024-01-19 23:00:00,0
TXN0000911,30480.68,grocery,withdrawal,Peshawar,15,5,1,2024-01-19 23:30:00,0
TXN0000912,1790.8,restaurant,credit,Multan,14,6,0,2024-01-20 00:00:00,0
TXN0000913,1940.23,electronics,credit,Karachi,17,2,1,2024-01-20 00:30:00,0
TXN0000914,2760.99,online,credit,Peshawar,16,0,1,2024-01-20 01:00:00,0
TXN0000915,1517.26,online,credit,Quetta,11,4,1,2024-01-20 01:30:00,0
TXN0000916,3816.1,online,debit,Multan,14,2,1,2024-01-20 02:00:00,0
TXN0000917,19338.06,atm,transfer,Quetta,17,0,1,2024-01-20 02:30:00,0
TXN0000918,7643.33,electronics,credit,Lahore,17,3,1,2024-01-20 03:00:00,0
TXN0000919,4247.5,electronics,credit,Quetta,19,4,0,2024-01-20 03:30:00,0
TXN0000920,21794.75,restaurant,debit,Karachi,8,2,0,2024-01-20 04:00:00,0
TXN0000921,397.42,grocery,transfer,Lahore,11,5,0,2024-01-20 04:30:00,0
TXN0000922,1888.58,grocery,transfer,Peshawar,9,5,0,2024-01-20 05:00:00,0
TXN0000923,6675.63,grocery,credit,Lahore,16,2,1,2024-01-20 05:30:00,0
TXN0000924,7647.59,grocery,transfer,Peshawar,12,0,0,2024-01-20 06:00:00,0
TXN0000925,322.89,online,credit,Islamabad,10,2,1,2024-01-20 06:30:00,0
TXN0000926,4127.22,online,credit,Karachi,11,6,0,2024-01-20 07:00:00,0
TXN0000927,8379.26,electronics,debit,Karachi,13,4,0,2024-01-20 07:30:00,0
TXN0000928,9580.5,grocery,transfer,Peshawar,17,1,1,2024-01-20 08:00:00,0
TXN0000929,8131.98,atm,credit,Quetta,8,5,1,2024-01-20 08:30:00,0
TXN0000930,3091.93,atm,transfer,Multan,14,0,0,2024-01-20 09:00:00,0
TXN0000931,785.49,healthcare,credit,Quetta,15,3,0,2024-01-20 09:30:00,0
TXN0000932,517065.05,restaurant,transfer,Islamabad,23,2,1,2024-01-20 10:00:00,1
TXN0000933,1102.65,restaurant,transfer,Peshawar,14,4,1,2024-01-20 10:30:00,0
TXN0000934,23594.4,atm,credit,Islamabad,16,2,1,2024-01-20 11:00:00,0
TXN0000935,5157.46,online,transfer,Peshawar,20,3,1,2024-01-20 11:30:00,0
TXN0000936,3053.12,grocery,credit,Islamabad,11,4,1,2024-01-20 12:00:00,0
TXN0000937,11629.88,online,withdrawal,Peshawar,21,3,1,2024-01-20 12:30:00,0
TXN0000938,5512.42,grocery,transfer,Karachi,14,4,1,2024-01-20 13:00:00,0
TXN0000939,2968.9,restaurant,debit,Islamabad,16,1,1,2024-01-20 13:30:00,0
TXN0000940,13369.13,travel,transfer,Islamabad,12,5,1,2024-01-20 14:00:00,0
TXN0000941,16148.41,online,credit,Peshawar,9,4,1,2024-01-20 14:30:00,0
TXN0000942,8942.56,grocery,withdrawal,Lahore,12,3,0,2024-01-20 15:00:00,0
TXN0000943,384.82,online,transfer,Lahore,11,0,1,2024-01-20 15:30:00,0
TXN0000944,6683.64,electronics,debit,Karachi,15,5,1,2024-01-20 16:00:00,0
TXN0000945,11527.52,electronics,debit,Quetta,12,6,0,2024-01-20 16:30:00,0
TXN0000946,1174.12,electronics,credit,Quetta,16,1,1,2024-01-20 17:00:00,0
TXN0000947,2077.12,grocery,transfer,Karachi,16,2,0,2024-01-20 17:30:00,0
TXN0000948,17130.2,travel,transfer,Quetta,10,1,1,2024-01-20 18:00:00,0
TXN0000949,162.62,travel,debit,Multan,20,1,0,2024-01-20 18:30:00,0
TXN0000950,11178.1,restaurant,transfer,Multan,17,2,1,2024-01-20 19:00:00,0
TXN0000951,5136.19,travel,credit,Multan,13,4,0,2024-01-20 19:30:00,0
TXN0000952,4735.88,electronics,debit,Multan,13,1,0,2024-01-20 20:00:00,0
TXN0000953,56.97,healthcare,debit,Peshawar,11,5,1,2024-01-20 20:30:00,0
TXN0000954,13691.69,online,debit,Lahore,18,1,1,2024-01-20 21:00:00,0
TXN0000955,3568.11,travel,debit,Karachi,20,0,0,2024-01-20 21:30:00,0
TXN0000956,6225.56,travel,debit,Peshawar,17,5,0,2024-01-20 22:00:00,0
TXN0000957,9048.27,atm,debit,Multan,10,0,0,2024-01-20 22:30:00,0
TXN0000958,9702.21,electronics,transfer,Karachi,8,5,1,2024-01-20 23:00:00,0
TXN0000959,24984.9,electronics,debit,Lahore,19,3,0,2024-01-20 23:30:00,0
TXN0000960,6063.02,atm,debit,Quetta,14,2,0,2024-01-21 00:00:00,0
TXN0000961,4082.87,grocery,debit,Peshawar,12,5,0,2024-01-21 00:30:00,0
TXN0000962,24581.53,restaurant,credit,Lahore,21,5,0,2024-01-21 01:00:00,0
TXN0000963,8220.24,travel,credit,Karachi,17,4,1,2024-01-21 01:30:00,0
TXN0000964,2832.29,online,debit,Islamabad,14,4,1,2024-01-21 02:00:00,0
TXN0000965,1081.65,atm,credit,Peshawar,8,3,0,2024-01-21 02:30:00,0
TXN0000966,14789.41,electronics,transfer,Karachi,15,4,1,2024-01-21 03:00:00,0
TXN0000967,3597.61,restaurant,debit,Karachi,10,6,1,2024-01-21 03:30:00,0
TXN0000968,8641.54,healthcare,credit,Lahore,14,6,0,2024-01-21 04:00:00,0
TXN0000969,5091.36,travel,credit,Karachi,19,4,0,2024-01-21 04:30:00,0
TXN0000970,1774.45,restaurant,debit,Peshawar,10,6,1,2024-01-21 05:00:00,0
TXN0000971,7364.13,grocery,transfer,Multan,21,0,1,2024-01-21 05:30:00,0
TXN0000972,500.82,restaurant,transfer,Peshawar,10,6,0,2024-01-21 06:00:00,0
TXN0000973,4266.51,electronics,credit,Karachi,17,4,0,2024-01-21 06:30:00,0
TXN0000974,6328.11,electronics,debit,Lahore,16,4,0,2024-01-21 07:00:00,0
TXN0000975,4582.27,grocery,withdrawal,Peshawar,20,6,0,2024-01-21 07:30:00,0
TXN0000976,11047.98,electronics,credit,Islamabad,9,3,0,2024-01-21 08:00:00,0
TXN0000977,14078.6,grocery,debit,Multan,21,3,1,2024-01-21 08:30:00,0
TXN0000978,11800.76,restaurant,credit,Quetta,11,1,0,2024-01-21 09:00:00,0
TXN0000979,316.69,restaurant,transfer,Lahore,13,4,0,2024-01-21 09:30:00,0
TXN0000980,1726.65,grocery,transfer,Lahore,21,4,0,2024-01-21 10:00:00,0
TXN0000981,6153.45,grocery,debit,Quetta,10,5,0,2024-01-21 10:30:00,0
TXN0000982,21845.07,restaurant,debit,Quetta,19,4,1,2024-01-21 11:00:00,0
TXN0000983,14412.38,electronics,credit,Peshawar,17,0,1,2024-01-21 11:30:00,0
TXN0000984,14788.39,grocery,withdrawal,Karachi,21,6,1,2024-01-21 12:00:00,0
TXN0000985,2890.15,online,debit,Karachi,17,5,1,2024-01-21 12:30:00,0
TXN0000986,4489.21,travel,transfer,Islamabad,14,4,1,2024-01-21 13:00:00,0
TXN0000987,5089.69,grocery,credit,Multan,14,0,1,2024-01-21 13:30:00,0
TXN0000988,1369.83,atm,transfer,Karachi,12,1,0,2024-01-21 14:00:00,0
TXN0000989,252.49,online,credit,Islamabad,10,5,0,2024-01-21 14:30:00,0
TXN0000990,23485.06,grocery,debit,Islamabad,9,6,0,2024-01-21 15:00:00,0
TXN0000991,2203.0,restaurant,transfer,Lahore,11,6,1,2024-01-21 15:30:00,0
TXN0000992,2194.96,online,withdrawal,Lahore,21,2,1,2024-01-21 16:00:00,0
TXN0000993,696.49,electronics,debit,Multan,20,4,1,2024-01-21 16:30:00,0
TXN0000994,21105.33,grocery,credit,Peshawar,11,5,0,2024-01-21 17:00:00,0
TXN0000995,6935.0,grocery,debit,Quetta,18,6,1,2024-01-21 17:30:00,0
TXN0000996,8797.79,travel,debit,Quetta,15,3,0,2024-01-21 18:00:00,0
TXN0000997,19404.98,grocery,transfer,Multan,15,5,1,2024-01-21 18:30:00,0
TXN0000998,3392.54,travel,debit,Islamabad,20,3,0,2024-01-21 19:00:00,0
TXN0000999,7772.47,grocery,transfer,Multan,12,4,1,2024-01-21 19:30:00,0
TXN0001000,316.58,online,credit,Quetta,20,0,0,2024-01-21 20:00:00,0
TXN0001001,1653.96,atm,withdrawal,Islamabad,13,3,0,2024-01-21 20:30:00,0
TXN0001002,14234.5,online,debit,Quetta,15,5,1,2024-01-21 21:00:00,0
TXN0001003,11645.79,online,debit,Peshawar,8,5,1,2024-01-21 21:30:00,0
TXN0001004,3454.18,restaurant,debit,Lahore,12,6,0,2024-01-21 22:00:00,0
TXN0001005,3783.24,online,transfer,Lahore,11,3,1,2024-01-21 22:30:00,0
TXN0001006,6100.91,electronics,credit,Islamabad,11,1,1,2024-01-21 23:00:00,0
TXN0001007,1.93,travel,debit,Multan,18,6,0,2024-01-21 23:30:00,0
TXN0001008,2208.6,restaurant,transfer,Quetta,9,1,0,2024-01-22 00:00:00,0
TXN0001009,1867.89,grocery,transfer,Karachi,17,1,0,2024-01-22 00:30:00,0
TXN0001010,2306.61,electronics,transfer,Peshawar,8,3,1,2024-01-22 01:00:00,0
TXN0001011,343932.92,online,debit,Quetta,22,3,0,2024-01-22 01:30:00,1
TXN0001012,2624.41,online,debit,Karachi,13,5,1,2024-01-22 02:00:00,0
TXN0001013,1700.81,atm,transfer,Peshawar,14,4,1,2024-01-22 02:30:00,0
TXN0001014,5613.69,electronics,credit,Peshawar,12,4,0,2024-01-22 03:00:00,0
TXN0001015,16058.16,grocery,debit,Lahore,15,0,1,2024-01-22 03:30:00,0
TXN0001016,2209.71,healthcare,debit,Islamabad,16,3,1,2024-01-22 04:00:00,0
TXN0001017,654.33,grocery,withdrawal,Quetta,18,6,0,2024-01-22 04:30:00,0
TXN0001018,3525.48,grocery,debit,Peshawar,18,6,0,2024-01-22 05:00:00,0
TXN0001019,11015.56,travel,transfer,Quetta,9,4,1,2024-01-22 05:30:00,0
TXN0001020,6400.35,atm,credit,Peshawar,18,4,0,2024-01-22 06:00:00,0
TXN0001021,13577.13,atm,transfer,Multan,20,1,0,2024-01-22 06:30:00,0
TXN0001022,25669.85,restaurant,transfer,Lahore,11,1,1,2024-01-22 07:00:00,0
TXN0001023,669548.51,grocery,credit,Islamabad,0,6,0,2024-01-22 07:30:00,1
TXN0001024,7406.75,electronics,debit,Karachi,16,6,0,2024-01-22 08:00:00,0
TXN0001025,5439.35,electronics,transfer,Karachi,12,1,1,2024-01-22 08:30:00,0
TXN0001026,327.15,restaurant,debit,Multan,10,2,1,2024-01-22 09:00:00,0
TXN0001027,33243.96,travel,transfer,Lahore,13,4,1,2024-01-22 09:30:00,0
TXN0001028,3869.33,grocery,transfer,Peshawar,10,1,0,2024-01-22 10:00:00,0
TXN0001029,1321.15,atm,credit,Lahore,21,1,0,2024-01-22 10:30:00,0
TXN0001030,8789.91,electronics,debit,Islamabad,12,3,1,2024-01-22 11:00:00,0
TXN0001031,2675.82,online,debit,Karachi,10,6,0,2024-01-22 11:30:00,0
TXN0001032,7050.83,restaurant,transfer,Quetta,13,5,0,2024-01-22 12:00:00,0
TXN0001033,7069.97,electronics,debit,Karachi,19,1,0,2024-01-22 12:30:00,0
TXN0001034,4720.82,grocery,withdrawal,Islamabad,17,3,0,2024-01-22 13:00:00,0
TXN0001035,14468.9,electronics,withdrawal,Peshawar,12,0,1,2024-01-22 13:30:00,0
TXN0001036,2462.72,electronics,debit,Lahore,21,1,1,2024-01-22 14:00:00,0
TXN0001037,4762.83,grocery,debit,Karachi,16,5,0,2024-01-22 14:30:00,0
TXN0001038,6172.19,online,credit,Karachi,10,3,0,2024-01-22 15:00:00,0
TXN0001039,8716.22,grocery,withdrawal,Quetta,13,5,0,2024-01-22 15:30:00,0
TXN0001040,12258.77,restaurant,credit,Lahore,15,1,1,2024-01-22 16:00:00,0
TXN0001041,4017.67,grocery,debit,Quetta,14,0,1,2024-01-22 16:30:00,0
TXN0001042,8308.73,electronics,transfer,Quetta,13,1,1,2024-01-22 17:00:00,0
TXN0001043,1305.9,electronics,debit,Peshawar,21,3,1,2024-01-22 17:30:00,0
TXN0001044,21582.59,atm,debit,Karachi,9,0,1,2024-01-22 18:00:00,0
TXN0001045,3863.85,travel,debit,Multan,14,0,0,2024-01-22 18:30:00,0
TXN0001046,10460.5,atm,credit,Lahore,15,0,0,2024-01-22 19:00:00,0
TXN0001047,164.41,atm,debit,Peshawar,8,2,1,2024-01-22 19:30:00,0
TXN0001048,1837.19,restaurant,credit,Multan,16,3,1,2024-01-22 20:00:00,0
TXN0001049,5341.12,atm,transfer,Peshawar,11,2,0,2024-01-22 20:30:00,0
TXN0001050,16846.45,grocery,credit,Peshawar,15,5,1,2024-01-22 21:00:00,0
TXN0001051,5993.6,atm,transfer,Islamabad,17,0,0,2024-01-22 21:30:00,0
TXN0001052,21259.29,restaurant,debit,Islamabad,14,2,1,2024-01-22 22:00:00,0
TXN0001053,5290.04,healthcare,credit,Peshawar,21,1,0,2024-01-22 22:30:00,0
TXN0001054,634637.53,grocery,debit,Islamabad,3,2,1,2024-01-22 23:00:00,1
TXN0001055,1020.37,online,credit,Lahore,17,4,0,2024-01-22 23:30:00,0
TXN0001056,12982.46,grocery,debit,Karachi,14,5,0,2024-01-23 00:00:00,0
TXN0001057,2269.15,electronics,debit,Multan,9,0,1,2024-01-23 00:30:00,0
TXN0001058,18389.74,atm,debit,Lahore,8,0,1,2024-01-23 01:00:00,0
TXN0001059,19337.17,healthcare,debit,Karachi,11,6,1,2024-01-23 01:30:00,0
TXN0001060,22961.28,online,credit,Islamabad,19,5,1,2024-01-23 02:00:00,0
TXN0001061,207738.92,restaurant,credit,Multan,22,5,1,2024-01-23 02:30:00,1
TXN0001062,9043.15,grocery,debit,Lahore,15,3,0,2024-01-23 03:00:00,0
TXN0001063,12059.24,grocery,transfer,Quetta,17,1,1,2024-01-23 03:30:00,0
TXN0001064,1123.43,online,credit,Peshawar,14,6,1,2024-01-23 04:00:00,0
TXN0001065,7349.49,electronics,credit,Karachi,15,5,1,2024-01-23 04:30:00,0
TXN0001066,279.2,restaurant,transfer,Karachi,18,6,1,2024-01-23 05:00:00,0
TXN0001067,5506.33,electronics,debit,Quetta,13,5,0,2024-01-23 05:30:00,0
TXN0001068,1345.86,travel,debit,Quetta,8,6,1,2024-01-23 06:00:00,0
TXN0001069,1616.17,online,credit,Peshawar,21,3,1,2024-01-23 06:30:00,0
TXN0001070,3633.64,electronics,withdrawal,Islamabad,20,5,1,2024-01-23 07:00:00,0
TXN0001071,4531.23,restaurant,credit,Lahore,20,2,1,2024-01-23 07:30:00,0
TXN0001072,7807.74,travel,transfer,Lahore,19,4,0,2024-01-23 08:00:00,0
TXN0001073,618.75,travel,transfer,Lahore,16,4,0,2024-01-23 08:30:00,0
TXN0001074,561899.34,atm,credit,Islamabad,23,4,0,2024-01-23 09:00:00,1
TXN0001075,1613.26,electronics,credit,Peshawar,19,5,0,2024-01-23 09:30:00,0
TXN0001076,6826.06,atm,credit,Lahore,20,6,0,2024-01-23 10:00:00,0
TXN0001077,8115.74,grocery,credit,Karachi,17,4,1,2024-01-23 10:30:00,0
TXN0001078,6508.24,grocery,credit,Karachi,8,1,0,2024-01-23 11:00:00,0
TXN0001079,10724.31,healthcare,transfer,Karachi,8,2,0,2024-01-23 11:30:00,0
TXN0001080,3271.08,atm,credit,Quetta,15,4,1,2024-01-23 12:00:00,0
TXN0001081,11588.99,electronics,debit,Quetta,13,0,0,2024-01-23 12:30:00,0
TXN0001082,4535.88,online,transfer,Islamabad,15,5,0,2024-01-23 13:00:00,0
TXN0001083,5296.05,restaurant,transfer,Lahore,15,2,0,2024-01-23 13:30:00,0
TXN0001084,8355.31,grocery,withdrawal,Quetta,18,1,0,2024-01-23 14:00:00,0
TXN0001085,148.23,grocery,credit,Karachi,21,4,1,2024-01-23 14:30:00,0
TXN0001086,8490.4,online,debit,Quetta,15,1,0,2024-01-23 15:00:00,0
TXN0001087,7710.94,grocery,debit,Karachi,17,5,0,2024-01-23 15:30:00,0
TXN0001088,687084.8,grocery,transfer,Lahore,1,4,0,2024-01-23 16:00:00,1
TXN0001089,717.6,restaurant,debit,Islamabad,14,0,0,2024-01-23 16:30:00,0
TXN0001090,762.71,grocery,withdrawal,Peshawar,17,2,0,2024-01-23 17:00:00,0
TXN0001091,20534.88,atm,debit,Peshawar,11,6,1,2024-01-23 17:30:00,0
TXN0001092,9350.89,online,transfer,Karachi,16,0,0,2024-01-23 18:00:00,0
TXN0001093,1087.5,online,transfer,Quetta,19,4,0,2024-01-23 18:30:00,0
TXN0001094,3529.44,online,transfer,Quetta,9,3,1,2024-01-23 19:00:00,0
TXN0001095,7181.38,travel,debit,Karachi,18,2,1,2024-01-23 19:30:00,0
TXN0001096,14442.25,grocery,credit,Lahore,16,1,0,2024-01-23 20:00:00,0
TXN0001097,357.14,grocery,debit,Karachi,17,4,1,2024-01-23 20:30:00,0
TXN0001098,2160.13,atm,debit,Lahore,10,0,0,2024-01-23 21:00:00,0
TXN0001099,17639.96,grocery,debit,Islamabad,21,5,0,2024-01-23 21:30:00,0
TXN0001100,73.66,grocery,transfer,Islamabad,20,6,0,2024-01-23 22:00:00,0
TXN0001101,369798.77,healthcare,debit,Karachi,2,3,0,2024-01-23 22:30:00,1
TXN0001102,25558.18,healthcare,withdrawal,Islamabad,20,6,1,2024-01-23 23:00:00,0
TXN0001103,7602.96,electronics,debit,Quetta,11,5,1,2024-01-23 23:30:00,0
TXN0001104,271949.02,grocery,debit,Lahore,22,4,1,2024-01-24 00:00:00,1
TXN0001105,554.72,atm,debit,Peshawar,9,1,1,2024-01-24 00:30:00,0
TXN0001106,228.77,atm,transfer,Peshawar,20,0,0,2024-01-24 01:00:00,0
TXN0001107,2245.6,grocery,debit,Islamabad,8,2,0,2024-01-24 01:30:00,0
TXN0001108,17061.78,grocery,transfer,Lahore,17,3,0,2024-01-24 02:00:00,0
TXN0001109,4301.65,atm,credit,Quetta,18,4,1,2024-01-24 02:30:00,0
TXN0001110,10193.26,restaurant,withdrawal,Peshawar,12,4,0,2024-01-24 03:00:00,0
TXN0001111,20036.15,atm,debit,Quetta,16,4,0,2024-01-24 03:30:00,0
TXN0001112,4194.54,grocery,credit,Quetta,19,4,0,2024-01-24 04:00:00,0
TXN0001113,1698.39,travel,transfer,Peshawar,19,0,1,2024-01-24 04:30:00,0
TXN0001114,5823.86,online,transfer,Peshawar,12,2,1,2024-01-24 05:00:00,0
TXN0001115,19095.01,grocery,credit,Islamabad,19,1,1,2024-01-24 05:30:00,0
TXN0001116,13052.42,grocery,transfer,Lahore,18,3,1,2024-01-24 06:00:00,0
TXN0001117,544.77,electronics,debit,Karachi,17,6,0,2024-01-24 06:30:00,0
TXN0001118,9436.14,online,transfer,Lahore,16,4,0,2024-01-24 07:00:00,0
TXN0001119,6787.14,online,debit,Karachi,21,5,0,2024-01-24 07:30:00,0
TXN0001120,19041.19,atm,debit,Peshawar,20,4,0,2024-01-24 08:00:00,0
TXN0001121,1045.26,atm,debit,Quetta,19,2,1,2024-01-24 08:30:00,0
TXN0001122,6109.18,restaurant,transfer,Lahore,17,2,0,2024-01-24 09:00:00,0
TXN0001123,16926.37,atm,withdrawal,Quetta,13,0,0,2024-01-24 09:30:00,0
TXN0001124,4221.38,electronics,debit,Lahore,10,0,1,2024-01-24 10:00:00,0
TXN0001125,5262.16,electronics,transfer,Multan,11,5,0,2024-01-24 10:30:00,0
TXN0001126,584.53,online,credit,Lahore,11,5,0,2024-01-24 11:00:00,0
TXN0001127,2607.43,grocery,transfer,Quetta,8,0,1,2024-01-24 11:30:00,0
TXN0001128,3138.5,restaurant,debit,Multan,10,3,1,2024-01-24 12:00:00,0
TXN0001129,23221.21,grocery,credit,Islamabad,10,5,0,2024-01-24 12:30:00,0
TXN0001130,2657.72,electronics,debit,Peshawar,20,0,0,2024-01-24 13:00:00,0
TXN0001131,4942.37,online,debit,Islamabad,21,4,0,2024-01-24 13:30:00,0
TXN0001132,8900.99,online,credit,Islamabad,8,0,0,2024-01-24 14:00:00,0
TXN0001133,1415.65,online,transfer,Lahore,20,6,0,2024-01-24 14:30:00,0
TXN0001134,5331.14,online,credit,Peshawar,16,3,1,2024-01-24 15:00:00,0
TXN0001135,10731.76,grocery,withdrawal,Multan,18,0,0,2024-01-24 15:30:00,0
TXN0001136,16130.54,grocery,transfer,Lahore,8,0,0,2024-01-24 16:00:00,0
TXN0001137,7873.54,restaurant,debit,Karachi,16,4,0,2024-01-24 16:30:00,0
TXN0001138,8846.39,electronics,debit,Lahore,8,5,0,2024-01-24 17:00:00,0
TXN0001139,1079.99,electronics,transfer,Multan,9,4,0,2024-01-24 17:30:00,0
TXN0001140,23317.13,travel,withdrawal,Quetta,9,6,0,2024-01-24 18:00:00,0
TXN0001141,1137.8,grocery,withdrawal,Lahore,21,6,0,2024-01-24 18:30:00,0
TXN0001142,11921.62,online,transfer,Karachi,13,4,0,2024-01-24 19:00:00,0
TXN0001143,2461.08,online,credit,Lahore,14,0,0,2024-01-24 19:30:00,0
TXN0001144,21695.64,atm,transfer,Multan,18,4,1,2024-01-24 20:00:00,0
TXN0001145,10182.57,atm,debit,Karachi,8,2,1,2024-01-24 20:30:00,0
TXN0001146,11213.33,grocery,debit,Peshawar,10,1,0,2024-01-24 21:00:00,0
TXN0001147,1978.05,travel,transfer,Multan,9,1,0,2024-01-24 21:30:00,0
TXN0001148,4682.09,grocery,transfer,Lahore,15,4,0,2024-01-24 22:00:00,0
TXN0001149,7694.77,grocery,withdrawal,Karachi,16,5,0,2024-01-24 22:30:00,0
TXN0001150,11756.49,travel,debit,Multan,20,3,0,2024-01-24 23:00:00,0
TXN0001151,878.16,electronics,transfer,Peshawar,9,6,0,2024-01-24 23:30:00,0
TXN0001152,26238.63,online,transfer,Quetta,9,4,1,2024-01-25 00:00:00,0
TXN0001153,17674.26,atm,credit,Islamabad,17,5,0,2024-01-25 00:30:00,0
TXN0001154,2521.51,restaurant,debit,Karachi,16,4,1,2024-01-25 01:00:00,0
TXN0001155,13842.02,atm,credit,Quetta,21,0,1,2024-01-25 01:30:00,0
TXN0001156,5843.87,grocery,credit,Peshawar,11,6,1,2024-01-25 02:00:00,0
TXN0001157,4956.3,electronics,credit,Quetta,12,6,1,2024-01-25 02:30:00,0
TXN0001158,3020.09,electronics,credit,Lahore,20,5,1,2024-01-25 03:00:00,0
TXN0001159,6958.48,electronics,transfer,Islamabad,18,6,1,2024-01-25 03:30:00,0
TXN0001160,10471.38,grocery,debit,Karachi,16,3,1,2024-01-25 04:00:00,0
TXN0001161,4233.72,grocery,debit,Multan,13,4,1,2024-01-25 04:30:00,0
TXN0001162,7937.15,online,credit,Peshawar,17,2,1,2024-01-25 05:00:00,0
TXN0001163,9613.48,atm,debit,Islamabad,19,5,0,2024-01-25 05:30:00,0
TXN0001164,9934.0,atm,withdrawal,Peshawar,16,1,0,2024-01-25 06:00:00,0
TXN0001165,426.92,travel,debit,Quetta,16,5,1,2024-01-25 06:30:00,0
TXN0001166,15714.5,online,credit,Peshawar,14,2,1,2024-01-25 07:00:00,0
TXN0001167,4903.65,online,transfer,Peshawar,21,6,1,2024-01-25 07:30:00,0
TXN0001168,2435.0,online,debit,Quetta,19,2,0,2024-01-25 08:00:00,0
TXN0001169,2214.09,grocery,transfer,Quetta,17,6,0,2024-01-25 08:30:00,0
TXN0001170,5277.92,atm,credit,Islamabad,16,2,1,2024-01-25 09:00:00,0
TXN0001171,790502.12,online,debit,Karachi,3,3,1,2024-01-25 09:30:00,1
TXN0001172,3802.99,grocery,withdrawal,Quetta,12,3,1,2024-01-25 10:00:00,0
TXN0001173,11081.58,grocery,debit,Islamabad,19,5,1,2024-01-25 10:30:00,0
TXN0001174,814.66,grocery,credit,Peshawar,15,3,1,2024-01-25 11:00:00,0
TXN0001175,5170.97,online,debit,Peshawar,17,1,1,2024-01-25 11:30:00,0
TXN0001176,38318.65,atm,debit,Multan,11,6,0,2024-01-25 12:00:00,0
TXN0001177,11772.65,electronics,transfer,Lahore,16,0,0,2024-01-25 12:30:00,0
TXN0001178,1891.13,electronics,transfer,Quetta,14,5,0,2024-01-25 13:00:00,0
TXN0001179,5568.27,restaurant,debit,Islamabad,14,4,1,2024-01-25 13:30:00,0
TXN0001180,352027.79,grocery,credit,Multan,3,4,1,2024-01-25 14:00:00,1
TXN0001181,4215.11,grocery,transfer,Islamabad,10,5,0,2024-01-25 14:30:00,0
TXN0001182,12116.08,electronics,transfer,Karachi,11,0,0,2024-01-25 15:00:00,0
TXN0001183,11800.12,atm,credit,Multan,14,4,1,2024-01-25 15:30:00,0
TXN0001184,2071.21,online,transfer,Islamabad,18,5,0,2024-01-25 16:00:00,0
TXN0001185,20431.31,travel,credit,Quetta,18,5,0,2024-01-25 16:30:00,0
TXN0001186,7183.05,healthcare,transfer,Islamabad,21,2,0,2024-01-25 17:00:00,0
TXN0001187,3823.31,atm,withdrawal,Lahore,12,1,0,2024-01-25 17:30:00,0
TXN0001188,5576.21,grocery,debit,Peshawar,19,4,1,2024-01-25 18:00:00,0
TXN0001189,7432.4,atm,debit,Peshawar,10,1,1,2024-01-25 18:30:00,0
TXN0001190,6565.85,grocery,debit,Multan,8,6,1,2024-01-25 19:00:00,0
TXN0001191,5330.56,online,debit,Islamabad,14,5,1,2024-01-25 19:30:00,0
TXN0001192,5624.49,grocery,debit,Islamabad,13,0,0,2024-01-25 20:00:00,0
TXN0001193,1552.68,online,transfer,Islamabad,17,5,0,2024-01-25 20:30:00,0
TXN0001194,13401.75,electronics,credit,Islamabad,14,4,0,2024-01-25 21:00:00,0
TXN0001195,6242.9,restaurant,debit,Lahore,21,1,1,2024-01-25 21:30:00,0
TXN0001196,69267.23,electronics,debit,Quetta,22,2,1,2024-01-25 22:00:00,1
TXN0001197,263406.04,online,debit,Lahore,3,2,1,2024-01-25 22:30:00,1
TXN0001198,21558.38,electronics,credit,Lahore,19,5,1,2024-01-25 23:00:00,0
TXN0001199,23546.17,restaurant,credit,Lahore,11,0,0,2024-01-25 23:30:00,0
TXN0001200,3683.82,atm,debit,Peshawar,9,6,1,2024-01-26 00:00:00,0
TXN0001201,1164.99,grocery,withdrawal,Lahore,15,3,0,2024-01-26 00:30:00,0
TXN0001202,5845.12,restaurant,credit,Islamabad,14,4,0,2024-01-26 01:00:00,0
TXN0001203,955.76,electronics,withdrawal,Lahore,8,5,0,2024-01-26 01:30:00,0
TXN0001204,21743.28,online,debit,Islamabad,9,2,1,2024-01-26 02:00:00,0
TXN0001205,1622.61,atm,transfer,Multan,9,2,1,2024-01-26 02:30:00,0
TXN0001206,2331.01,grocery,credit,Quetta,11,0,0,2024-01-26 03:00:00,0
TXN0001207,4175.59,healthcare,transfer,Peshawar,10,2,0,2024-01-26 03:30:00,0
TXN0001208,3865.22,electronics,credit,Quetta,8,4,1,2024-01-26 04:00:00,0
TXN0001209,92770.19,grocery,withdrawal,Multan,22,0,1,2024-01-26 04:30:00,1
TXN0001210,4875.11,restaurant,credit,Quetta,21,1,1,2024-01-26 05:00:00,0
TXN0001211,1498.04,atm,transfer,Peshawar,9,0,1,2024-01-26 05:30:00,0
TXN0001212,2487.17,grocery,transfer,Islamabad,18,6,0,2024-01-26 06:00:00,0
TXN0001213,5692.34,grocery,transfer,Multan,16,4,0,2024-01-26 06:30:00,0
TXN0001214,1276.22,atm,credit,Multan,20,6,0,2024-01-26 07:00:00,0
TXN0001215,7566.9,grocery,debit,Islamabad,8,4,0,2024-01-26 07:30:00,0
TXN0001216,6673.03,restaurant,transfer,Islamabad,16,1,0,2024-01-26 08:00:00,0
TXN0001217,10033.78,atm,credit,Peshawar,14,5,0,2024-01-26 08:30:00,0
TXN0001218,22206.94,electronics,credit,Lahore,9,0,1,2024-01-26 09:00:00,0
TXN0001219,19466.52,electronics,debit,Karachi,9,4,0,2024-01-26 09:30:00,0
TXN0001220,23361.38,online,credit,Lahore,12,4,1,2024-01-26 10:00:00,0
TXN0001221,2245.29,electronics,transfer,Lahore,20,1,1,2024-01-26 10:30:00,0
TXN0001222,1128.5,atm,credit,Quetta,12,3,0,2024-01-26 11:00:00,0
TXN0001223,2879.46,healthcare,credit,Karachi,11,0,1,2024-01-26 11:30:00,0
TXN0001224,18036.85,online,debit,Islamabad,19,4,0,2024-01-26 12:00:00,0
TXN0001225,28619.7,travel,debit,Lahore,17,2,0,2024-01-26 12:30:00,0
TXN0001226,15690.42,grocery,transfer,Peshawar,17,1,1,2024-01-26 13:00:00,0
TXN0001227,932.43,online,debit,Lahore,20,3,1,2024-01-26 13:30:00,0
TXN0001228,399636.19,online,credit,Islamabad,1,3,1,2024-01-26 14:00:00,1
TXN0001229,4404.27,online,credit,Lahore,10,1,1,2024-01-26 14:30:00,0
TXN0001230,74.83,grocery,withdrawal,Multan,11,3,1,2024-01-26 15:00:00,0
TXN0001231,4672.82,restaurant,debit,Quetta,17,4,1,2024-01-26 15:30:00,0
TXN0001232,377.31,electronics,debit,Quetta,11,3,1,2024-01-26 16:00:00,0
TXN0001233,6279.96,atm,credit,Lahore,9,0,1,2024-01-26 16:30:00,0
TXN0001234,3306.62,atm,credit,Quetta,12,2,1,2024-01-26 17:00:00,0
TXN0001235,5131.04,online,debit,Peshawar,12,4,0,2024-01-26 17:30:00,0
TXN0001236,7598.17,electronics,transfer,Karachi,12,1,0,2024-01-26 18:00:00,0
TXN0001237,16248.33,online,credit,Lahore,18,2,1,2024-01-26 18:30:00,0
TXN0001238,576580.59,grocery,debit,Peshawar,1,5,1,2024-01-26 19:00:00,1
TXN0001239,4553.98,atm,debit,Multan,17,4,1,2024-01-26 19:30:00,0
TXN0001240,13693.0,grocery,transfer,Peshawar,8,2,0,2024-01-26 20:00:00,0
TXN0001241,18880.2,electronics,debit,Peshawar,13,3,0,2024-01-26 20:30:00,0
TXN0001242,1020.49,grocery,debit,Multan,18,5,1,2024-01-26 21:00:00,0
TXN0001243,6073.15,atm,debit,Islamabad,9,1,1,2024-01-26 21:30:00,0
TXN0001244,2678.32,online,credit,Lahore,14,1,1,2024-01-26 22:00:00,0
TXN0001245,385.64,online,transfer,Lahore,11,0,1,2024-01-26 22:30:00,0
TXN0001246,8834.15,online,debit,Lahore,12,3,0,2024-01-26 23:00:00,0
TXN0001247,15888.82,atm,debit,Karachi,12,0,0,2024-01-26 23:30:00,0
TXN0001248,1422.52,grocery,debit,Peshawar,12,0,1,2024-01-27 00:00:00,0
TXN0001249,13388.13,online,credit,Lahore,9,3,1,2024-01-27 00:30:00,0
TXN0001250,15360.15,online,debit,Quetta,12,4,0,2024-01-27 01:00:00,0
TXN0001251,19659.0,grocery,transfer,Islamabad,10,5,0,2024-01-27 01:30:00,0
TXN0001252,2466.18,grocery,debit,Multan,11,6,1,2024-01-27 02:00:00,0
TXN0001253,18743.35,electronics,debit,Multan,20,0,1,2024-01-27 02:30:00,0
TXN0001254,3093.1,grocery,debit,Karachi,9,2,0,2024-01-27 03:00:00,0
TXN0001255,6429.73,electronics,transfer,Multan,11,5,0,2024-01-27 03:30:00,0
TXN0001256,414.62,grocery,transfer,Islamabad,20,4,0,2024-01-27 04:00:00,0
TXN0001257,358.98,online,withdrawal,Peshawar,16,3,1,2024-01-27 04:30:00,0
TXN0001258,10194.4,grocery,debit,Multan,15,1,0,2024-01-27 05:00:00,0
TXN0001259,4702.81,electronics,debit,Multan,20,4,1,2024-01-27 05:30:00,0
TXN0001260,2368.86,restaurant,credit,Quetta,21,0,0,2024-01-27 06:00:00,0
TXN0001261,1689.85,online,credit,Peshawar,18,2,0,2024-01-27 06:30:00,0
TXN0001262,8868.17,electronics,credit,Lahore,19,5,0,2024-01-27 07:00:00,0
TXN0001263,3.21,online,debit,Islamabad,10,3,1,2024-01-27 07:30:00,0
TXN0001264,13114.69,grocery,debit,Multan,8,1,1,2024-01-27 08:00:00,0
TXN0001265,660.53,grocery,debit,Quetta,8,5,0,2024-01-27 08:30:00,0
TXN0001266,1700.49,grocery,transfer,Islamabad,13,2,1,2024-01-27 09:00:00,0
TXN0001267,3905.16,healthcare,credit,Karachi,10,6,0,2024-01-27 09:30:00,0
TXN0001268,5306.51,atm,transfer,Quetta,11,1,1,2024-01-27 10:00:00,0
TXN0001269,3507.98,atm,debit,Karachi,8,3,0,2024-01-27 10:30:00,0
TXN0001270,3093.68,healthcare,transfer,Multan,15,5,0,2024-01-27 11:00:00,0
TXN0001271,26575.25,restaurant,credit,Quetta,8,4,1,2024-01-27 11:30:00,0
TXN0001272,8208.39,atm,debit,Lahore,12,0,0,2024-01-27 12:00:00,0
TXN0001273,189.69,online,withdrawal,Islamabad,13,3,1,2024-01-27 12:30:00,0
TXN0001274,4499.42,electronics,credit,Islamabad,9,2,0,2024-01-27 13:00:00,0
TXN0001275,16636.09,grocery,credit,Peshawar,14,4,1,2024-01-27 13:30:00,0
TXN0001276,2870.06,online,transfer,Quetta,14,5,0,2024-01-27 14:00:00,0
TXN0001277,303563.31,online,debit,Quetta,0,1,0,2024-01-27 14:30:00,1
TXN0001278,11363.27,healthcare,transfer,Karachi,11,4,1,2024-01-27 15:00:00,0
TXN0001279,7451.52,travel,transfer,Quetta,19,4,0,2024-01-27 15:30:00,0
TXN0001280,6757.58,online,debit,Islamabad,20,2,1,2024-01-27 16:00:00,0
TXN0001281,440.52,online,transfer,Quetta,11,0,0,2024-01-27 16:30:00,0
TXN0001282,1211.23,grocery,transfer,Peshawar,12,6,0,2024-01-27 17:00:00,0
TXN0001283,7794.52,online,debit,Peshawar,8,4,0,2024-01-27 17:30:00,0
TXN0001284,1863.77,online,debit,Islamabad,8,4,0,2024-01-27 18:00:00,0
TXN0001285,5610.57,travel,debit,Islamabad,14,0,1,2024-01-27 18:30:00,0
TXN0001286,6297.58,online,credit,Islamabad,16,0,1,2024-01-27 19:00:00,0
TXN0001287,2667.1,grocery,transfer,Quetta,8,1,1,2024-01-27 19:30:00,0
TXN0001288,23717.77,travel,credit,Quetta,9,5,0,2024-01-27 20:00:00,0
TXN0001289,14784.82,online,debit,Lahore,13,1,1,2024-01-27 20:30:00,0
TXN0001290,10251.83,travel,credit,Multan,13,0,1,2024-01-27 21:00:00,0
TXN0001291,649.63,travel,transfer,Multan,9,6,0,2024-01-27 21:30:00,0
TXN0001292,897.56,grocery,debit,Karachi,16,3,1,2024-01-27 22:00:00,0
TXN0001293,5430.5,grocery,transfer,Quetta,11,0,0,2024-01-27 22:30:00,0
TXN0001294,1401.62,electronics,transfer,Lahore,20,1,0,2024-01-27 23:00:00,0
TXN0001295,30630.82,travel,debit,Lahore,14,2,1,2024-01-27 23:30:00,0
TXN0001296,1380.75,online,debit,Peshawar,13,2,1,2024-01-28 00:00:00,0
TXN0001297,5347.13,restaurant,credit,Quetta,18,5,1,2024-01-28 00:30:00,0
TXN0001298,3621.98,grocery,transfer,Lahore,20,4,1,2024-01-28 01:00:00,0
TXN0001299,8159.59,grocery,transfer,Peshawar,18,6,0,2024-01-28 01:30:00,0
TXN0001300,1105.24,travel,credit,Karachi,10,2,1,2024-01-28 02:00:00,0
TXN0001301,4501.39,travel,debit,Peshawar,15,1,0,2024-01-28 02:30:00,0
TXN0001302,2569.41,online,debit,Karachi,14,2,1,2024-01-28 03:00:00,0
TXN0001303,17496.32,atm,transfer,Multan,16,6,0,2024-01-28 03:30:00,0
TXN0001304,331.46,atm,debit,Multan,10,6,1,2024-01-28 04:00:00,0
TXN0001305,19601.95,grocery,transfer,Islamabad,8,3,1,2024-01-28 04:30:00,0
TXN0001306,14317.81,restaurant,debit,Islamabad,9,0,0,2024-01-28 05:00:00,0
TXN0001307,2825.68,grocery,debit,Peshawar,19,0,1,2024-01-28 05:30:00,0
TXN0001308,12458.2,online,debit,Islamabad,18,1,1,2024-01-28 06:00:00,0
TXN0001309,253.69,online,debit,Quetta,19,4,1,2024-01-28 06:30:00,0
TXN0001310,27257.45,online,credit,Peshawar,8,6,1,2024-01-28 07:00:00,0
TXN0001311,5982.43,electronics,debit,Lahore,18,0,0,2024-01-28 07:30:00,0
TXN0001312,2890.99,electronics,withdrawal,Quetta,12,2,0,2024-01-28 08:00:00,0
TXN0001313,3602.65,online,credit,Peshawar,17,6,1,2024-01-28 08:30:00,0
TXN0001314,549.7,grocery,credit,Multan,21,3,0,2024-01-28 09:00:00,0
TXN0001315,36337.2,grocery,credit,Karachi,9,4,1,2024-01-28 09:30:00,0
TXN0001316,320.68,online,credit,Islamabad,10,4,0,2024-01-28 10:00:00,0
TXN0001317,8511.53,travel,debit,Islamabad,15,4,0,2024-01-28 10:30:00,0
TXN0001318,4677.73,online,withdrawal,Islamabad,17,0,0,2024-01-28 11:00:00,0
TXN0001319,23794.31,grocery,credit,Peshawar,21,5,1,2024-01-28 11:30:00,0
TXN0001320,2258.9,atm,debit,Quetta,12,4,0,2024-01-28 12:00:00,0
TXN0001321,6075.78,grocery,credit,Karachi,11,1,0,2024-01-28 12:30:00,0
TXN0001322,5267.74,restaurant,credit,Islamabad,12,2,1,2024-01-28 13:00:00,0
TXN0001323,9708.59,travel,debit,Quetta,17,5,0,2024-01-28 13:30:00,0
TXN0001324,657256.28,online,withdrawal,Lahore,22,3,1,2024-01-28 14:00:00,1
TXN0001325,1723.28,restaurant,debit,Multan,19,2,0,2024-01-28 14:30:00,0
TXN0001326,1932.14,electronics,credit,Lahore,14,1,1,2024-01-28 15:00:00,0
TXN0001327,10719.89,grocery,withdrawal,Karachi,21,1,0,2024-01-28 15:30:00,0
TXN0001328,1677.27,travel,debit,Islamabad,20,6,1,2024-01-28 16:00:00,0
TXN0001329,6816.99,grocery,debit,Lahore,16,5,0,2024-01-28 16:30:00,0
TXN0001330,1939.06,online,debit,Multan,8,2,0,2024-01-28 17:00:00,0
TXN0001331,15822.3,electronics,debit,Quetta,11,0,1,2024-01-28 17:30:00,0
TXN0001332,22804.12,restaurant,debit,Quetta,19,6,0,2024-01-28 18:00:00,0
TXN0001333,532967.43,online,transfer,Lahore,3,1,0,2024-01-28 18:30:00,1
TXN0001334,335713.88,grocery,transfer,Islamabad,23,4,1,2024-01-28 19:00:00,1
TXN0001335,2133.19,atm,transfer,Multan,12,3,1,2024-01-28 19:30:00,0
TXN0001336,408.5,electronics,debit,Karachi,15,3,0,2024-01-28 20:00:00,0
TXN0001337,2501.27,electronics,transfer,Islamabad,19,1,1,2024-01-28 20:30:00,0
TXN0001338,8495.99,electronics,credit,Peshawar,8,4,0,2024-01-28 21:00:00,0
TXN0001339,6101.98,online,debit,Lahore,11,2,1,2024-01-28 21:30:00,0
TXN0001340,23065.13,travel,credit,Peshawar,19,3,1,2024-01-28 22:00:00,0
TXN0001341,4037.12,online,debit,Lahore,21,4,1,2024-01-28 22:30:00,0
TXN0001342,9469.79,grocery,withdrawal,Karachi,19,4,1,2024-01-28 23:00:00,0
TXN0001343,5376.14,healthcare,credit,Islamabad,16,0,0,2024-01-28 23:30:00,0
TXN0001344,5748.97,atm,transfer,Multan,20,1,1,2024-01-29 00:00:00,0
TXN0001345,2493.33,electronics,transfer,Islamabad,8,4,0,2024-01-29 00:30:00,0
TXN0001346,4855.03,atm,transfer,Lahore,8,6,0,2024-01-29 01:00:00,0
TXN0001347,5090.88,online,debit,Quetta,11,2,0,2024-01-29 01:30:00,0
TXN0001348,669449.23,grocery,credit,Peshawar,0,3,0,2024-01-29 02:00:00,1
TXN0001349,22593.08,grocery,transfer,Multan,10,6,0,2024-01-29 02:30:00,0
TXN0001350,3195.72,grocery,debit,Multan,14,0,1,2024-01-29 03:00:00,0
TXN0001351,344.93,atm,withdrawal,Islamabad,18,2,1,2024-01-29 03:30:00,0
TXN0001352,5486.12,online,credit,Islamabad,10,3,0,2024-01-29 04:00:00,0
TXN0001353,6290.2,electronics,debit,Lahore,8,1,0,2024-01-29 04:30:00,0
TXN0001354,1475.62,grocery,credit,Quetta,19,2,1,2024-01-29 05:00:00,0
TXN0001355,11432.43,travel,transfer,Peshawar,18,3,0,2024-01-29 05:30:00,0
TXN0001356,33559.92,online,credit,Quetta,17,0,1,2024-01-29 06:00:00,0
TXN0001357,23316.86,atm,credit,Multan,9,6,0,2024-01-29 06:30:00,0
TXN0001358,1756.26,healthcare,credit,Quetta,17,3,1,2024-01-29 07:00:00,0
TXN0001359,16658.81,travel,credit,Lahore,20,4,1,2024-01-29 07:30:00,0
TXN0001360,9752.52,travel,debit,Quetta,11,0,0,2024-01-29 08:00:00,0
TXN0001361,4838.84,electronics,debit,Peshawar,8,2,1,2024-01-29 08:30:00,0
TXN0001362,6222.86,atm,debit,Multan,8,5,0,2024-01-29 09:00:00,0
TXN0001363,15155.66,grocery,debit,Karachi,19,1,1,2024-01-29 09:30:00,0
TXN0001364,5233.49,electronics,debit,Multan,21,6,1,2024-01-29 10:00:00,0
TXN0001365,3737.12,atm,credit,Karachi,15,0,0,2024-01-29 10:30:00,0
TXN0001366,5437.86,grocery,credit,Peshawar,14,6,1,2024-01-29 11:00:00,0
TXN0001367,6923.45,electronics,debit,Multan,21,0,1,2024-01-29 11:30:00,0
TXN0001368,1676.66,online,debit,Multan,15,0,0,2024-01-29 12:00:00,0
TXN0001369,18493.63,grocery,debit,Multan,20,3,1,2024-01-29 12:30:00,0
TXN0001370,201720.46,electronics,debit,Multan,22,4,0,2024-01-29 13:00:00,1
TXN0001371,8025.01,travel,debit,Lahore,13,5,0,2024-01-29 13:30:00,0
TXN0001372,838.41,travel,credit,Islamabad,20,1,1,2024-01-29 14:00:00,0
TXN0001373,7414.24,grocery,debit,Multan,10,6,0,2024-01-29 14:30:00,0
TXN0001374,1031.41,restaurant,credit,Lahore,18,1,1,2024-01-29 15:00:00,0
TXN0001375,655.74,grocery,transfer,Peshawar,20,4,1,2024-01-29 15:30:00,0
TXN0001376,5994.54,atm,debit,Multan,15,3,0,2024-01-29 16:00:00,0
TXN0001377,4123.83,grocery,debit,Quetta,11,3,1,2024-01-29 16:30:00,0
TXN0001378,7109.6,travel,debit,Multan,10,4,1,2024-01-29 17:00:00,0
TXN0001379,747.65,grocery,debit,Multan,11,6,1,2024-01-29 17:30:00,0
TXN0001380,4510.76,grocery,debit,Karachi,13,4,0,2024-01-29 18:00:00,0
TXN0001381,1536.91,grocery,transfer,Quetta,18,2,0,2024-01-29 18:30:00,0
TXN0001382,480399.39,travel,debit,Multan,23,3,1,2024-01-29 19:00:00,1
TXN0001383,6588.78,online,withdrawal,Multan,14,6,0,2024-01-29 19:30:00,0
TXN0001384,9303.59,grocery,debit,Multan,21,0,1,2024-01-29 20:00:00,0
TXN0001385,3149.3,healthcare,transfer,Lahore,19,1,1,2024-01-29 20:30:00,0
TXN0001386,796.26,electronics,transfer,Peshawar,11,3,0,2024-01-29 21:00:00,0
TXN0001387,29794.68,travel,debit,Karachi,15,4,0,2024-01-29 21:30:00,0
TXN0001388,123505.76,grocery,debit,Multan,2,0,0,2024-01-29 22:00:00,1
TXN0001389,4410.52,travel,credit,Peshawar,9,2,1,2024-01-29 22:30:00,0
TXN0001390,8395.47,atm,transfer,Karachi,20,5,0,2024-01-29 23:00:00,0
TXN0001391,200.06,online,debit,Karachi,15,2,1,2024-01-29 23:30:00,0
TXN0001392,13296.77,electronics,debit,Karachi,16,0,1,2024-01-30 00:00:00,0
TXN0001393,6152.94,grocery,debit,Multan,12,6,1,2024-01-30 00:30:00,0
TXN0001394,2608.25,atm,debit,Lahore,11,6,0,2024-01-30 01:00:00,0
TXN0001395,508.7,grocery,withdrawal,Multan,11,0,0,2024-01-30 01:30:00,0
TXN0001396,1418.66,electronics,transfer,Multan,20,6,0,2024-01-30 02:00:00,0
TXN0001397,18032.94,grocery,debit,Peshawar,11,4,1,2024-01-30 02:30:00,0
TXN0001398,9267.52,electronics,debit,Islamabad,13,6,1,2024-01-30 03:00:00,0
TXN0001399,2300.41,grocery,debit,Islamabad,18,5,0,2024-01-30 03:30:00,0
TXN0001400,542.81,restaurant,transfer,Islamabad,11,4,0,2024-01-30 04:00:00,0
TXN0001401,9385.36,atm,withdrawal,Peshawar,14,1,0,2024-01-30 04:30:00,0
TXN0001402,6796.68,online,debit,Quetta,14,6,0,2024-01-30 05:00:00,0
TXN0001403,4147.09,grocery,credit,Peshawar,12,5,0,2024-01-30 05:30:00,0
TXN0001404,3615.57,online,withdrawal,Karachi,20,5,0,2024-01-30 06:00:00,0
TXN0001405,1955.08,online,debit,Multan,12,1,0,2024-01-30 06:30:00,0
TXN0001406,8859.88,online,debit,Quetta,17,2,0,2024-01-30 07:00:00,0
TXN0001407,28232.62,grocery,debit,Karachi,15,0,0,2024-01-30 07:30:00,0
TXN0001408,1545.91,healthcare,debit,Multan,14,2,1,2024-01-30 08:00:00,0
TXN0001409,7272.87,travel,debit,Multan,21,6,0,2024-01-30 08:30:00,0
TXN0001410,4415.75,restaurant,withdrawal,Karachi,14,6,0,2024-01-30 09:00:00,0
TXN0001411,4734.68,grocery,credit,Peshawar,13,4,1,2024-01-30 09:30:00,0
TXN0001412,2345.82,grocery,debit,Islamabad,14,3,1,2024-01-30 10:00:00,0
TXN0001413,13949.92,grocery,debit,Quetta,14,6,1,2024-01-30 10:30:00,0
TXN0001414,5312.68,atm,transfer,Multan,17,6,1,2024-01-30 11:00:00,0
TXN0001415,6271.68,electronics,debit,Lahore,21,4,1,2024-01-30 11:30:00,0
TXN0001416,2908.0,atm,debit,Multan,9,3,1,2024-01-30 12:00:00,0
TXN0001417,1605.27,atm,debit,Islamabad,21,0,1,2024-01-30 12:30:00,0
TXN0001418,718.61,online,transfer,Multan,17,0,0,2024-01-30 13:00:00,0
TXN0001419,10017.44,online,debit,Lahore,9,5,0,2024-01-30 13:30:00,0
TXN0001420,1747.58,atm,debit,Peshawar,21,0,0,2024-01-30 14:00:00,0
TXN0001421,9371.41,online,credit,Multan,17,1,1,2024-01-30 14:30:00,0
TXN0001422,3959.31,electronics,debit,Quetta,14,1,0,2024-01-30 15:00:00,0
TXN0001423,4299.75,online,withdrawal,Peshawar,21,3,1,2024-01-30 15:30:00,0
TXN0001424,286522.81,restaurant,credit,Lahore,3,2,0,2024-01-30 16:00:00,1
TXN0001425,344860.35,electronics,debit,Karachi,1,5,1,2024-01-30 16:30:00,1
TXN0001426,848.4,restaurant,debit,Multan,14,2,0,2024-01-30 17:00:00,0
TXN0001427,2964.24,grocery,credit,Peshawar,12,3,0,2024-01-30 17:30:00,0
TXN0001428,8718.83,electronics,debit,Multan,8,1,0,2024-01-30 18:00:00,0
TXN0001429,8767.75,grocery,transfer,Quetta,21,4,0,2024-01-30 18:30:00,0
TXN0001430,2697.49,grocery,credit,Multan,9,6,0,2024-01-30 19:00:00,0
TXN0001431,4931.01,atm,credit,Peshawar,20,5,0,2024-01-30 19:30:00,0
TXN0001432,1719.89,restaurant,withdrawal,Islamabad,16,3,0,2024-01-30 20:00:00,0
TXN0001433,1889.55,atm,debit,Peshawar,15,2,1,2024-01-30 20:30:00,0
TXN0001434,186.53,healthcare,credit,Lahore,15,3,1,2024-01-30 21:00:00,0
TXN0001435,18164.55,grocery,transfer,Peshawar,17,3,0,2024-01-30 21:30:00,0
TXN0001436,1892.94,grocery,transfer,Quetta,8,0,0,2024-01-30 22:00:00,0
TXN0001437,2065.34,online,credit,Peshawar,13,1,0,2024-01-30 22:30:00,0
TXN0001438,2623.61,atm,transfer,Peshawar,16,5,0,2024-01-30 23:00:00,0
TXN0001439,1090.3,grocery,debit,Quetta,15,0,1,2024-01-30 23:30:00,0
TXN0001440,705730.5,healthcare,credit,Peshawar,22,1,1,2024-01-31 00:00:00,1
TXN0001441,624.93,online,debit,Quetta,11,3,0,2024-01-31 00:30:00,0
TXN0001442,1152.83,healthcare,transfer,Lahore,10,1,0,2024-01-31 01:00:00,0
TXN0001443,8279.62,electronics,debit,Quetta,13,2,0,2024-01-31 01:30:00,0
TXN0001444,3320.01,travel,debit,Lahore,21,5,0,2024-01-31 02:00:00,0
TXN0001445,9846.58,atm,withdrawal,Lahore,16,0,1,2024-01-31 02:30:00,0
TXN0001446,6521.16,atm,debit,Quetta,15,5,1,2024-01-31 03:00:00,0
TXN0001447,2365.94,grocery,debit,Peshawar,20,3,1,2024-01-31 03:30:00,0
TXN0001448,8417.52,restaurant,debit,Multan,17,2,1,2024-01-31 04:00:00,0
TXN0001449,988.86,restaurant,debit,Islamabad,11,1,0,2024-01-31 04:30:00,0
TXN0001450,6150.04,grocery,credit,Multan,9,6,1,2024-01-31 05:00:00,0
TXN0001451,4597.91,grocery,debit,Quetta,20,1,0,2024-01-31 05:30:00,0
TXN0001452,2494.42,travel,debit,Peshawar,15,2,1,2024-01-31 06:00:00,0
TXN0001453,7410.83,travel,debit,Lahore,15,6,1,2024-01-31 06:30:00,0
TXN0001454,16404.26,atm,debit,Karachi,21,1,0,2024-01-31 07:00:00,0
TXN0001455,54533.81,grocery,debit,Islamabad,19,0,1,2024-01-31 07:30:00,0
TXN0001456,7487.11,online,credit,Multan,18,4,0,2024-01-31 08:00:00,0
TXN0001457,4149.6,online,debit,Peshawar,13,1,0,2024-01-31 08:30:00,0
TXN0001458,2041.28,grocery,debit,Islamabad,21,3,0,2024-01-31 09:00:00,0
TXN0001459,2377.51,online,transfer,Karachi,15,1,0,2024-01-31 09:30:00,0
TXN0001460,5223.03,grocery,transfer,Karachi,16,5,0,2024-01-31 10:00:00,0
TXN0001461,3661.79,grocery,debit,Karachi,20,3,1,2024-01-31 10:30:00,0
TXN0001462,19610.03,online,debit,Multan,8,1,1,2024-01-31 11:00:00,0
TXN0001463,3674.67,healthcare,credit,Quetta,16,1,0,2024-01-31 11:30:00,0
TXN0001464,556592.03,grocery,credit,Islamabad,1,3,0,2024-01-31 12:00:00,1
TXN0001465,3870.02,electronics,withdrawal,Quetta,21,0,0,2024-01-31 12:30:00,0
TXN0001466,149757.35,electronics,debit,Karachi,22,6,0,2024-01-31 13:00:00,1
TXN0001467,8416.62,electronics,credit,Peshawar,8,6,1,2024-01-31 13:30:00,0
TXN0001468,7618.84,travel,transfer,Karachi,15,4,0,2024-01-31 14:00:00,0
TXN0001469,3253.44,atm,credit,Quetta,15,4,1,2024-01-31 14:30:00,0
TXN0001470,13625.78,grocery,debit,Karachi,18,6,1,2024-01-31 15:00:00,0
TXN0001471,312.95,healthcare,debit,Karachi,11,0,0,2024-01-31 15:30:00,0
TXN0001472,16370.97,grocery,debit,Quetta,15,1,1,2024-01-31 16:00:00,0
TXN0001473,5751.82,restaurant,debit,Quetta,14,4,0,2024-01-31 16:30:00,0
TXN0001474,4063.31,restaurant,transfer,Peshawar,20,0,0,2024-01-31 17:00:00,0
TXN0001475,5499.98,online,debit,Quetta,9,0,1,2024-01-31 17:30:00,0
TXN0001476,8806.89,grocery,debit,Peshawar,12,4,0,2024-01-31 18:00:00,0
TXN0001477,102.78,online,transfer,Lahore,21,6,0,2024-01-31 18:30:00,0
TXN0001478,16417.84,online,credit,Lahore,17,3,1,2024-01-31 19:00:00,0
TXN0001479,4735.41,restaurant,debit,Quetta,11,2,1,2024-01-31 19:30:00,0
TXN0001480,3360.16,online,debit,Karachi,10,6,1,2024-01-31 20:00:00,0
TXN0001481,1190.28,travel,debit,Islamabad,8,3,0,2024-01-31 20:30:00,0
TXN0001482,4630.91,atm,debit,Karachi,12,6,1,2024-01-31 21:00:00,0
TXN0001483,5486.56,healthcare,transfer,Quetta,17,1,1,2024-01-31 21:30:00,0
TXN0001484,4135.38,online,debit,Peshawar,15,3,1,2024-01-31 22:00:00,0
TXN0001485,9082.05,restaurant,credit,Karachi,19,5,1,2024-01-31 22:30:00,0
TXN0001486,4370.19,online,debit,Lahore,16,2,0,2024-01-31 23:00:00,0
TXN0001487,26039.67,online,withdrawal,Multan,14,6,1,2024-01-31 23:30:00,0
TXN0001488,7315.89,online,credit,Quetta,19,2,1,2024-02-01 00:00:00,0
TXN0001489,13180.36,atm,withdrawal,Karachi,18,0,0,2024-02-01 00:30:00,0
TXN0001490,926.48,electronics,debit,Multan,8,5,1,2024-02-01 01:00:00,0
TXN0001491,4050.57,online,transfer,Karachi,8,1,1,2024-02-01 01:30:00,0
TXN0001492,3286.0,online,transfer,Peshawar,8,0,0,2024-02-01 02:00:00,0
TXN0001493,6742.14,electronics,transfer,Peshawar,9,3,0,2024-02-01 02:30:00,0
TXN0001494,15792.79,electronics,debit,Peshawar,8,3,0,2024-02-01 03:00:00,0
TXN0001495,652.62,atm,debit,Multan,11,4,0,2024-02-01 03:30:00,0
TXN0001496,602.75,online,debit,Islamabad,17,0,0,2024-02-01 04:00:00,0
TXN0001497,15193.92,grocery,debit,Multan,16,5,1,2024-02-01 04:30:00,0
TXN0001498,1914.69,atm,transfer,Quetta,19,0,1,2024-02-01 05:00:00,0
TXN0001499,8839.13,restaurant,credit,Quetta,11,0,1,2024-02-01 05:30:00,0
TXN0001500,6262.44,travel,credit,Lahore,20,0,1,2024-02-01 06:00:00,0
TXN0001501,14313.0,grocery,debit,Lahore,11,2,0,2024-02-01 06:30:00,0
TXN0001502,1069.06,restaurant,debit,Quetta,14,4,0,2024-02-01 07:00:00,0
TXN0001503,1112.1,restaurant,debit,Karachi,21,6,0,2024-02-01 07:30:00,0
TXN0001504,6510.2,grocery,credit,Quetta,18,1,1,2024-02-01 08:00:00,0
TXN0001505,23406.46,grocery,transfer,Islamabad,16,1,0,2024-02-01 08:30:00,0
TXN0001506,4289.12,travel,debit,Lahore,14,1,0,2024-02-01 09:00:00,0
TXN0001507,3167.39,online,transfer,Lahore,8,2,1,2024-02-01 09:30:00,0
TXN0001508,7465.24,grocery,credit,Multan,8,4,0,2024-02-01 10:00:00,0
TXN0001509,21325.51,online,transfer,Lahore,11,5,0,2024-02-01 10:30:00,0
TXN0001510,14508.5,travel,debit,Quetta,11,4,1,2024-02-01 11:00:00,0
TXN0001511,43200.34,restaurant,credit,Lahore,8,2,1,2024-02-01 11:30:00,0
TXN0001512,182.62,travel,debit,Lahore,13,5,0,2024-02-01 12:00:00,0
TXN0001513,958.0,online,debit,Multan,17,0,1,2024-02-01 12:30:00,0
TXN0001514,7521.96,healthcare,credit,Quetta,9,3,0,2024-02-01 13:00:00,0
TXN0001515,13744.05,electronics,transfer,Karachi,18,0,1,2024-02-01 13:30:00,0
TXN0001516,2686.52,electronics,debit,Lahore,12,1,1,2024-02-01 14:00:00,0
TXN0001517,2187.19,atm,debit,Lahore,15,0,1,2024-02-01 14:30:00,0
TXN0001518,12370.8,electronics,credit,Lahore,10,2,1,2024-02-01 15:00:00,0
TXN0001519,464.27,atm,debit,Islamabad,16,1,0,2024-02-01 15:30:00,0
TXN0001520,3688.45,grocery,credit,Quetta,14,3,0,2024-02-01 16:00:00,0
TXN0001521,5638.67,grocery,transfer,Lahore,16,5,0,2024-02-01 16:30:00,0
TXN0001522,6574.19,restaurant,credit,Islamabad,8,5,1,2024-02-01 17:00:00,0
TXN0001523,10433.74,online,transfer,Karachi,12,1,0,2024-02-01 17:30:00,0
TXN0001524,3506.13,atm,transfer,Karachi,19,6,1,2024-02-01 18:00:00,0
TXN0001525,7588.12,grocery,transfer,Multan,20,6,0,2024-02-01 18:30:00,0
TXN0001526,7043.05,grocery,credit,Multan,10,0,1,2024-02-01 19:00:00,0
TXN0001527,6345.79,atm,debit,Multan,11,6,1,2024-02-01 19:30:00,0
TXN0001528,8183.96,electronics,debit,Islamabad,11,4,1,2024-02-01 20:00:00,0
TXN0001529,2402.89,travel,withdrawal,Karachi,18,4,0,2024-02-01 20:30:00,0
TXN0001530,707.58,grocery,debit,Multan,19,5,0,2024-02-01 21:00:00,0
TXN0001531,1016.05,electronics,credit,Peshawar,14,4,0,2024-02-01 21:30:00,0
TXN0001532,2034.83,atm,transfer,Multan,17,1,0,2024-02-01 22:00:00,0
TXN0001533,5548.35,atm,credit,Karachi,18,4,1,2024-02-01 22:30:00,0
TXN0001534,14682.82,online,debit,Peshawar,15,2,1,2024-02-01 23:00:00,0
TXN0001535,9666.35,online,debit,Islamabad,18,5,1,2024-02-01 23:30:00,0
TXN0001536,12448.72,online,debit,Peshawar,17,3,1,2024-02-02 00:00:00,0
TXN0001537,3458.28,online,debit,Karachi,12,4,0,2024-02-02 00:30:00,0
TXN0001538,4148.9,atm,withdrawal,Lahore,20,2,0,2024-02-02 01:00:00,0
TXN0001539,4002.8,grocery,transfer,Peshawar,20,2,1,2024-02-02 01:30:00,0
TXN0001540,1704.29,grocery,transfer,Karachi,19,1,0,2024-02-02 02:00:00,0
TXN0001541,505.36,restaurant,credit,Multan,17,5,1,2024-02-02 02:30:00,0
TXN0001542,7150.68,grocery,debit,Lahore,14,1,1,2024-02-02 03:00:00,0
TXN0001543,36238.04,grocery,debit,Islamabad,10,3,1,2024-02-02 03:30:00,0
TXN0001544,350234.63,online,debit,Islamabad,2,3,0,2024-02-02 04:00:00,1
TXN0001545,382.48,atm,credit,Quetta,10,0,1,2024-02-02 04:30:00,0
TXN0001546,12096.01,online,credit,Islamabad,19,3,0,2024-02-02 05:00:00,0
TXN0001547,2329.09,electronics,credit,Quetta,11,5,1,2024-02-02 05:30:00,0
TXN0001548,14158.91,healthcare,credit,Islamabad,13,6,0,2024-02-02 06:00:00,0
TXN0001549,9737.46,atm,withdrawal,Islamabad,12,6,0,2024-02-02 06:30:00,0
TXN0001550,23301.95,atm,debit,Islamabad,15,5,1,2024-02-02 07:00:00,0
TXN0001551,4206.53,grocery,credit,Quetta,21,1,1,2024-02-02 07:30:00,0
TXN0001552,8676.96,grocery,debit,Multan,21,2,0,2024-02-02 08:00:00,0
TXN0001553,5001.74,electronics,credit,Quetta,19,0,0,2024-02-02 08:30:00,0
TXN0001554,7966.76,grocery,debit,Peshawar,20,6,0,2024-02-02 09:00:00,0
TXN0001555,4776.86,grocery,credit,Karachi,12,6,1,2024-02-02 09:30:00,0
TXN0001556,1672.27,grocery,debit,Karachi,18,3,1,2024-02-02 10:00:00,0
TXN0001557,5672.54,online,debit,Multan,19,2,0,2024-02-02 10:30:00,0
TXN0001558,6016.12,online,transfer,Karachi,12,1,0,2024-02-02 11:00:00,0
TXN0001559,13311.32,atm,debit,Islamabad,21,4,0,2024-02-02 11:30:00,0
TXN0001560,10639.94,grocery,debit,Multan,17,0,1,2024-02-02 12:00:00,0
TXN0001561,8720.19,travel,credit,Karachi,9,5,1,2024-02-02 12:30:00,0
TXN0001562,962.77,grocery,credit,Quetta,19,2,0,2024-02-02 13:00:00,0
TXN0001563,10201.35,travel,transfer,Peshawar,18,1,0,2024-02-02 13:30:00,0
TXN0001564,5550.06,travel,credit,Lahore,18,1,1,2024-02-02 14:00:00,0
TXN0001565,17962.05,travel,debit,Peshawar,12,0,1,2024-02-02 14:30:00,0
TXN0001566,20192.93,restaurant,debit,Karachi,19,0,0,2024-02-02 15:00:00,0
TXN0001567,453.89,atm,transfer,Multan,14,3,0,2024-02-02 15:30:00,0
TXN0001568,13746.95,online,debit,Karachi,9,3,0,2024-02-02 16:00:00,0
TXN0001569,307.41,restaurant,transfer,Quetta,21,5,1,2024-02-02 16:30:00,0
TXN0001570,3660.42,online,debit,Peshawar,20,5,0,2024-02-02 17:00:00,0
TXN0001571,6252.33,atm,transfer,Quetta,13,0,0,2024-02-02 17:30:00,0
TXN0001572,1282.3,online,withdrawal,Quetta,14,0,0,2024-02-02 18:00:00,0
TXN0001573,10973.26,online,transfer,Lahore,12,2,1,2024-02-02 18:30:00,0
TXN0001574,67.12,atm,credit,Quetta,16,3,1,2024-02-02 19:00:00,0
TXN0001575,1477.14,grocery,credit,Quetta,21,1,1,2024-02-02 19:30:00,0
TXN0001576,6955.2,online,credit,Lahore,11,6,0,2024-02-02 20:00:00,0
TXN0001577,10024.96,restaurant,credit,Islamabad,21,6,1,2024-02-02 20:30:00,0
TXN0001578,19876.99,atm,debit,Islamabad,21,6,1,2024-02-02 21:00:00,0
TXN0001579,9779.72,grocery,transfer,Multan,20,3,1,2024-02-02 21:30:00,0
TXN0001580,8912.55,electronics,debit,Lahore,17,3,1,2024-02-02 22:00:00,0
TXN0001581,4011.51,atm,debit,Multan,8,0,1,2024-02-02 22:30:00,0
TXN0001582,10.28,healthcare,credit,Multan,21,6,0,2024-02-02 23:00:00,0
TXN0001583,1024.11,electronics,debit,Quetta,15,0,0,2024-02-02 23:30:00,0
TXN0001584,568741.74,atm,transfer,Multan,0,3,0,2024-02-03 00:00:00,1
TXN0001585,8994.64,restaurant,transfer,Karachi,14,4,0,2024-02-03 00:30:00,0
TXN0001586,4322.7,grocery,withdrawal,Peshawar,15,4,0,2024-02-03 01:00:00,0
TXN0001587,10494.81,atm,transfer,Karachi,9,5,1,2024-02-03 01:30:00,0
TXN0001588,5902.85,electronics,credit,Karachi,10,3,1,2024-02-03 02:00:00,0
TXN0001589,616.57,online,debit,Quetta,16,6,0,2024-02-03 02:30:00,0
TXN0001590,1705.71,online,credit,Peshawar,8,4,1,2024-02-03 03:00:00,0
TXN0001591,205113.42,online,debit,Multan,23,5,0,2024-02-03 03:30:00,1
TXN0001592,10325.34,atm,debit,Peshawar,15,5,0,2024-02-03 04:00:00,0
TXN0001593,18012.25,travel,transfer,Multan,14,3,1,2024-02-03 04:30:00,0
TXN0001594,1000.49,restaurant,debit,Islamabad,20,5,0,2024-02-03 05:00:00,0
TXN0001595,37021.4,atm,debit,Lahore,21,0,1,2024-02-03 05:30:00,0
TXN0001596,1879.77,atm,transfer,Quetta,18,0,0,2024-02-03 06:00:00,0
TXN0001597,94.8,travel,debit,Multan,12,0,1,2024-02-03 06:30:00,0
TXN0001598,47688.85,grocery,debit,Multan,11,1,1,2024-02-03 07:00:00,0
TXN0001599,2639.97,travel,debit,Peshawar,17,0,1,2024-02-03 07:30:00,0
TXN0001600,8821.43,restaurant,transfer,Quetta,17,6,1,2024-02-03 08:00:00,0
TXN0001601,1555.31,grocery,credit,Multan,20,0,1,2024-02-03 08:30:00,0
TXN0001602,6944.36,healthcare,transfer,Islamabad,17,3,1,2024-02-03 09:00:00,0
TXN0001603,18750.17,atm,debit,Karachi,21,4,0,2024-02-03 09:30:00,0
TXN0001604,3087.43,atm,transfer,Multan,17,6,0,2024-02-03 10:00:00,0
TXN0001605,8875.46,online,credit,Peshawar,13,4,1,2024-02-03 10:30:00,0
TXN0001606,1665.09,online,debit,Islamabad,19,0,1,2024-02-03 11:00:00,0
TXN0001607,7842.27,atm,credit,Quetta,18,0,0,2024-02-03 11:30:00,0
TXN0001608,3281.21,travel,credit,Multan,8,0,0,2024-02-03 12:00:00,0
TXN0001609,1898.02,atm,credit,Islamabad,20,5,0,2024-02-03 12:30:00,0
TXN0001610,3005.49,online,credit,Islamabad,12,3,0,2024-02-03 13:00:00,0
TXN0001611,1576.31,atm,debit,Islamabad,21,3,0,2024-02-03 13:30:00,0
TXN0001612,18575.46,atm,credit,Islamabad,11,3,1,2024-02-03 14:00:00,0
TXN0001613,4049.18,grocery,credit,Islamabad,11,4,0,2024-02-03 14:30:00,0
TXN0001614,2251.26,grocery,credit,Islamabad,14,6,0,2024-02-03 15:00:00,0
TXN0001615,4759.57,atm,credit,Lahore,16,6,0,2024-02-03 15:30:00,0
TXN0001616,656619.74,electronics,transfer,Quetta,3,1,1,2024-02-03 16:00:00,1
TXN0001617,10913.74,online,transfer,Karachi,18,4,0,2024-02-03 16:30:00,0
TXN0001618,28384.57,travel,credit,Quetta,20,3,0,2024-02-03 17:00:00,0
TXN0001619,4610.51,grocery,transfer,Peshawar,21,2,1,2024-02-03 17:30:00,0
TXN0001620,15788.17,grocery,debit,Peshawar,19,1,1,2024-02-03 18:00:00,0
TXN0001621,6675.16,atm,transfer,Quetta,15,0,0,2024-02-03 18:30:00,0
TXN0001622,1368.54,online,credit,Islamabad,12,5,1,2024-02-03 19:00:00,0
TXN0001623,9385.55,online,debit,Lahore,13,4,0,2024-02-03 19:30:00,0
TXN0001624,5763.07,restaurant,debit,Karachi,9,5,0,2024-02-03 20:00:00,0
TXN0001625,8412.45,grocery,debit,Multan,20,1,1,2024-02-03 20:30:00,0
TXN0001626,17635.5,electronics,debit,Multan,18,6,0,2024-02-03 21:00:00,0
TXN0001627,4644.76,atm,debit,Islamabad,21,2,1,2024-02-03 21:30:00,0
TXN0001628,18515.45,atm,debit,Quetta,10,1,1,2024-02-03 22:00:00,0
TXN0001629,11111.79,travel,transfer,Multan,12,4,1,2024-02-03 22:30:00,0
TXN0001630,5364.9,healthcare,debit,Quetta,9,3,1,2024-02-03 23:00:00,0
TXN0001631,7395.03,restaurant,debit,Lahore,10,0,0,2024-02-03 23:30:00,0
TXN0001632,3151.23,grocery,transfer,Lahore,11,3,0,2024-02-04 00:00:00,0
TXN0001633,32882.47,grocery,debit,Quetta,13,3,0,2024-02-04 00:30:00,0
TXN0001634,8805.34,atm,transfer,Islamabad,12,4,1,2024-02-04 01:00:00,0
TXN0001635,358.7,electronics,credit,Islamabad,17,3,0,2024-02-04 01:30:00,0
TXN0001636,3163.59,grocery,debit,Islamabad,11,3,1,2024-02-04 02:00:00,0
TXN0001637,7810.76,atm,debit,Multan,20,4,0,2024-02-04 02:30:00,0
TXN0001638,613868.86,travel,debit,Karachi,0,4,1,2024-02-04 03:00:00,1
TXN0001639,193.39,travel,debit,Karachi,19,2,0,2024-02-04 03:30:00,0
TXN0001640,4783.05,grocery,debit,Islamabad,18,3,0,2024-02-04 04:00:00,0
TXN0001641,3236.01,online,debit,Quetta,12,1,1,2024-02-04 04:30:00,0
TXN0001642,4614.28,online,debit,Lahore,12,6,0,2024-02-04 05:00:00,0
TXN0001643,2438.01,grocery,credit,Peshawar,18,0,1,2024-02-04 05:30:00,0
TXN0001644,1439.88,electronics,debit,Lahore,14,5,1,2024-02-04 06:00:00,0
TXN0001645,9347.39,online,transfer,Lahore,8,0,0,2024-02-04 06:30:00,0
TXN0001646,5781.78,restaurant,debit,Peshawar,11,4,0,2024-02-04 07:00:00,0
TXN0001647,1786.69,restaurant,transfer,Islamabad,18,5,0,2024-02-04 07:30:00,0
TXN0001648,3080.47,electronics,debit,Lahore,12,4,1,2024-02-04 08:00:00,0
TXN0001649,7168.14,atm,transfer,Peshawar,15,6,1,2024-02-04 08:30:00,0
TXN0001650,599.77,atm,debit,Multan,19,6,1,2024-02-04 09:00:00,0
TXN0001651,1276.22,atm,credit,Quetta,19,2,1,2024-02-04 09:30:00,0
TXN0001652,608.53,online,debit,Quetta,15,3,1,2024-02-04 10:00:00,0
TXN0001653,13384.02,grocery,credit,Quetta,8,4,1,2024-02-04 10:30:00,0
TXN0001654,11167.82,atm,debit,Islamabad,12,6,1,2024-02-04 11:00:00,0
TXN0001655,11197.08,grocery,credit,Lahore,17,4,1,2024-02-04 11:30:00,0
TXN0001656,10079.42,grocery,debit,Lahore,8,0,1,2024-02-04 12:00:00,0
TXN0001657,8854.42,online,credit,Karachi,8,3,0,2024-02-04 12:30:00,0
TXN0001658,5185.27,healthcare,debit,Quetta,9,2,1,2024-02-04 13:00:00,0
TXN0001659,8224.0,grocery,debit,Islamabad,9,6,1,2024-02-04 13:30:00,0
TXN0001660,312.93,online,credit,Peshawar,16,4,0,2024-02-04 14:00:00,0
TXN0001661,7771.56,electronics,withdrawal,Islamabad,11,4,0,2024-02-04 14:30:00,0
TXN0001662,12036.22,restaurant,credit,Lahore,10,4,1,2024-02-04 15:00:00,0
TXN0001663,5550.91,online,transfer,Quetta,18,0,0,2024-02-04 15:30:00,0
TXN0001664,672172.04,grocery,credit,Karachi,22,6,0,2024-02-04 16:00:00,1
TXN0001665,2599.49,electronics,credit,Multan,19,4,1,2024-02-04 16:30:00,0
TXN0001666,8235.72,travel,debit,Islamabad,9,4,1,2024-02-04 17:00:00,0
TXN0001667,9442.08,grocery,debit,Karachi,13,0,0,2024-02-04 17:30:00,0
TXN0001668,16381.53,grocery,transfer,Lahore,16,4,1,2024-02-04 18:00:00,0
TXN0001669,3352.47,online,credit,Peshawar,12,3,0,2024-02-04 18:30:00,0
TXN0001670,11749.49,travel,credit,Islamabad,11,3,1,2024-02-04 19:00:00,0
TXN0001671,6592.53,atm,credit,Multan,20,0,1,2024-02-04 19:30:00,0
TXN0001672,17153.48,grocery,debit,Lahore,12,3,0,2024-02-04 20:00:00,0
TXN0001673,6003.03,online,debit,Quetta,16,5,0,2024-02-04 20:30:00,0
TXN0001674,5832.35,travel,credit,Islamabad,19,5,0,2024-02-04 21:00:00,0
TXN0001675,6899.67,grocery,debit,Karachi,20,5,0,2024-02-04 21:30:00,0
TXN0001676,11068.48,online,debit,Islamabad,14,2,0,2024-02-04 22:00:00,0
TXN0001677,26748.82,grocery,credit,Lahore,15,4,1,2024-02-04 22:30:00,0
TXN0001678,611.28,atm,withdrawal,Lahore,11,2,1,2024-02-04 23:00:00,0
TXN0001679,439.32,online,debit,Karachi,18,3,0,2024-02-04 23:30:00,0
TXN0001680,22187.16,online,credit,Multan,15,0,0,2024-02-05 00:00:00,0
TXN0001681,236593.84,grocery,debit,Lahore,22,5,0,2024-02-05 00:30:00,1
TXN0001682,7634.08,electronics,debit,Islamabad,12,0,1,2024-02-05 01:00:00,0
TXN0001683,5268.79,travel,transfer,Multan,20,2,1,2024-02-05 01:30:00,0
TXN0001684,786.7,online,transfer,Karachi,19,3,0,2024-02-05 02:00:00,0
TXN0001685,11691.23,grocery,debit,Lahore,14,6,1,2024-02-05 02:30:00,0
TXN0001686,11002.03,grocery,credit,Lahore,13,4,1,2024-02-05 03:00:00,0
TXN0001687,2988.28,electronics,debit,Islamabad,10,6,0,2024-02-05 03:30:00,0
TXN0001688,2925.02,travel,transfer,Lahore,12,3,0,2024-02-05 04:00:00,0
TXN0001689,14553.44,grocery,debit,Islamabad,16,5,1,2024-02-05 04:30:00,0
TXN0001690,600.87,travel,transfer,Quetta,14,3,1,2024-02-05 05:00:00,0
TXN0001691,17036.13,electronics,credit,Multan,19,0,1,2024-02-05 05:30:00,0
TXN0001692,2372.83,travel,debit,Islamabad,11,1,1,2024-02-05 06:00:00,0
TXN0001693,7191.24,electronics,transfer,Peshawar,14,5,1,2024-02-05 06:30:00,0
TXN0001694,21990.25,online,withdrawal,Lahore,12,6,0,2024-02-05 07:00:00,0
TXN0001695,9068.67,grocery,debit,Quetta,18,4,1,2024-02-05 07:30:00,0
TXN0001696,4281.35,grocery,transfer,Multan,20,5,0,2024-02-05 08:00:00,0
TXN0001697,9357.45,travel,transfer,Karachi,9,5,0,2024-02-05 08:30:00,0
TXN0001698,153778.7,electronics,transfer,Peshawar,23,4,1,2024-02-05 09:00:00,1
TXN0001699,2597.63,electronics,withdrawal,Karachi,13,6,0,2024-02-05 09:30:00,0
TXN0001700,237479.67,atm,credit,Peshawar,23,5,1,2024-02-05 10:00:00,1
TXN0001701,11115.68,restaurant,transfer,Quetta,15,0,0,2024-02-05 10:30:00,0
TXN0001702,8278.79,grocery,transfer,Multan,13,3,1,2024-02-05 11:00:00,0
TXN0001703,3511.63,atm,credit,Quetta,15,0,0,2024-02-05 11:30:00,0
TXN0001704,403.28,travel,credit,Quetta,14,3,1,2024-02-05 12:00:00,0
TXN0001705,252.39,electronics,debit,Peshawar,9,1,1,2024-02-05 12:30:00,0
TXN0001706,6462.74,healthcare,transfer,Islamabad,21,5,0,2024-02-05 13:00:00,0
TXN0001707,11484.98,atm,transfer,Multan,13,1,0,2024-02-05 13:30:00,0
TXN0001708,6166.78,healthcare,credit,Karachi,16,2,0,2024-02-05 14:00:00,0
TXN0001709,14700.0,grocery,credit,Islamabad,19,6,1,2024-02-05 14:30:00,0
TXN0001710,271.98,grocery,debit,Islamabad,13,3,0,2024-02-05 15:00:00,0
TXN0001711,3655.15,online,debit,Lahore,11,0,0,2024-02-05 15:30:00,0
TXN0001712,2164.72,online,credit,Karachi,14,0,1,2024-02-05 16:00:00,0
TXN0001713,4743.13,grocery,credit,Peshawar,10,5,1,2024-02-05 16:30:00,0
TXN0001714,601.03,restaurant,transfer,Lahore,12,0,0,2024-02-05 17:00:00,0
TXN0001715,290640.91,online,credit,Lahore,3,2,0,2024-02-05 17:30:00,1
TXN0001716,2021.15,travel,withdrawal,Quetta,17,4,1,2024-02-05 18:00:00,0
TXN0001717,20440.0,online,debit,Peshawar,10,0,1,2024-02-05 18:30:00,0
TXN0001718,376446.71,online,withdrawal,Islamabad,22,5,1,2024-02-05 19:00:00,1
TXN0001719,33882.18,grocery,debit,Multan,16,1,0,2024-02-05 19:30:00,0
TXN0001720,6460.54,healthcare,credit,Islamabad,16,6,0,2024-02-05 20:00:00,0
TXN0001721,21369.84,electronics,credit,Islamabad,17,0,1,2024-02-05 20:30:00,0
TXN0001722,42.91,grocery,debit,Quetta,9,0,1,2024-02-05 21:00:00,0
TXN0001723,11034.19,restaurant,debit,Islamabad,11,0,1,2024-02-05 21:30:00,0
TXN0001724,18668.53,healthcare,debit,Karachi,12,5,0,2024-02-05 22:00:00,0
TXN0001725,1203.98,atm,transfer,Islamabad,10,6,0,2024-02-05 22:30:00,0
TXN0001726,808.52,restaurant,debit,Islamabad,20,4,0,2024-02-05 23:00:00,0
TXN0001727,682909.56,online,withdrawal,Karachi,3,0,0,2024-02-05 23:30:00,1
TXN0001728,21705.98,restaurant,debit,Quetta,8,4,1,2024-02-06 00:00:00,0
TXN0001729,6253.84,grocery,withdrawal,Lahore,13,4,1,2024-02-06 00:30:00,0
TXN0001730,5997.0,atm,debit,Peshawar,21,6,0,2024-02-06 01:00:00,0
TXN0001731,1217.07,online,debit,Quetta,17,6,1,2024-02-06 01:30:00,0
TXN0001732,6.32,grocery,debit,Islamabad,9,2,1,2024-02-06 02:00:00,0
TXN0001733,13291.75,online,transfer,Lahore,16,1,0,2024-02-06 02:30:00,0
TXN0001734,733.19,online,credit,Peshawar,8,0,1,2024-02-06 03:00:00,0
TXN0001735,8037.69,online,debit,Peshawar,18,0,0,2024-02-06 03:30:00,0
TXN0001736,19684.81,grocery,debit,Peshawar,16,0,0,2024-02-06 04:00:00,0
TXN0001737,1872.14,atm,debit,Karachi,14,4,0,2024-02-06 04:30:00,0
TXN0001738,8755.52,grocery,credit,Karachi,18,6,1,2024-02-06 05:00:00,0
TXN0001739,655.74,travel,debit,Lahore,20,3,0,2024-02-06 05:30:00,0
TXN0001740,7405.78,restaurant,transfer,Islamabad,17,1,1,2024-02-06 06:00:00,0
TXN0001741,1432.36,online,credit,Lahore,9,5,1,2024-02-06 06:30:00,0
TXN0001742,10653.04,electronics,transfer,Islamabad,21,0,0,2024-02-06 07:00:00,0
TXN0001743,2867.48,grocery,credit,Quetta,13,3,0,2024-02-06 07:30:00,0
TXN0001744,4979.88,online,debit,Peshawar,15,3,0,2024-02-06 08:00:00,0
TXN0001745,7318.94,healthcare,withdrawal,Peshawar,9,6,0,2024-02-06 08:30:00,0
TXN0001746,1502.92,restaurant,debit,Karachi,12,3,0,2024-02-06 09:00:00,0
TXN0001747,10827.14,atm,credit,Quetta,20,1,1,2024-02-06 09:30:00,0
TXN0001748,2883.63,grocery,transfer,Multan,19,3,1,2024-02-06 10:00:00,0
TXN0001749,8686.48,grocery,debit,Quetta,18,5,1,2024-02-06 10:30:00,0
TXN0001750,1378.49,grocery,debit,Islamabad,13,0,0,2024-02-06 11:00:00,0
TXN0001751,9321.03,electronics,debit,Quetta,10,5,0,2024-02-06 11:30:00,0
TXN0001752,1097.45,grocery,debit,Karachi,21,0,1,2024-02-06 12:00:00,0
TXN0001753,4432.04,grocery,debit,Islamabad,19,2,0,2024-02-06 12:30:00,0
TXN0001754,696084.26,online,debit,Lahore,0,4,1,2024-02-06 13:00:00,1
TXN0001755,11038.53,electronics,debit,Islamabad,18,3,1,2024-02-06 13:30:00,0
TXN0001756,2430.87,online,transfer,Lahore,13,5,1,2024-02-06 14:00:00,0
TXN0001757,17077.42,restaurant,credit,Multan,10,4,0,2024-02-06 14:30:00,0
TXN0001758,17791.69,online,credit,Islamabad,9,4,0,2024-02-06 15:00:00,0
TXN0001759,1749.64,atm,credit,Peshawar,8,4,1,2024-02-06 15:30:00,0
TXN0001760,7612.15,atm,transfer,Multan,21,4,0,2024-02-06 16:00:00,0
TXN0001761,734.45,electronics,transfer,Lahore,15,4,0,2024-02-06 16:30:00,0
TXN0001762,3974.55,grocery,transfer,Karachi,8,0,0,2024-02-06 17:00:00,0
TXN0001763,9995.16,grocery,transfer,Multan,19,1,1,2024-02-06 17:30:00,0
TXN0001764,8616.92,electronics,debit,Multan,12,3,1,2024-02-06 18:00:00,0
TXN0001765,7840.25,online,credit,Multan,18,3,1,2024-02-06 18:30:00,0
TXN0001766,2656.31,restaurant,credit,Lahore,13,0,1,2024-02-06 19:00:00,0
TXN0001767,3798.84,healthcare,credit,Lahore,18,5,1,2024-02-06 19:30:00,0
TXN0001768,869.12,grocery,credit,Islamabad,19,0,0,2024-02-06 20:00:00,0
TXN0001769,10155.85,healthcare,debit,Peshawar,19,6,1,2024-02-06 20:30:00,0
TXN0001770,5607.64,electronics,debit,Multan,10,4,0,2024-02-06 21:00:00,0
TXN0001771,9869.02,atm,withdrawal,Islamabad,21,1,1,2024-02-06 21:30:00,0
TXN0001772,2290.2,grocery,credit,Islamabad,14,3,0,2024-02-06 22:00:00,0
TXN0001773,3137.69,grocery,debit,Peshawar,9,5,0,2024-02-06 22:30:00,0
TXN0001774,3254.31,electronics,debit,Islamabad,14,2,1,2024-02-06 23:00:00,0
TXN0001775,208.64,restaurant,credit,Peshawar,9,0,0,2024-02-06 23:30:00,0
TXN0001776,3336.84,grocery,credit,Karachi,12,2,0,2024-02-07 00:00:00,0
TXN0001777,13008.79,grocery,credit,Peshawar,14,3,0,2024-02-07 00:30:00,0
TXN0001778,18207.43,restaurant,debit,Quetta,18,0,0,2024-02-07 01:00:00,0
TXN0001779,5842.11,restaurant,debit,Peshawar,18,3,0,2024-02-07 01:30:00,0
TXN0001780,4863.12,grocery,debit,Peshawar,21,0,0,2024-02-07 02:00:00,0
TXN0001781,250.48,atm,transfer,Quetta,10,5,1,2024-02-07 02:30:00,0
TXN0001782,16909.24,electronics,debit,Peshawar,21,3,0,2024-02-07 03:00:00,0
TXN0001783,104.76,electronics,debit,Lahore,18,6,1,2024-02-07 03:30:00,0
TXN0001784,23167.11,travel,transfer,Islamabad,11,2,0,2024-02-07 04:00:00,0
TXN0001785,5374.47,travel,transfer,Islamabad,8,1,0,2024-02-07 04:30:00,0
TXN0001786,3347.61,online,debit,Karachi,10,5,0,2024-02-07 05:00:00,0
TXN0001787,20639.2,online,transfer,Karachi,16,6,0,2024-02-07 05:30:00,0
TXN0001788,197.55,travel,withdrawal,Quetta,17,5,0,2024-02-07 06:00:00,0
TXN0001789,6967.19,atm,withdrawal,Lahore,12,0,0,2024-02-07 06:30:00,0
TXN0001790,6369.11,atm,transfer,Karachi,15,2,0,2024-02-07 07:00:00,0
TXN0001791,1980.72,travel,transfer,Islamabad,9,3,0,2024-02-07 07:30:00,0
TXN0001792,4481.35,grocery,debit,Karachi,10,2,1,2024-02-07 08:00:00,0
TXN0001793,8450.49,online,credit,Karachi,14,5,1,2024-02-07 08:30:00,0
TXN0001794,10390.11,atm,credit,Peshawar,21,0,1,2024-02-07 09:00:00,0
TXN0001795,5.74,online,credit,Karachi,17,2,1,2024-02-07 09:30:00,0
TXN0001796,22098.37,online,credit,Quetta,11,6,0,2024-02-07 10:00:00,0
TXN0001797,1438.04,grocery,transfer,Islamabad,16,3,0,2024-02-07 10:30:00,0
TXN0001798,2128.2,online,withdrawal,Quetta,21,4,0,2024-02-07 11:00:00,0
TXN0001799,2446.48,electronics,debit,Quetta,14,5,1,2024-02-07 11:30:00,0
TXN0001800,308.43,restaurant,debit,Multan,21,1,1,2024-02-07 12:00:00,0
TXN0001801,1050.46,online,credit,Lahore,18,1,1,2024-02-07 12:30:00,0
TXN0001802,34352.08,electronics,debit,Multan,19,5,0,2024-02-07 13:00:00,0
TXN0001803,3029.22,travel,credit,Multan,8,4,0,2024-02-07 13:30:00,0
TXN0001804,980.06,atm,debit,Peshawar,11,0,1,2024-02-07 14:00:00,0
TXN0001805,905.27,electronics,credit,Quetta,17,2,0,2024-02-07 14:30:00,0
TXN0001806,10168.31,online,credit,Lahore,18,2,0,2024-02-07 15:00:00,0
TXN0001807,15424.41,online,debit,Islamabad,13,4,0,2024-02-07 15:30:00,0
TXN0001808,2375.96,atm,debit,Islamabad,13,6,1,2024-02-07 16:00:00,0
TXN0001809,169.05,grocery,debit,Lahore,17,4,0,2024-02-07 16:30:00,0
TXN0001810,2019.45,online,debit,Quetta,13,3,1,2024-02-07 17:00:00,0
TXN0001811,465.4,restaurant,transfer,Quetta,12,3,1,2024-02-07 17:30:00,0
TXN0001812,873.12,healthcare,credit,Peshawar,10,1,0,2024-02-07 18:00:00,0
TXN0001813,4518.15,online,debit,Peshawar,9,0,0,2024-02-07 18:30:00,0
TXN0001814,2090.07,healthcare,credit,Multan,10,0,0,2024-02-07 19:00:00,0
TXN0001815,751096.64,online,debit,Islamabad,0,6,1,2024-02-07 19:30:00,1
TXN0001816,2338.81,travel,transfer,Peshawar,10,4,1,2024-02-07 20:00:00,0
TXN0001817,22579.25,online,debit,Lahore,10,1,0,2024-02-07 20:30:00,0
TXN0001818,18910.92,grocery,transfer,Islamabad,8,1,0,2024-02-07 21:00:00,0
TXN0001819,6692.56,travel,credit,Quetta,9,3,1,2024-02-07 21:30:00,0
TXN0001820,3500.9,travel,credit,Islamabad,18,2,1,2024-02-07 22:00:00,0
TXN0001821,3839.1,atm,transfer,Karachi,19,6,1,2024-02-07 22:30:00,0
TXN0001822,4246.22,atm,transfer,Islamabad,10,0,1,2024-02-07 23:00:00,0
TXN0001823,10403.26,online,withdrawal,Peshawar,9,6,1,2024-02-07 23:30:00,0
TXN0001824,4806.57,electronics,credit,Lahore,15,1,0,2024-02-08 00:00:00,0
TXN0001825,15544.19,grocery,debit,Quetta,13,3,1,2024-02-08 00:30:00,0
TXN0001826,23072.78,electronics,transfer,Quetta,14,3,1,2024-02-08 01:00:00,0
TXN0001827,175674.9,online,debit,Peshawar,2,3,0,2024-02-08 01:30:00,1
TXN0001828,6580.48,electronics,transfer,Peshawar,13,6,1,2024-02-08 02:00:00,0
TXN0001829,799.06,travel,transfer,Peshawar,9,2,1,2024-02-08 02:30:00,0
TXN0001830,647330.42,electronics,withdrawal,Karachi,3,1,0,2024-02-08 03:00:00,1
TXN0001831,4268.19,atm,transfer,Lahore,13,4,1,2024-02-08 03:30:00,0
TXN0001832,1847.42,restaurant,debit,Karachi,10,4,0,2024-02-08 04:00:00,0
TXN0001833,16736.03,online,credit,Peshawar,14,3,1,2024-02-08 04:30:00,0
TXN0001834,1378.52,electronics,debit,Lahore,10,3,1,2024-02-08 05:00:00,0
TXN0001835,4865.46,travel,debit,Peshawar,16,2,0,2024-02-08 05:30:00,0
TXN0001836,7445.13,grocery,credit,Lahore,10,3,1,2024-02-08 06:00:00,0
TXN0001837,9417.71,grocery,debit,Quetta,14,5,1,2024-02-08 06:30:00,0
TXN0001838,3863.99,grocery,transfer,Karachi,19,1,0,2024-02-08 07:00:00,0
TXN0001839,16266.52,grocery,withdrawal,Multan,11,3,1,2024-02-08 07:30:00,0
TXN0001840,6720.55,grocery,credit,Peshawar,15,3,1,2024-02-08 08:00:00,0
TXN0001841,4631.52,grocery,debit,Peshawar,21,1,1,2024-02-08 08:30:00,0
TXN0001842,556.86,grocery,transfer,Islamabad,9,0,1,2024-02-08 09:00:00,0
TXN0001843,4999.27,online,transfer,Multan,15,5,1,2024-02-08 09:30:00,0
TXN0001844,13751.16,healthcare,transfer,Quetta,16,5,0,2024-02-08 10:00:00,0
TXN0001845,7626.56,restaurant,credit,Peshawar,20,4,1,2024-02-08 10:30:00,0
TXN0001846,14278.07,grocery,transfer,Karachi,15,3,1,2024-02-08 11:00:00,0
TXN0001847,5449.93,travel,debit,Quetta,13,1,0,2024-02-08 11:30:00,0
TXN0001848,1008.69,restaurant,withdrawal,Peshawar,17,4,0,2024-02-08 12:00:00,0
TXN0001849,109.87,grocery,withdrawal,Karachi,8,6,0,2024-02-08 12:30:00,0
TXN0001850,2890.28,atm,transfer,Islamabad,14,6,0,2024-02-08 13:00:00,0
TXN0001851,9578.37,online,debit,Islamabad,8,2,1,2024-02-08 13:30:00,0
TXN0001852,12495.09,restaurant,transfer,Karachi,14,6,1,2024-02-08 14:00:00,0
TXN0001853,2805.01,restaurant,credit,Quetta,21,6,1,2024-02-08 14:30:00,0
TXN0001854,5475.94,online,credit,Karachi,9,0,1,2024-02-08 15:00:00,0
TXN0001855,4373.27,online,transfer,Multan,15,3,1,2024-02-08 15:30:00,0
TXN0001856,4228.15,grocery,debit,Karachi,9,0,1,2024-02-08 16:00:00,0
TXN0001857,2104.94,grocery,debit,Islamabad,10,3,1,2024-02-08 16:30:00,0
TXN0001858,1172.9,travel,transfer,Islamabad,20,3,0,2024-02-08 17:00:00,0
TXN0001859,1752.1,grocery,transfer,Islamabad,19,3,1,2024-02-08 17:30:00,0
TXN0001860,455.38,grocery,transfer,Multan,10,0,0,2024-02-08 18:00:00,0
TXN0001861,1766.48,electronics,debit,Peshawar,8,5,0,2024-02-08 18:30:00,0
TXN0001862,73.95,restaurant,transfer,Multan,12,2,0,2024-02-08 19:00:00,0
TXN0001863,7894.96,grocery,debit,Peshawar,12,5,1,2024-02-08 19:30:00,0
TXN0001864,285277.34,electronics,transfer,Multan,0,1,1,2024-02-08 20:00:00,1
TXN0001865,28938.34,travel,debit,Lahore,12,1,0,2024-02-08 20:30:00,0
TXN0001866,1722.56,online,transfer,Peshawar,21,6,1,2024-02-08 21:00:00,0
TXN0001867,3395.09,grocery,credit,Quetta,20,5,1,2024-02-08 21:30:00,0
TXN0001868,3543.36,healthcare,withdrawal,Quetta,16,2,0,2024-02-08 22:00:00,0
TXN0001869,67.9,online,credit,Islamabad,13,6,0,2024-02-08 22:30:00,0
TXN0001870,14621.15,online,credit,Multan,13,2,1,2024-02-08 23:00:00,0
TXN0001871,260.14,grocery,debit,Karachi,10,3,0,2024-02-08 23:30:00,0
TXN0001872,22531.3,travel,transfer,Islamabad,12,3,0,2024-02-09 00:00:00,0
TXN0001873,17810.5,atm,credit,Karachi,17,1,0,2024-02-09 00:30:00,0
TXN0001874,6134.73,grocery,debit,Multan,14,3,1,2024-02-09 01:00:00,0
TXN0001875,6275.01,electronics,credit,Islamabad,10,6,1,2024-02-09 01:30:00,0
TXN0001876,8485.4,grocery,transfer,Islamabad,9,3,0,2024-02-09 02:00:00,0
TXN0001877,3915.78,healthcare,debit,Quetta,12,2,0,2024-02-09 02:30:00,0
TXN0001878,8335.34,grocery,debit,Karachi,10,0,1,2024-02-09 03:00:00,0
TXN0001879,366.41,restaurant,credit,Lahore,12,5,1,2024-02-09 03:30:00,0
TXN0001880,444.5,electronics,transfer,Lahore,16,4,1,2024-02-09 04:00:00,0
TXN0001881,4888.56,online,debit,Islamabad,18,4,1,2024-02-09 04:30:00,0
TXN0001882,6381.35,online,withdrawal,Multan,17,3,1,2024-02-09 05:00:00,0
TXN0001883,17501.04,grocery,withdrawal,Islamabad,8,3,1,2024-02-09 05:30:00,0
TXN0001884,884.42,travel,debit,Quetta,11,5,0,2024-02-09 06:00:00,0
TXN0001885,13836.95,electronics,debit,Karachi,17,4,0,2024-02-09 06:30:00,0
TXN0001886,1886.26,grocery,transfer,Islamabad,12,2,0,2024-02-09 07:00:00,0
TXN0001887,4008.11,atm,withdrawal,Multan,9,4,1,2024-02-09 07:30:00,0
TXN0001888,3045.43,grocery,transfer,Lahore,19,4,0,2024-02-09 08:00:00,0
TXN0001889,567535.17,online,credit,Karachi,3,6,0,2024-02-09 08:30:00,1
TXN0001890,1304.82,electronics,debit,Islamabad,8,4,0,2024-02-09 09:00:00,0
TXN0001891,5602.5,grocery,credit,Karachi,21,3,0,2024-02-09 09:30:00,0
TXN0001892,12941.48,online,credit,Quetta,15,6,0,2024-02-09 10:00:00,0
TXN0001893,4660.49,online,debit,Lahore,9,3,0,2024-02-09 10:30:00,0
TXN0001894,5396.39,electronics,credit,Multan,10,5,0,2024-02-09 11:00:00,0
TXN0001895,15111.5,online,debit,Karachi,19,4,1,2024-02-09 11:30:00,0
TXN0001896,9794.99,grocery,credit,Lahore,9,3,0,2024-02-09 12:00:00,0
TXN0001897,5393.89,restaurant,debit,Islamabad,11,5,0,2024-02-09 12:30:00,0
TXN0001898,2383.97,electronics,debit,Multan,21,4,1,2024-02-09 13:00:00,0
TXN0001899,17297.49,grocery,transfer,Multan,8,2,0,2024-02-09 13:30:00,0
TXN0001900,6883.45,atm,debit,Peshawar,10,3,1,2024-02-09 14:00:00,0
TXN0001901,1999.47,grocery,credit,Karachi,12,0,0,2024-02-09 14:30:00,0
TXN0001902,2508.05,electronics,debit,Lahore,17,5,1,2024-02-09 15:00:00,0
TXN0001903,13001.82,electronics,debit,Karachi,8,3,0,2024-02-09 15:30:00,0
TXN0001904,361.2,restaurant,debit,Islamabad,11,2,0,2024-02-09 16:00:00,0
TXN0001905,38719.23,healthcare,debit,Islamabad,13,2,0,2024-02-09 16:30:00,0
TXN0001906,1117.33,atm,debit,Multan,11,3,0,2024-02-09 17:00:00,0
TXN0001907,12719.77,travel,transfer,Multan,14,1,0,2024-02-09 17:30:00,0
TXN0001908,4017.24,online,debit,Lahore,21,5,1,2024-02-09 18:00:00,0
TXN0001909,5421.6,travel,debit,Quetta,14,4,0,2024-02-09 18:30:00,0
TXN0001910,17005.6,electronics,transfer,Karachi,13,4,1,2024-02-09 19:00:00,0
TXN0001911,4260.63,healthcare,debit,Karachi,16,2,0,2024-02-09 19:30:00,0
TXN0001912,450919.41,grocery,transfer,Islamabad,3,3,0,2024-02-09 20:00:00,1
TXN0001913,404.45,electronics,debit,Karachi,20,1,0,2024-02-09 20:30:00,0
TXN0001914,18.8,restaurant,debit,Lahore,17,5,1,2024-02-09 21:00:00,0
TXN0001915,2246.18,atm,credit,Peshawar,15,0,1,2024-02-09 21:30:00,0
TXN0001916,9130.06,grocery,withdrawal,Multan,15,4,1,2024-02-09 22:00:00,0
TXN0001917,1034.17,grocery,debit,Islamabad,18,6,1,2024-02-09 22:30:00,0
TXN0001918,966.16,online,credit,Multan,17,5,1,2024-02-09 23:00:00,0
TXN0001919,4234.1,travel,debit,Multan,21,5,0,2024-02-09 23:30:00,0
TXN0001920,8349.29,travel,debit,Multan,21,1,0,2024-02-10 00:00:00,0
TXN0001921,9960.36,electronics,withdrawal,Peshawar,18,5,1,2024-02-10 00:30:00,0
TXN0001922,1572.51,healthcare,debit,Karachi,11,4,1,2024-02-10 01:00:00,0
TXN0001923,663.47,electronics,transfer,Quetta,13,3,0,2024-02-10 01:30:00,0
TXN0001924,22560.4,travel,debit,Multan,18,4,0,2024-02-10 02:00:00,0
TXN0001925,2416.05,travel,transfer,Lahore,13,0,1,2024-02-10 02:30:00,0
TXN0001926,15357.46,grocery,credit,Multan,12,3,1,2024-02-10 03:00:00,0
TXN0001927,15930.94,grocery,transfer,Multan,21,2,0,2024-02-10 03:30:00,0
TXN0001928,11845.63,restaurant,debit,Karachi,8,1,1,2024-02-10 04:00:00,0
TXN0001929,1479.4,restaurant,transfer,Lahore,10,4,0,2024-02-10 04:30:00,0
TXN0001930,13798.86,grocery,transfer,Karachi,14,3,1,2024-02-10 05:00:00,0
TXN0001931,11731.38,restaurant,credit,Multan,15,5,1,2024-02-10 05:30:00,0
TXN0001932,7265.05,grocery,transfer,Karachi,9,3,0,2024-02-10 06:00:00,0
TXN0001933,3290.28,online,credit,Karachi,10,4,0,2024-02-10 06:30:00,0
TXN0001934,2436.01,grocery,transfer,Islamabad,11,2,1,2024-02-10 07:00:00,0
TXN0001935,1039.86,restaurant,debit,Peshawar,21,4,0,2024-02-10 07:30:00,0
TXN0001936,5702.83,grocery,credit,Quetta,18,2,1,2024-02-10 08:00:00,0
TXN0001937,7040.84,online,transfer,Peshawar,12,5,1,2024-02-10 08:30:00,0
TXN0001938,3562.04,atm,debit,Peshawar,10,4,0,2024-02-10 09:00:00,0
TXN0001939,5160.33,grocery,credit,Lahore,12,3,0,2024-02-10 09:30:00,0
TXN0001940,3614.35,travel,withdrawal,Islamabad,15,0,0,2024-02-10 10:00:00,0
TXN0001941,8195.6,grocery,credit,Islamabad,15,0,1,2024-02-10 10:30:00,0
TXN0001942,18522.06,online,debit,Karachi,21,5,0,2024-02-10 11:00:00,0
TXN0001943,1432.25,electronics,debit,Peshawar,9,6,0,2024-02-10 11:30:00,0
TXN0001944,3842.49,online,transfer,Quetta,13,6,0,2024-02-10 12:00:00,0
TXN0001945,1214.67,restaurant,withdrawal,Lahore,11,3,1,2024-02-10 12:30:00,0
TXN0001946,7845.43,electronics,withdrawal,Islamabad,16,0,0,2024-02-10 13:00:00,0
TXN0001947,10441.27,grocery,transfer,Karachi,17,5,0,2024-02-10 13:30:00,0
TXN0001948,21495.72,online,credit,Quetta,9,2,0,2024-02-10 14:00:00,0
TXN0001949,2615.51,atm,debit,Peshawar,15,3,0,2024-02-10 14:30:00,0
TXN0001950,23999.72,healthcare,debit,Quetta,8,6,1,2024-02-10 15:00:00,0
TXN0001951,522.82,grocery,debit,Islamabad,18,2,1,2024-02-10 15:30:00,0
TXN0001952,7390.83,electronics,debit,Lahore,13,3,1,2024-02-10 16:00:00,0
TXN0001953,470.64,atm,transfer,Peshawar,18,2,1,2024-02-10 16:30:00,0
TXN0001954,387762.79,atm,transfer,Lahore,1,2,0,2024-02-10 17:00:00,1
TXN0001955,6036.93,online,credit,Multan,21,0,1,2024-02-10 17:30:00,0
TXN0001956,8853.52,electronics,withdrawal,Quetta,19,3,0,2024-02-10 18:00:00,0
TXN0001957,14250.07,electronics,withdrawal,Quetta,17,4,1,2024-02-10 18:30:00,0
TXN0001958,1303.08,grocery,transfer,Karachi,20,0,0,2024-02-10 19:00:00,0
TXN0001959,314.85,restaurant,credit,Peshawar,8,2,0,2024-02-10 19:30:00,0
TXN0001960,16887.86,grocery,debit,Quetta,9,2,0,2024-02-10 20:00:00,0
TXN0001961,3025.91,online,credit,Islamabad,10,6,1,2024-02-10 20:30:00,0
TXN0001962,1104.71,online,debit,Multan,16,4,1,2024-02-10 21:00:00,0
TXN0001963,5055.83,electronics,debit,Islamabad,12,6,1,2024-02-10 21:30:00,0
TXN0001964,7296.52,electronics,withdrawal,Lahore,17,4,0,2024-02-10 22:00:00,0
TXN0001965,251.68,online,debit,Multan,17,2,1,2024-02-10 22:30:00,0
TXN0001966,2571.52,electronics,debit,Multan,19,4,0,2024-02-10 23:00:00,0
TXN0001967,266.8,electronics,credit,Islamabad,9,1,1,2024-02-10 23:30:00,0
TXN0001968,4362.44,electronics,credit,Quetta,17,6,1,2024-02-11 00:00:00,0
TXN0001969,18037.98,atm,debit,Islamabad,12,6,1,2024-02-11 00:30:00,0
TXN0001970,32434.41,healthcare,debit,Peshawar,12,0,1,2024-02-11 01:00:00,0
TXN0001971,8107.87,online,withdrawal,Lahore,8,3,1,2024-02-11 01:30:00,0
TXN0001972,1410.44,atm,debit,Multan,10,6,0,2024-02-11 02:00:00,0
TXN0001973,18902.88,online,transfer,Peshawar,12,4,1,2024-02-11 02:30:00,0
TXN0001974,5809.46,online,credit,Quetta,16,4,1,2024-02-11 03:00:00,0
TXN0001975,1335.52,healthcare,credit,Quetta,17,1,1,2024-02-11 03:30:00,0
TXN0001976,20380.39,travel,debit,Islamabad,8,3,0,2024-02-11 04:00:00,0
TXN0001977,11333.01,grocery,transfer,Karachi,15,1,1,2024-02-11 04:30:00,0
TXN0001978,10525.35,healthcare,transfer,Multan,8,3,1,2024-02-11 05:00:00,0
TXN0001979,9880.43,atm,debit,Multan,16,6,0,2024-02-11 05:30:00,0
TXN0001980,1788.55,electronics,debit,Karachi,13,6,1,2024-02-11 06:00:00,0
TXN0001981,1895.98,healthcare,debit,Quetta,8,0,0,2024-02-11 06:30:00,0
TXN0001982,9325.53,electronics,transfer,Quetta,15,4,0,2024-02-11 07:00:00,0
TXN0001983,1984.85,electronics,credit,Multan,12,0,1,2024-02-11 07:30:00,0
TXN0001984,4619.59,online,debit,Lahore,14,3,0,2024-02-11 08:00:00,0
TXN0001985,12186.15,electronics,debit,Multan,14,4,1,2024-02-11 08:30:00,0
TXN0001986,12258.06,online,credit,Quetta,14,6,0,2024-02-11 09:00:00,0
TXN0001987,4830.28,grocery,transfer,Quetta,13,1,1,2024-02-11 09:30:00,0
TXN0001988,12569.05,grocery,credit,Lahore,18,6,0,2024-02-11 10:00:00,0
TXN0001989,14592.04,online,debit,Peshawar,15,6,0,2024-02-11 10:30:00,0
TXN0001990,8508.49,online,debit,Peshawar,16,2,0,2024-02-11 11:00:00,0
TXN0001991,2074.58,grocery,credit,Lahore,19,1,1,2024-02-11 11:30:00,0
TXN0001992,2561.77,healthcare,debit,Lahore,9,2,0,2024-02-11 12:00:00,0
TXN0001993,3024.84,online,transfer,Peshawar,14,1,1,2024-02-11 12:30:00,0
TXN0001994,993.67,grocery,credit,Peshawar,9,3,1,2024-02-11 13:00:00,0
TXN0001995,2552.39,electronics,debit,Peshawar,13,0,0,2024-02-11 13:30:00,0
TXN0001996,1880.91,atm,credit,Peshawar,9,2,1,2024-02-11 14:00:00,0
TXN0001997,4860.58,online,transfer,Multan,17,3,1,2024-02-11 14:30:00,0
TXN0001998,19125.87,grocery,credit,Multan,13,0,0,2024-02-11 15:00:00,0
TXN0001999,882.81,grocery,transfer,Islamabad,9,0,1,2024-02-11 15:30:00,0
TXN0002000,10191.38,travel,credit,Lahore,8,4,1,2024-02-11 16:00:00,0
TXN0002001,9299.65,electronics,transfer,Karachi,14,6,0,2024-02-11 16:30:00,0
TXN0002002,805.23,online,transfer,Islamabad,10,4,0,2024-02-11 17:00:00,0
TXN0002003,20467.3,restaurant,debit,Karachi,21,6,0,2024-02-11 17:30:00,0
TXN0002004,6723.39,grocery,debit,Karachi,19,4,0,2024-02-11 18:00:00,0
TXN0002005,3617.0,restaurant,withdrawal,Quetta,21,2,1,2024-02-11 18:30:00,0
TXN0002006,11302.37,restaurant,withdrawal,Lahore,20,2,1,2024-02-11 19:00:00,0
TXN0002007,2380.41,restaurant,transfer,Multan,11,6,1,2024-02-11 19:30:00,0
TXN0002008,9460.56,healthcare,transfer,Islamabad,20,0,0,2024-02-11 20:00:00,0
TXN0002009,324.17,atm,debit,Lahore,13,2,1,2024-02-11 20:30:00,0
TXN0002010,14631.11,online,credit,Peshawar,12,0,0,2024-02-11 21:00:00,0
TXN0002011,4756.13,travel,withdrawal,Lahore,11,3,1,2024-02-11 21:30:00,0
TXN0002012,8100.05,travel,transfer,Karachi,16,1,0,2024-02-11 22:00:00,0
TXN0002013,2000.4,restaurant,debit,Multan,13,0,1,2024-02-11 22:30:00,0
TXN0002014,9042.65,electronics,debit,Peshawar,13,0,1,2024-02-11 23:00:00,0
TXN0002015,11835.71,grocery,credit,Lahore,9,3,0,2024-02-11 23:30:00,0
TXN0002016,5127.67,grocery,credit,Lahore,13,6,1,2024-02-12 00:00:00,0
TXN0002017,7692.96,atm,debit,Multan,14,4,1,2024-02-12 00:30:00,0
TXN0002018,4875.24,atm,credit,Karachi,15,5,1,2024-02-12 01:00:00,0
TXN0002019,17961.43,travel,debit,Peshawar,21,6,1,2024-02-12 01:30:00,0
TXN0002020,550195.59,electronics,transfer,Karachi,2,4,0,2024-02-12 02:00:00,1
TXN0002021,14751.6,online,transfer,Multan,16,4,1,2024-02-12 02:30:00,0
TXN0002022,12929.77,grocery,transfer,Lahore,17,6,0,2024-02-12 03:00:00,0
TXN0002023,4227.91,online,transfer,Islamabad,18,6,0,2024-02-12 03:30:00,0
TXN0002024,2091.8,electronics,credit,Islamabad,20,0,0,2024-02-12 04:00:00,0
TXN0002025,4168.11,healthcare,transfer,Quetta,19,0,1,2024-02-12 04:30:00,0
TXN0002026,13999.6,online,credit,Islamabad,10,2,0,2024-02-12 05:00:00,0
TXN0002027,89620.01,online,withdrawal,Multan,3,2,0,2024-02-12 05:30:00,1
TXN0002028,5946.04,atm,debit,Multan,14,1,0,2024-02-12 06:00:00,0
TXN0002029,13123.17,travel,withdrawal,Multan,14,1,1,2024-02-12 06:30:00,0
TXN0002030,3489.18,grocery,debit,Peshawar,8,5,1,2024-02-12 07:00:00,0
TXN0002031,8222.46,online,debit,Quetta,15,6,0,2024-02-12 07:30:00,0
TXN0002032,2255.0,restaurant,credit,Peshawar,11,2,0,2024-02-12 08:00:00,0
TXN0002033,500437.4,travel,credit,Islamabad,0,6,1,2024-02-12 08:30:00,1
TXN0002034,12653.97,online,debit,Islamabad,21,0,0,2024-02-12 09:00:00,0
TXN0002035,833.72,healthcare,credit,Lahore,13,3,1,2024-02-12 09:30:00,0
TXN0002036,2532.84,atm,transfer,Peshawar,10,2,0,2024-02-12 10:00:00,0
TXN0002037,15454.21,online,debit,Karachi,12,0,1,2024-02-12 10:30:00,0
TXN0002038,3402.93,atm,credit,Lahore,17,6,1,2024-02-12 11:00:00,0
TXN0002039,28908.8,restaurant,debit,Peshawar,12,2,1,2024-02-12 11:30:00,0
TXN0002040,31190.62,healthcare,credit,Multan,8,4,0,2024-02-12 12:00:00,0
TXN0002041,2498.82,healthcare,transfer,Quetta,10,2,0,2024-02-12 12:30:00,0
TXN0002042,334.73,online,debit,Peshawar,10,6,1,2024-02-12 13:00:00,0
TXN0002043,9767.96,electronics,withdrawal,Quetta,8,6,1,2024-02-12 13:30:00,0
TXN0002044,4797.06,grocery,credit,Quetta,20,5,0,2024-02-12 14:00:00,0
TXN0002045,849.58,electronics,transfer,Islamabad,14,6,1,2024-02-12 14:30:00,0
TXN0002046,9834.95,restaurant,transfer,Karachi,8,4,0,2024-02-12 15:00:00,0
TXN0002047,253.37,restaurant,transfer,Peshawar,14,0,1,2024-02-12 15:30:00,0
TXN0002048,16333.88,online,debit,Karachi,11,4,1,2024-02-12 16:00:00,0
TXN0002049,1194.06,online,debit,Quetta,16,2,0,2024-02-12 16:30:00,0
TXN0002050,1089.42,electronics,credit,Islamabad,14,4,0,2024-02-12 17:00:00,0
TXN0002051,1545.5,travel,transfer,Karachi,12,5,1,2024-02-12 17:30:00,0
TXN0002052,25804.46,atm,debit,Lahore,14,3,0,2024-02-12 18:00:00,0
TXN0002053,9451.67,travel,withdrawal,Quetta,16,4,1,2024-02-12 18:30:00,0
TXN0002054,12930.55,grocery,debit,Lahore,17,6,0,2024-02-12 19:00:00,0
TXN0002055,4055.13,online,debit,Multan,13,5,1,2024-02-12 19:30:00,0
TXN0002056,3279.55,grocery,debit,Karachi,8,4,0,2024-02-12 20:00:00,0
TXN0002057,2137.64,healthcare,credit,Karachi,13,1,0,2024-02-12 20:30:00,0
TXN0002058,5241.39,electronics,withdrawal,Karachi,8,3,1,2024-02-12 21:00:00,0
TXN0002059,6420.64,restaurant,debit,Multan,20,0,1,2024-02-12 21:30:00,0
TXN0002060,7992.49,grocery,credit,Peshawar,19,6,1,2024-02-12 22:00:00,0
TXN0002061,2377.75,grocery,debit,Quetta,11,5,1,2024-02-12 22:30:00,0
TXN0002062,23753.36,online,credit,Quetta,21,4,1,2024-02-12 23:00:00,0
TXN0002063,1488.31,atm,debit,Quetta,15,3,1,2024-02-12 23:30:00,0
TXN0002064,26969.97,online,credit,Peshawar,12,0,0,2024-02-13 00:00:00,0
TXN0002065,119.74,grocery,transfer,Karachi,12,3,1,2024-02-13 00:30:00,0
TXN0002066,5248.75,grocery,credit,Karachi,20,5,1,2024-02-13 01:00:00,0
TXN0002067,3244.13,online,debit,Multan,17,1,1,2024-02-13 01:30:00,0
TXN0002068,4769.96,grocery,debit,Lahore,18,5,1,2024-02-13 02:00:00,0
TXN0002069,6764.13,electronics,transfer,Peshawar,15,5,0,2024-02-13 02:30:00,0
TXN0002070,4575.78,online,transfer,Islamabad,15,0,1,2024-02-13 03:00:00,0
TXN0002071,4287.05,grocery,withdrawal,Peshawar,8,0,1,2024-02-13 03:30:00,0
TXN0002072,10555.77,grocery,transfer,Multan,20,4,0,2024-02-13 04:00:00,0
TXN0002073,9263.75,grocery,withdrawal,Lahore,20,2,0,2024-02-13 04:30:00,0
TXN0002074,14331.1,healthcare,credit,Lahore,12,5,1,2024-02-13 05:00:00,0
TXN0002075,2301.02,electronics,debit,Lahore,19,0,0,2024-02-13 05:30:00,0
TXN0002076,7523.2,restaurant,debit,Karachi,12,5,1,2024-02-13 06:00:00,0
TXN0002077,7039.57,electronics,credit,Islamabad,15,5,0,2024-02-13 06:30:00,0
TXN0002078,412623.56,atm,transfer,Lahore,23,0,0,2024-02-13 07:00:00,1
TXN0002079,5325.15,grocery,transfer,Quetta,14,1,0,2024-02-13 07:30:00,0
TXN0002080,3012.48,travel,debit,Karachi,14,1,0,2024-02-13 08:00:00,0
TXN0002081,1223.76,atm,credit,Islamabad,20,5,0,2024-02-13 08:30:00,0
TXN0002082,1924.36,atm,transfer,Quetta,16,1,1,2024-02-13 09:00:00,0
TXN0002083,892.05,atm,credit,Islamabad,9,5,1,2024-02-13 09:30:00,0
TXN0002084,9192.58,atm,debit,Multan,10,4,0,2024-02-13 10:00:00,0
TXN0002085,8647.61,grocery,transfer,Islamabad,11,0,0,2024-02-13 10:30:00,0
TXN0002086,24063.47,travel,debit,Quetta,8,5,0,2024-02-13 11:00:00,0
TXN0002087,10465.14,travel,withdrawal,Peshawar,14,1,1,2024-02-13 11:30:00,0
TXN0002088,427.59,restaurant,withdrawal,Islamabad,21,1,1,2024-02-13 12:00:00,0
TXN0002089,17250.25,electronics,debit,Peshawar,17,3,1,2024-02-13 12:30:00,0
TXN0002090,15883.25,restaurant,debit,Islamabad,10,3,0,2024-02-13 13:00:00,0
TXN0002091,89557.96,travel,transfer,Multan,2,6,1,2024-02-13 13:30:00,1
TXN0002092,7052.47,online,credit,Quetta,10,1,0,2024-02-13 14:00:00,0
TXN0002093,29863.77,electronics,debit,Islamabad,15,6,0,2024-02-13 14:30:00,0
TXN0002094,6079.5,travel,withdrawal,Lahore,16,6,0,2024-02-13 15:00:00,0
TXN0002095,18858.17,atm,credit,Multan,17,6,0,2024-02-13 15:30:00,0
TXN0002096,693.52,online,debit,Lahore,20,4,1,2024-02-13 16:00:00,0
TXN0002097,1696.16,restaurant,credit,Multan,21,2,1,2024-02-13 16:30:00,0
TXN0002098,4649.34,atm,debit,Multan,9,5,0,2024-02-13 17:00:00,0
TXN0002099,7031.13,online,debit,Islamabad,17,3,0,2024-02-13 17:30:00,0
TXN0002100,13552.47,restaurant,credit,Quetta,17,5,0,2024-02-13 18:00:00,0
TXN0002101,35559.47,online,debit,Quetta,8,3,0,2024-02-13 18:30:00,0
TXN0002102,3939.32,online,credit,Karachi,21,0,0,2024-02-13 19:00:00,0
TXN0002103,388.61,grocery,withdrawal,Quetta,16,0,0,2024-02-13 19:30:00,0
TXN0002104,12922.5,electronics,transfer,Peshawar,13,1,1,2024-02-13 20:00:00,0
TXN0002105,7418.42,online,debit,Islamabad,21,0,1,2024-02-13 20:30:00,0
TXN0002106,1770.59,restaurant,debit,Lahore,16,0,1,2024-02-13 21:00:00,0
TXN0002107,5462.86,electronics,credit,Quetta,13,2,0,2024-02-13 21:30:00,0
TXN0002108,10847.99,grocery,credit,Lahore,9,6,1,2024-02-13 22:00:00,0
TXN0002109,774705.72,online,transfer,Karachi,23,4,1,2024-02-13 22:30:00,1
TXN0002110,5539.07,grocery,credit,Islamabad,21,1,1,2024-02-13 23:00:00,0
TXN0002111,2913.22,atm,debit,Quetta,15,2,1,2024-02-13 23:30:00,0
TXN0002112,29118.45,atm,credit,Lahore,10,1,1,2024-02-14 00:00:00,0
TXN0002113,8709.99,electronics,transfer,Multan,8,4,0,2024-02-14 00:30:00,0
TXN0002114,4197.2,restaurant,withdrawal,Quetta,15,1,0,2024-02-14 01:00:00,0
TXN0002115,2633.18,online,debit,Karachi,19,5,0,2024-02-14 01:30:00,0
TXN0002116,10507.41,online,credit,Multan,8,5,1,2024-02-14 02:00:00,0
TXN0002117,2218.51,grocery,debit,Lahore,15,5,0,2024-02-14 02:30:00,0
TXN0002118,1507.14,travel,credit,Lahore,8,0,1,2024-02-14 03:00:00,0
TXN0002119,6037.35,restaurant,debit,Islamabad,16,4,0,2024-02-14 03:30:00,0
TXN0002120,2739.78,grocery,withdrawal,Islamabad,21,2,1,2024-02-14 04:00:00,0
TXN0002121,7930.38,electronics,credit,Lahore,16,2,1,2024-02-14 04:30:00,0
TXN0002122,92168.22,electronics,transfer,Multan,23,3,0,2024-02-14 05:00:00,1
TXN0002123,8512.32,grocery,withdrawal,Islamabad,20,2,0,2024-02-14 05:30:00,0
TXN0002124,734600.6,electronics,debit,Lahore,22,6,1,2024-02-14 06:00:00,1
TXN0002125,1.94,grocery,transfer,Multan,10,5,1,2024-02-14 06:30:00,0
TXN0002126,1085.97,restaurant,transfer,Peshawar,11,6,0,2024-02-14 07:00:00,0
TXN0002127,21698.32,atm,credit,Quetta,12,6,0,2024-02-14 07:30:00,0
TXN0002128,16160.61,electronics,credit,Peshawar,13,5,1,2024-02-14 08:00:00,0
TXN0002129,2128.5,atm,credit,Peshawar,16,3,0,2024-02-14 08:30:00,0
TXN0002130,12054.04,grocery,transfer,Quetta,20,0,0,2024-02-14 09:00:00,0
TXN0002131,7503.62,online,debit,Lahore,18,2,0,2024-02-14 09:30:00,0
TXN0002132,28297.43,electronics,credit,Lahore,19,4,0,2024-02-14 10:00:00,0
TXN0002133,3742.2,grocery,debit,Islamabad,11,3,1,2024-02-14 10:30:00,0
TXN0002134,9152.07,restaurant,debit,Karachi,21,2,1,2024-02-14 11:00:00,0
TXN0002135,525.15,grocery,debit,Lahore,21,0,1,2024-02-14 11:30:00,0
TXN0002136,4036.73,atm,debit,Quetta,13,6,0,2024-02-14 12:00:00,0
TXN0002137,26553.47,travel,credit,Karachi,20,4,1,2024-02-14 12:30:00,0
TXN0002138,6194.53,grocery,debit,Quetta,8,4,1,2024-02-14 13:00:00,0
TXN0002139,2716.07,atm,debit,Quetta,9,6,0,2024-02-14 13:30:00,0
TXN0002140,1025.13,online,transfer,Quetta,15,0,0,2024-02-14 14:00:00,0
TXN0002141,9726.43,electronics,transfer,Karachi,11,2,1,2024-02-14 14:30:00,0
TXN0002142,8281.86,electronics,transfer,Peshawar,17,6,1,2024-02-14 15:00:00,0
TXN0002143,3746.46,grocery,withdrawal,Multan,14,1,0,2024-02-14 15:30:00,0
TXN0002144,24117.91,restaurant,debit,Quetta,11,2,0,2024-02-14 16:00:00,0
TXN0002145,179.62,travel,debit,Islamabad,21,6,0,2024-02-14 16:30:00,0
TXN0002146,2896.07,grocery,debit,Lahore,16,6,0,2024-02-14 17:00:00,0
TXN0002147,20313.5,restaurant,withdrawal,Multan,16,3,0,2024-02-14 17:30:00,0
TXN0002148,3096.31,electronics,transfer,Lahore,11,3,1,2024-02-14 18:00:00,0
TXN0002149,2325.52,grocery,debit,Lahore,20,2,1,2024-02-14 18:30:00,0
TXN0002150,6112.34,electronics,debit,Karachi,15,5,1,2024-02-14 19:00:00,0
TXN0002151,13889.16,online,credit,Islamabad,13,3,1,2024-02-14 19:30:00,0
TXN0002152,870.9,grocery,debit,Islamabad,8,1,0,2024-02-14 20:00:00,0
TXN0002153,22920.54,travel,credit,Multan,14,5,0,2024-02-14 20:30:00,0
TXN0002154,12680.81,restaurant,withdrawal,Islamabad,8,1,1,2024-02-14 21:00:00,0
TXN0002155,1599.81,grocery,credit,Islamabad,10,4,0,2024-02-14 21:30:00,0
TXN0002156,9958.58,electronics,withdrawal,Islamabad,15,3,1,2024-02-14 22:00:00,0
TXN0002157,3888.53,electronics,debit,Multan,16,6,1,2024-02-14 22:30:00,0
TXN0002158,4117.26,online,credit,Peshawar,10,5,1,2024-02-14 23:00:00,0
TXN0002159,12233.57,restaurant,transfer,Islamabad,8,2,1,2024-02-14 23:30:00,0
TXN0002160,26328.31,electronics,credit,Islamabad,8,5,1,2024-02-15 00:00:00,0
TXN0002161,1083.4,grocery,credit,Karachi,14,6,1,2024-02-15 00:30:00,0
TXN0002162,4366.52,electronics,transfer,Karachi,12,4,0,2024-02-15 01:00:00,0
TXN0002163,5245.91,grocery,transfer,Islamabad,20,1,0,2024-02-15 01:30:00,0
TXN0002164,3776.84,online,debit,Peshawar,21,4,1,2024-02-15 02:00:00,0
TXN0002165,788490.86,grocery,debit,Islamabad,23,0,1,2024-02-15 02:30:00,1
TXN0002166,429.47,electronics,debit,Islamabad,13,3,1,2024-02-15 03:00:00,0
TXN0002167,9255.15,online,withdrawal,Islamabad,21,2,0,2024-02-15 03:30:00,0
TXN0002168,4584.65,electronics,withdrawal,Quetta,13,1,0,2024-02-15 04:00:00,0
TXN0002169,1733.26,online,debit,Peshawar,21,4,0,2024-02-15 04:30:00,0
TXN0002170,13544.01,grocery,debit,Lahore,11,2,1,2024-02-15 05:00:00,0
TXN0002171,12978.59,restaurant,withdrawal,Islamabad,14,3,0,2024-02-15 05:30:00,0
TXN0002172,5330.35,electronics,debit,Lahore,14,6,1,2024-02-15 06:00:00,0
TXN0002173,2835.71,restaurant,debit,Peshawar,19,2,0,2024-02-15 06:30:00,0
TXN0002174,8130.94,electronics,debit,Islamabad,16,3,1,2024-02-15 07:00:00,0
TXN0002175,2719.13,atm,debit,Lahore,19,3,1,2024-02-15 07:30:00,0
TXN0002176,2153.58,grocery,transfer,Multan,8,3,1,2024-02-15 08:00:00,0
TXN0002177,10489.93,online,credit,Lahore,12,4,0,2024-02-15 08:30:00,0
TXN0002178,329.29,electronics,credit,Peshawar,17,6,0,2024-02-15 09:00:00,0
TXN0002179,796.52,online,withdrawal,Islamabad,10,3,0,2024-02-15 09:30:00,0
TXN0002180,54.49,online,debit,Quetta,14,2,1,2024-02-15 10:00:00,0
TXN0002181,1327.9,online,debit,Peshawar,11,6,1,2024-02-15 10:30:00,0
TXN0002182,571.88,online,transfer,Quetta,11,0,0,2024-02-15 11:00:00,0
TXN0002183,43785.88,grocery,transfer,Islamabad,20,2,0,2024-02-15 11:30:00,0
TXN0002184,2726.52,grocery,debit,Lahore,19,4,1,2024-02-15 12:00:00,0
TXN0002185,1293.27,online,debit,Multan,8,3,1,2024-02-15 12:30:00,0
TXN0002186,2205.99,grocery,debit,Multan,8,6,0,2024-02-15 13:00:00,0
TXN0002187,22006.69,electronics,credit,Peshawar,17,0,1,2024-02-15 13:30:00,0
TXN0002188,5874.42,grocery,debit,Peshawar,9,4,0,2024-02-15 14:00:00,0
TXN0002189,3630.75,grocery,credit,Peshawar,9,1,0,2024-02-15 14:30:00,0
TXN0002190,16533.24,online,debit,Karachi,8,1,1,2024-02-15 15:00:00,0
TXN0002191,4020.09,online,transfer,Multan,15,1,0,2024-02-15 15:30:00,0
TXN0002192,3263.85,restaurant,debit,Multan,13,0,0,2024-02-15 16:00:00,0
TXN0002193,1858.31,electronics,credit,Islamabad,13,6,1,2024-02-15 16:30:00,0
TXN0002194,3795.91,restaurant,debit,Karachi,17,2,0,2024-02-15 17:00:00,0
TXN0002195,3046.39,online,debit,Peshawar,17,0,0,2024-02-15 17:30:00,0
TXN0002196,9048.36,restaurant,transfer,Peshawar,16,6,1,2024-02-15 18:00:00,0
TXN0002197,2735.22,atm,transfer,Quetta,12,0,1,2024-02-15 18:30:00,0
TXN0002198,6886.84,online,transfer,Karachi,11,6,0,2024-02-15 19:00:00,0
TXN0002199,545.31,electronics,transfer,Lahore,18,0,0,2024-02-15 19:30:00,0
TXN0002200,278367.82,grocery,debit,Multan,0,1,1,2024-02-15 20:00:00,1
TXN0002201,4185.96,grocery,transfer,Islamabad,15,5,1,2024-02-15 20:30:00,0
TXN0002202,22110.52,healthcare,debit,Lahore,21,6,0,2024-02-15 21:00:00,0
TXN0002203,3788.91,healthcare,debit,Lahore,8,6,0,2024-02-15 21:30:00,0
TXN0002204,8726.92,atm,transfer,Islamabad,14,6,0,2024-02-15 22:00:00,0
TXN0002205,2355.91,restaurant,transfer,Peshawar,15,2,0,2024-02-15 22:30:00,0
TXN0002206,1086.87,restaurant,transfer,Multan,16,5,1,2024-02-15 23:00:00,0
TXN0002207,482.56,online,transfer,Quetta,18,5,1,2024-02-15 23:30:00,0
TXN0002208,2915.51,online,withdrawal,Peshawar,15,0,1,2024-02-16 00:00:00,0
TXN0002209,1372.58,travel,debit,Peshawar,14,2,1,2024-02-16 00:30:00,0
TXN0002210,1529.39,travel,withdrawal,Karachi,10,5,0,2024-02-16 01:00:00,0
TXN0002211,11442.28,grocery,credit,Lahore,9,3,1,2024-02-16 01:30:00,0
TXN0002212,127.72,travel,transfer,Lahore,10,0,0,2024-02-16 02:00:00,0
TXN0002213,617144.18,online,transfer,Multan,22,0,0,2024-02-16 02:30:00,1
TXN0002214,3817.34,travel,credit,Lahore,11,0,1,2024-02-16 03:00:00,0
TXN0002215,5650.67,restaurant,transfer,Quetta,13,3,1,2024-02-16 03:30:00,0
TXN0002216,6619.47,electronics,debit,Quetta,19,3,0,2024-02-16 04:00:00,0
TXN0002217,3007.65,grocery,withdrawal,Quetta,14,1,1,2024-02-16 04:30:00,0
TXN0002218,2797.7,atm,debit,Islamabad,19,4,0,2024-02-16 05:00:00,0
TXN0002219,10576.1,online,debit,Multan,11,2,0,2024-02-16 05:30:00,0
TXN0002220,16400.74,grocery,debit,Quetta,17,4,1,2024-02-16 06:00:00,0
TXN0002221,1711.31,online,debit,Karachi,13,0,0,2024-02-16 06:30:00,0
TXN0002222,821.75,travel,debit,Karachi,16,5,1,2024-02-16 07:00:00,0
TXN0002223,18246.26,restaurant,debit,Peshawar,21,0,1,2024-02-16 07:30:00,0
TXN0002224,3444.98,online,credit,Peshawar,13,5,1,2024-02-16 08:00:00,0
TXN0002225,6411.52,grocery,credit,Multan,21,1,0,2024-02-16 08:30:00,0
TXN0002226,3564.59,online,debit,Peshawar,10,6,1,2024-02-16 09:00:00,0
TXN0002227,1075.59,restaurant,debit,Peshawar,8,4,0,2024-02-16 09:30:00,0
TXN0002228,7119.75,online,withdrawal,Karachi,18,6,1,2024-02-16 10:00:00,0
TXN0002229,5957.9,atm,debit,Peshawar,17,6,0,2024-02-16 10:30:00,0
TXN0002230,1815.14,electronics,debit,Karachi,17,0,0,2024-02-16 11:00:00,0
TXN0002231,4809.93,restaurant,debit,Quetta,20,4,0,2024-02-16 11:30:00,0
TXN0002232,12754.33,atm,debit,Quetta,12,1,0,2024-02-16 12:00:00,0
TXN0002233,7141.1,atm,transfer,Multan,17,4,0,2024-02-16 12:30:00,0
TXN0002234,815.53,electronics,debit,Islamabad,17,5,1,2024-02-16 13:00:00,0
TXN0002235,6352.97,restaurant,credit,Peshawar,10,2,0,2024-02-16 13:30:00,0
TXN0002236,9705.14,online,debit,Quetta,15,6,1,2024-02-16 14:00:00,0
TXN0002237,12588.84,restaurant,transfer,Quetta,17,1,1,2024-02-16 14:30:00,0
TXN0002238,7934.96,electronics,transfer,Multan,8,4,1,2024-02-16 15:00:00,0
TXN0002239,1325.21,grocery,debit,Lahore,18,0,1,2024-02-16 15:30:00,0
TXN0002240,9907.78,electronics,debit,Lahore,9,3,0,2024-02-16 16:00:00,0
TXN0002241,9049.29,travel,debit,Multan,10,3,1,2024-02-16 16:30:00,0
TXN0002242,197.84,online,transfer,Karachi,10,1,1,2024-02-16 17:00:00,0
TXN0002243,732447.62,online,debit,Islamabad,0,3,1,2024-02-16 17:30:00,1
TXN0002244,3239.13,online,credit,Multan,15,2,1,2024-02-16 18:00:00,0
TXN0002245,8855.06,atm,debit,Lahore,12,1,1,2024-02-16 18:30:00,0
TXN0002246,1948.16,grocery,debit,Islamabad,15,0,1,2024-02-16 19:00:00,0
TXN0002247,7149.82,electronics,debit,Quetta,18,0,0,2024-02-16 19:30:00,0
TXN0002248,19553.74,restaurant,debit,Multan,21,1,0,2024-02-16 20:00:00,0
TXN0002249,12788.08,online,debit,Karachi,18,3,0,2024-02-16 20:30:00,0
TXN0002250,20352.95,online,debit,Islamabad,13,3,1,2024-02-16 21:00:00,0
TXN0002251,30719.84,travel,credit,Lahore,19,0,1,2024-02-16 21:30:00,0
TXN0002252,85.82,online,debit,Quetta,9,2,1,2024-02-16 22:00:00,0
TXN0002253,7798.59,grocery,transfer,Multan,18,5,0,2024-02-16 22:30:00,0
TXN0002254,4259.66,online,transfer,Peshawar,11,3,1,2024-02-16 23:00:00,0
TXN0002255,15720.59,healthcare,transfer,Quetta,16,2,1,2024-02-16 23:30:00,0
TXN0002256,2320.84,online,withdrawal,Lahore,11,6,0,2024-02-17 00:00:00,0
TXN0002257,31718.96,grocery,debit,Multan,12,3,1,2024-02-17 00:30:00,0
TXN0002258,7609.29,atm,debit,Lahore,12,5,0,2024-02-17 01:00:00,0
TXN0002259,12621.09,electronics,credit,Peshawar,17,1,1,2024-02-17 01:30:00,0
TXN0002260,715.89,grocery,credit,Quetta,15,4,1,2024-02-17 02:00:00,0
TXN0002261,1621.41,restaurant,credit,Islamabad,13,0,1,2024-02-17 02:30:00,0
TXN0002262,11363.9,grocery,debit,Islamabad,17,1,0,2024-02-17 03:00:00,0
TXN0002263,177.85,restaurant,credit,Quetta,14,3,1,2024-02-17 03:30:00,0
TXN0002264,13580.82,travel,withdrawal,Islamabad,13,5,0,2024-02-17 04:00:00,0
TXN0002265,112.38,atm,debit,Multan,21,0,1,2024-02-17 04:30:00,0
TXN0002266,8562.97,online,withdrawal,Quetta,21,4,0,2024-02-17 05:00:00,0
TXN0002267,3634.23,electronics,debit,Quetta,21,4,1,2024-02-17 05:30:00,0
TXN0002268,7563.59,online,debit,Lahore,12,5,0,2024-02-17 06:00:00,0
TXN0002269,9526.65,healthcare,debit,Karachi,12,5,0,2024-02-17 06:30:00,0
TXN0002270,3354.18,atm,credit,Lahore,10,3,1,2024-02-17 07:00:00,0
TXN0002271,913.98,online,credit,Islamabad,14,0,0,2024-02-17 07:30:00,0
TXN0002272,577.52,healthcare,credit,Karachi,20,6,0,2024-02-17 08:00:00,0
TXN0002273,7112.05,electronics,credit,Quetta,17,6,0,2024-02-17 08:30:00,0
TXN0002274,5882.68,grocery,debit,Islamabad,12,3,1,2024-02-17 09:00:00,0
TXN0002275,10844.6,grocery,debit,Peshawar,14,4,0,2024-02-17 09:30:00,0
TXN0002276,5702.48,atm,debit,Islamabad,9,1,1,2024-02-17 10:00:00,0
TXN0002277,4391.62,atm,withdrawal,Karachi,16,1,0,2024-02-17 10:30:00,0
TXN0002278,4061.14,online,debit,Karachi,15,2,0,2024-02-17 11:00:00,0
TXN0002279,214.42,restaurant,transfer,Quetta,12,4,0,2024-02-17 11:30:00,0
TXN0002280,3270.45,online,debit,Multan,9,6,0,2024-02-17 12:00:00,0
TXN0002281,29844.33,electronics,debit,Peshawar,13,6,1,2024-02-17 12:30:00,0
TXN0002282,16543.62,grocery,debit,Quetta,15,4,1,2024-02-17 13:00:00,0
TXN0002283,3196.4,restaurant,debit,Peshawar,14,3,0,2024-02-17 13:30:00,0
TXN0002284,7089.88,grocery,withdrawal,Peshawar,15,2,1,2024-02-17 14:00:00,0
TXN0002285,15034.07,online,transfer,Quetta,11,5,1,2024-02-17 14:30:00,0
TXN0002286,787783.69,electronics,withdrawal,Islamabad,3,2,0,2024-02-17 15:00:00,1
TXN0002287,144.97,electronics,transfer,Lahore,10,0,0,2024-02-17 15:30:00,0
TXN0002288,619.46,online,credit,Peshawar,14,3,0,2024-02-17 16:00:00,0
TXN0002289,5713.21,grocery,transfer,Karachi,9,5,0,2024-02-17 16:30:00,0
TXN0002290,27904.34,restaurant,credit,Quetta,21,5,0,2024-02-17 17:00:00,0
TXN0002291,9452.72,travel,transfer,Multan,12,6,0,2024-02-17 17:30:00,0
TXN0002292,588.45,online,debit,Islamabad,20,1,1,2024-02-17 18:00:00,0
TXN0002293,1679.46,atm,credit,Peshawar,14,0,0,2024-02-17 18:30:00,0
TXN0002294,11803.56,online,credit,Multan,8,2,0,2024-02-17 19:00:00,0
TXN0002295,14732.97,restaurant,debit,Islamabad,11,1,0,2024-02-17 19:30:00,0
TXN0002296,7692.28,grocery,credit,Quetta,9,4,1,2024-02-17 20:00:00,0
TXN0002297,8272.11,grocery,transfer,Multan,13,3,0,2024-02-17 20:30:00,0
TXN0002298,229.97,grocery,credit,Karachi,19,2,1,2024-02-17 21:00:00,0
TXN0002299,14106.79,restaurant,credit,Peshawar,8,4,1,2024-02-17 21:30:00,0
TXN0002300,12419.74,healthcare,debit,Peshawar,14,5,1,2024-02-17 22:00:00,0
TXN0002301,2398.42,electronics,transfer,Multan,10,6,0,2024-02-17 22:30:00,0
TXN0002302,9866.57,online,debit,Islamabad,19,2,1,2024-02-17 23:00:00,0
TXN0002303,1935.09,grocery,withdrawal,Quetta,8,1,0,2024-02-17 23:30:00,0
TXN0002304,329.33,grocery,withdrawal,Lahore,15,0,0,2024-02-18 00:00:00,0
TXN0002305,1796.52,online,withdrawal,Peshawar,14,1,0,2024-02-18 00:30:00,0
TXN0002306,1574.24,grocery,debit,Karachi,9,3,0,2024-02-18 01:00:00,0
TXN0002307,3296.87,travel,debit,Peshawar,14,6,1,2024-02-18 01:30:00,0
TXN0002308,4336.46,online,withdrawal,Peshawar,10,3,0,2024-02-18 02:00:00,0
TXN0002309,5682.98,atm,transfer,Lahore,20,2,1,2024-02-18 02:30:00,0
TXN0002310,5181.63,travel,withdrawal,Lahore,16,1,1,2024-02-18 03:00:00,0
TXN0002311,2525.08,online,credit,Quetta,15,0,0,2024-02-18 03:30:00,0
TXN0002312,236.84,online,credit,Peshawar,12,5,0,2024-02-18 04:00:00,0
TXN0002313,7433.01,grocery,debit,Peshawar,14,3,1,2024-02-18 04:30:00,0
TXN0002314,431719.28,atm,transfer,Islamabad,3,0,1,2024-02-18 05:00:00,1
TXN0002315,2838.24,grocery,transfer,Islamabad,8,4,0,2024-02-18 05:30:00,0
TXN0002316,16135.7,grocery,debit,Multan,8,2,0,2024-02-18 06:00:00,0
TXN0002317,10986.81,travel,debit,Multan,18,0,0,2024-02-18 06:30:00,0
TXN0002318,15602.23,restaurant,credit,Karachi,9,2,1,2024-02-18 07:00:00,0
TXN0002319,5465.3,grocery,transfer,Karachi,15,4,0,2024-02-18 07:30:00,0
TXN0002320,1122.66,grocery,debit,Islamabad,8,0,0,2024-02-18 08:00:00,0
TXN0002321,9531.65,grocery,debit,Multan,18,6,0,2024-02-18 08:30:00,0
TXN0002322,1846.12,electronics,debit,Karachi,19,0,0,2024-02-18 09:00:00,0
TXN0002323,4656.13,online,debit,Peshawar,12,5,1,2024-02-18 09:30:00,0
TXN0002324,537.68,grocery,withdrawal,Multan,16,4,1,2024-02-18 10:00:00,0
TXN0002325,13957.87,atm,transfer,Lahore,19,6,0,2024-02-18 10:30:00,0
TXN0002326,1076.86,atm,transfer,Multan,16,6,1,2024-02-18 11:00:00,0
TXN0002327,18672.4,online,transfer,Peshawar,9,1,0,2024-02-18 11:30:00,0
TXN0002328,15974.38,travel,debit,Islamabad,14,0,1,2024-02-18 12:00:00,0
TXN0002329,4997.67,electronics,transfer,Quetta,18,5,1,2024-02-18 12:30:00,0
TXN0002330,10912.14,electronics,withdrawal,Quetta,8,0,0,2024-02-18 13:00:00,0
TXN0002331,7729.0,online,transfer,Islamabad,10,5,0,2024-02-18 13:30:00,0
TXN0002332,12999.48,grocery,credit,Peshawar,13,6,0,2024-02-18 14:00:00,0
TXN0002333,4522.33,online,transfer,Karachi,16,3,0,2024-02-18 14:30:00,0
TXN0002334,12327.08,electronics,withdrawal,Multan,17,6,1,2024-02-18 15:00:00,0
TXN0002335,4965.97,grocery,debit,Multan,9,1,0,2024-02-18 15:30:00,0
TXN0002336,22637.11,electronics,debit,Karachi,14,0,0,2024-02-18 16:00:00,0
TXN0002337,5330.05,grocery,withdrawal,Quetta,11,4,0,2024-02-18 16:30:00,0
TXN0002338,4968.39,restaurant,withdrawal,Islamabad,9,2,0,2024-02-18 17:00:00,0
TXN0002339,12299.61,grocery,credit,Islamabad,10,4,0,2024-02-18 17:30:00,0
TXN0002340,13788.82,restaurant,debit,Lahore,13,1,0,2024-02-18 18:00:00,0
TXN0002341,6468.27,online,debit,Quetta,17,3,1,2024-02-18 18:30:00,0
TXN0002342,1585.64,restaurant,credit,Islamabad,16,3,0,2024-02-18 19:00:00,0
TXN0002343,5045.26,travel,withdrawal,Lahore,15,3,1,2024-02-18 19:30:00,0
TXN0002344,27554.3,restaurant,debit,Karachi,17,5,0,2024-02-18 20:00:00,0
TXN0002345,11186.49,grocery,credit,Quetta,21,4,1,2024-02-18 20:30:00,0
TXN0002346,13334.95,online,withdrawal,Quetta,18,2,1,2024-02-18 21:00:00,0
TXN0002347,267.01,grocery,debit,Islamabad,16,6,1,2024-02-18 21:30:00,0
TXN0002348,5046.78,travel,transfer,Islamabad,11,6,0,2024-02-18 22:00:00,0
TXN0002349,8321.72,online,debit,Peshawar,19,2,1,2024-02-18 22:30:00,0
TXN0002350,14177.19,online,transfer,Karachi,11,6,0,2024-02-18 23:00:00,0
TXN0002351,404.23,electronics,withdrawal,Karachi,16,5,1,2024-02-18 23:30:00,0
TXN0002352,15308.1,grocery,debit,Multan,15,0,0,2024-02-19 00:00:00,0
TXN0002353,6359.68,online,transfer,Lahore,19,5,0,2024-02-19 00:30:00,0
TXN0002354,1758.33,travel,withdrawal,Lahore,9,2,1,2024-02-19 01:00:00,0
TXN0002355,3053.07,grocery,withdrawal,Peshawar,15,2,0,2024-02-19 01:30:00,0
TXN0002356,2649.5,restaurant,credit,Multan,8,0,1,2024-02-19 02:00:00,0
TXN0002357,6054.82,healthcare,credit,Karachi,16,4,1,2024-02-19 02:30:00,0
TXN0002358,424.55,restaurant,debit,Lahore,16,4,0,2024-02-19 03:00:00,0
TXN0002359,1380.9,atm,debit,Karachi,20,1,1,2024-02-19 03:30:00,0
TXN0002360,13400.05,grocery,credit,Karachi,15,4,0,2024-02-19 04:00:00,0
TXN0002361,1138.08,healthcare,debit,Multan,18,3,1,2024-02-19 04:30:00,0
TXN0002362,2126.28,travel,transfer,Lahore,12,3,0,2024-02-19 05:00:00,0
TXN0002363,4831.87,grocery,credit,Islamabad,12,1,0,2024-02-19 05:30:00,0
TXN0002364,5823.91,atm,transfer,Islamabad,20,2,0,2024-02-19 06:00:00,0
TXN0002365,11538.19,grocery,transfer,Multan,10,1,1,2024-02-19 06:30:00,0
TXN0002366,4743.99,online,debit,Lahore,12,0,0,2024-02-19 07:00:00,0
TXN0002367,12480.03,grocery,credit,Peshawar,11,1,0,2024-02-19 07:30:00,0
TXN0002368,7705.93,travel,transfer,Quetta,8,1,0,2024-02-19 08:00:00,0
TXN0002369,960.18,online,debit,Multan,16,5,0,2024-02-19 08:30:00,0
TXN0002370,1359.96,travel,debit,Karachi,17,3,0,2024-02-19 09:00:00,0
TXN0002371,4596.28,grocery,transfer,Multan,21,0,0,2024-02-19 09:30:00,0
TXN0002372,4045.24,travel,debit,Quetta,11,5,0,2024-02-19 10:00:00,0
TXN0002373,10886.39,travel,transfer,Multan,10,0,0,2024-02-19 10:30:00,0
TXN0002374,6954.06,electronics,withdrawal,Lahore,13,1,0,2024-02-19 11:00:00,0
TXN0002375,3929.92,restaurant,credit,Karachi,8,5,1,2024-02-19 11:30:00,0
TXN0002376,1497.97,travel,transfer,Quetta,12,5,0,2024-02-19 12:00:00,0
TXN0002377,2058.12,restaurant,debit,Islamabad,14,0,0,2024-02-19 12:30:00,0
TXN0002378,6854.77,grocery,transfer,Peshawar,9,0,0,2024-02-19 13:00:00,0
TXN0002379,4405.39,electronics,transfer,Multan,17,4,1,2024-02-19 13:30:00,0
TXN0002380,5787.66,grocery,debit,Multan,16,6,0,2024-02-19 14:00:00,0
TXN0002381,1497.17,travel,credit,Quetta,19,0,0,2024-02-19 14:30:00,0
TXN0002382,8699.15,grocery,credit,Peshawar,13,5,1,2024-02-19 15:00:00,0
TXN0002383,15313.52,travel,debit,Multan,9,2,1,2024-02-19 15:30:00,0
TXN0002384,2386.6,electronics,withdrawal,Islamabad,15,0,1,2024-02-19 16:00:00,0
TXN0002385,5410.54,grocery,credit,Quetta,15,3,0,2024-02-19 16:30:00,0
TXN0002386,29681.59,online,credit,Lahore,8,4,0,2024-02-19 17:00:00,0
TXN0002387,3242.62,healthcare,debit,Karachi,19,3,0,2024-02-19 17:30:00,0
TXN0002388,7231.86,grocery,credit,Islamabad,8,6,0,2024-02-19 18:00:00,0
TXN0002389,756.21,atm,transfer,Peshawar,8,3,1,2024-02-19 18:30:00,0
TXN0002390,7451.54,atm,credit,Peshawar,19,2,1,2024-02-19 19:00:00,0
TXN0002391,751.25,travel,transfer,Islamabad,11,4,0,2024-02-19 19:30:00,0
TXN0002392,25599.54,restaurant,transfer,Lahore,11,6,1,2024-02-19 20:00:00,0
TXN0002393,10060.75,healthcare,debit,Multan,15,1,0,2024-02-19 20:30:00,0
TXN0002394,12415.38,electronics,credit,Lahore,8,5,0,2024-02-19 21:00:00,0
TXN0002395,9741.99,online,debit,Multan,17,5,0,2024-02-19 21:30:00,0
TXN0002396,7127.5,online,debit,Multan,10,0,0,2024-02-19 22:00:00,0
TXN0002397,4781.43,travel,debit,Peshawar,18,5,1,2024-02-19 22:30:00,0
TXN0002398,15636.49,electronics,withdrawal,Multan,8,2,1,2024-02-19 23:00:00,0
TXN0002399,25141.93,restaurant,withdrawal,Islamabad,16,5,0,2024-02-19 23:30:00,0
TXN0002400,5529.77,atm,debit,Multan,17,2,0,2024-02-20 00:00:00,0
TXN0002401,21451.47,grocery,debit,Islamabad,19,1,1,2024-02-20 00:30:00,0
TXN0002402,7003.74,grocery,debit,Karachi,16,2,1,2024-02-20 01:00:00,0
TXN0002403,6184.18,restaurant,transfer,Peshawar,14,1,0,2024-02-20 01:30:00,0
TXN0002404,4848.17,grocery,credit,Lahore,20,1,1,2024-02-20 02:00:00,0
TXN0002405,1878.57,online,credit,Quetta,19,1,1,2024-02-20 02:30:00,0
TXN0002406,29.81,grocery,credit,Lahore,15,2,1,2024-02-20 03:00:00,0
TXN0002407,2211.37,grocery,transfer,Lahore,8,6,0,2024-02-20 03:30:00,0
TXN0002408,290747.78,grocery,debit,Quetta,23,1,1,2024-02-20 04:00:00,1
TXN0002409,3823.77,electronics,debit,Peshawar,21,6,1,2024-02-20 04:30:00,0
TXN0002410,4760.69,grocery,debit,Multan,9,2,1,2024-02-20 05:00:00,0
TXN0002411,31559.77,online,credit,Karachi,20,4,1,2024-02-20 05:30:00,0
TXN0002412,3449.62,online,withdrawal,Lahore,8,1,1,2024-02-20 06:00:00,0
TXN0002413,4814.51,electronics,debit,Multan,10,2,0,2024-02-20 06:30:00,0
TXN0002414,1146.49,atm,debit,Lahore,14,2,1,2024-02-20 07:00:00,0
TXN0002415,339715.78,travel,withdrawal,Peshawar,3,6,1,2024-02-20 07:30:00,1
TXN0002416,11947.81,travel,debit,Peshawar,18,2,1,2024-02-20 08:00:00,0
TXN0002417,6764.48,travel,debit,Islamabad,9,0,1,2024-02-20 08:30:00,0
TXN0002418,11440.46,travel,transfer,Peshawar,9,6,0,2024-02-20 09:00:00,0
TXN0002419,1298.86,healthcare,transfer,Peshawar,11,6,0,2024-02-20 09:30:00,0
TXN0002420,6785.86,online,credit,Lahore,19,0,0,2024-02-20 10:00:00,0
TXN0002421,2340.4,electronics,transfer,Karachi,10,1,1,2024-02-20 10:30:00,0
TXN0002422,2070.81,atm,transfer,Lahore,10,5,1,2024-02-20 11:00:00,0
TXN0002423,92.74,electronics,debit,Multan,17,4,0,2024-02-20 11:30:00,0
TXN0002424,1117.23,grocery,transfer,Peshawar,12,5,0,2024-02-20 12:00:00,0
TXN0002425,2960.03,travel,credit,Islamabad,10,1,0,2024-02-20 12:30:00,0
TXN0002426,994.34,atm,withdrawal,Karachi,18,3,0,2024-02-20 13:00:00,0
TXN0002427,34069.1,electronics,withdrawal,Islamabad,14,3,0,2024-02-20 13:30:00,0
TXN0002428,2952.67,restaurant,debit,Quetta,12,4,0,2024-02-20 14:00:00,0
TXN0002429,1117.08,electronics,credit,Islamabad,11,6,1,2024-02-20 14:30:00,0
TXN0002430,1775.98,electronics,debit,Islamabad,19,4,1,2024-02-20 15:00:00,0
TXN0002431,7088.09,healthcare,debit,Multan,10,4,0,2024-02-20 15:30:00,0
TXN0002432,557654.21,travel,credit,Peshawar,23,0,1,2024-02-20 16:00:00,1
TXN0002433,15869.22,atm,transfer,Multan,11,0,1,2024-02-20 16:30:00,0
TXN0002434,497106.99,atm,credit,Peshawar,3,3,0,2024-02-20 17:00:00,1
TXN0002435,2266.84,restaurant,credit,Multan,19,4,0,2024-02-20 17:30:00,0
TXN0002436,4784.08,grocery,transfer,Peshawar,9,2,1,2024-02-20 18:00:00,0
TXN0002437,179.06,electronics,transfer,Peshawar,8,5,1,2024-02-20 18:30:00,0
TXN0002438,8189.01,atm,transfer,Peshawar,10,3,1,2024-02-20 19:00:00,0
TXN0002439,4274.47,online,debit,Islamabad,18,4,0,2024-02-20 19:30:00,0
TXN0002440,2518.33,online,transfer,Quetta,9,2,1,2024-02-20 20:00:00,0
TXN0002441,1853.81,grocery,withdrawal,Peshawar,8,4,0,2024-02-20 20:30:00,0
TXN0002442,8491.07,electronics,debit,Quetta,8,6,0,2024-02-20 21:00:00,0
TXN0002443,4305.81,online,credit,Quetta,9,1,1,2024-02-20 21:30:00,0
TXN0002444,1584.28,electronics,withdrawal,Lahore,20,2,0,2024-02-20 22:00:00,0
TXN0002445,9346.51,grocery,credit,Lahore,20,6,0,2024-02-20 22:30:00,0
TXN0002446,6660.6,grocery,credit,Karachi,16,5,0,2024-02-20 23:00:00,0
TXN0002447,15653.38,grocery,debit,Multan,20,1,1,2024-02-20 23:30:00,0
TXN0002448,999.75,atm,credit,Lahore,20,6,1,2024-02-21 00:00:00,0
TXN0002449,12321.78,atm,credit,Peshawar,12,0,1,2024-02-21 00:30:00,0
TXN0002450,8955.01,grocery,debit,Quetta,16,3,0,2024-02-21 01:00:00,0
TXN0002451,229063.83,grocery,credit,Multan,1,4,1,2024-02-21 01:30:00,1
TXN0002452,9494.85,online,debit,Karachi,20,3,0,2024-02-21 02:00:00,0
TXN0002453,4660.68,electronics,transfer,Lahore,18,5,1,2024-02-21 02:30:00,0
TXN0002454,23201.16,atm,withdrawal,Islamabad,13,4,0,2024-02-21 03:00:00,0
TXN0002455,1221.59,atm,credit,Multan,8,1,1,2024-02-21 03:30:00,0
TXN0002456,8236.42,restaurant,credit,Karachi,17,2,1,2024-02-21 04:00:00,0
TXN0002457,3849.88,online,credit,Peshawar,12,2,0,2024-02-21 04:30:00,0
TXN0002458,25138.04,electronics,debit,Multan,19,4,0,2024-02-21 05:00:00,0
TXN0002459,3203.52,online,withdrawal,Quetta,8,1,1,2024-02-21 05:30:00,0
TXN0002460,650103.19,grocery,debit,Peshawar,2,4,1,2024-02-21 06:00:00,1
TXN0002461,18540.44,grocery,debit,Peshawar,17,4,0,2024-02-21 06:30:00,0
TXN0002462,2521.89,grocery,credit,Multan,21,6,1,2024-02-21 07:00:00,0
TXN0002463,13018.44,travel,transfer,Islamabad,18,4,0,2024-02-21 07:30:00,0
TXN0002464,43416.85,grocery,debit,Islamabad,15,2,0,2024-02-21 08:00:00,0
TXN0002465,2329.91,grocery,debit,Multan,15,5,0,2024-02-21 08:30:00,0
TXN0002466,4592.64,online,transfer,Multan,14,4,0,2024-02-21 09:00:00,0
TXN0002467,5874.77,healthcare,debit,Multan,9,2,0,2024-02-21 09:30:00,0
TXN0002468,2795.68,grocery,debit,Quetta,12,0,0,2024-02-21 10:00:00,0
TXN0002469,123.06,online,debit,Lahore,11,1,0,2024-02-21 10:30:00,0
TXN0002470,1989.02,grocery,debit,Peshawar,12,0,0,2024-02-21 11:00:00,0
TXN0002471,284625.65,restaurant,credit,Multan,1,4,0,2024-02-21 11:30:00,1
TXN0002472,4690.14,electronics,transfer,Lahore,16,2,0,2024-02-21 12:00:00,0
TXN0002473,1501.27,restaurant,transfer,Quetta,11,1,0,2024-02-21 12:30:00,0
TXN0002474,16524.58,electronics,debit,Peshawar,19,3,0,2024-02-21 13:00:00,0
TXN0002475,9763.83,atm,debit,Lahore,15,1,0,2024-02-21 13:30:00,0
TXN0002476,712.4,grocery,debit,Peshawar,15,1,0,2024-02-21 14:00:00,0
TXN0002477,8400.69,electronics,debit,Islamabad,9,4,0,2024-02-21 14:30:00,0
TXN0002478,8482.59,grocery,debit,Multan,21,6,0,2024-02-21 15:00:00,0
TXN0002479,25028.84,electronics,debit,Islamabad,13,0,1,2024-02-21 15:30:00,0
TXN0002480,24.2,atm,debit,Karachi,12,0,1,2024-02-21 16:00:00,0
TXN0002481,2279.43,online,credit,Quetta,9,3,0,2024-02-21 16:30:00,0
TXN0002482,21025.58,travel,debit,Multan,19,4,1,2024-02-21 17:00:00,0
TXN0002483,21521.75,healthcare,debit,Lahore,17,1,1,2024-02-21 17:30:00,0
TXN0002484,10200.5,travel,debit,Peshawar,11,6,1,2024-02-21 18:00:00,0
TXN0002485,790526.35,healthcare,debit,Karachi,1,5,0,2024-02-21 18:30:00,1
TXN0002486,767.53,grocery,transfer,Quetta,20,0,0,2024-02-21 19:00:00,0
TXN0002487,5770.33,restaurant,debit,Quetta,8,0,0,2024-02-21 19:30:00,0
TXN0002488,2107.38,grocery,debit,Quetta,16,2,1,2024-02-21 20:00:00,0
TXN0002489,1599.5,online,debit,Lahore,17,1,1,2024-02-21 20:30:00,0
TXN0002490,13298.63,travel,debit,Multan,19,4,0,2024-02-21 21:00:00,0
TXN0002491,1160.56,online,transfer,Islamabad,8,0,1,2024-02-21 21:30:00,0
TXN0002492,5058.7,online,withdrawal,Karachi,19,6,1,2024-02-21 22:00:00,0
TXN0002493,22319.93,electronics,debit,Lahore,12,4,0,2024-02-21 22:30:00,0
TXN0002494,1644.71,healthcare,transfer,Peshawar,14,1,1,2024-02-21 23:00:00,0
TXN0002495,30531.31,healthcare,debit,Lahore,15,1,1,2024-02-21 23:30:00,0
TXN0002496,41321.47,healthcare,debit,Peshawar,9,0,0,2024-02-22 00:00:00,0
TXN0002497,6488.55,healthcare,debit,Peshawar,11,3,1,2024-02-22 00:30:00,0
TXN0002498,476978.74,atm,transfer,Quetta,3,4,0,2024-02-22 01:00:00,1
TXN0002499,3039.61,healthcare,debit,Lahore,11,4,0,2024-02-22 01:30:00,0
TXN0002500,4420.03,restaurant,withdrawal,Islamabad,13,2,0,2024-02-22 02:00:00,0
TXN0002501,2960.68,travel,credit,Peshawar,13,6,0,2024-02-22 02:30:00,0
TXN0002502,2635.1,atm,debit,Quetta,19,1,0,2024-02-22 03:00:00,0
TXN0002503,28670.31,restaurant,transfer,Islamabad,20,1,0,2024-02-22 03:30:00,0
TXN0002504,1331.88,atm,withdrawal,Lahore,9,0,0,2024-02-22 04:00:00,0
TXN0002505,10573.88,travel,transfer,Islamabad,18,0,1,2024-02-22 04:30:00,0
TXN0002506,3.28,grocery,transfer,Lahore,11,0,0,2024-02-22 05:00:00,0
TXN0002507,7254.34,atm,debit,Peshawar,11,2,1,2024-02-22 05:30:00,0
TXN0002508,19810.08,healthcare,debit,Karachi,21,6,1,2024-02-22 06:00:00,0
TXN0002509,2716.68,electronics,debit,Karachi,8,3,0,2024-02-22 06:30:00,0
TXN0002510,1641.7,grocery,credit,Multan,21,0,1,2024-02-22 07:00:00,0
TXN0002511,8437.06,electronics,withdrawal,Multan,9,0,0,2024-02-22 07:30:00,0
TXN0002512,9975.08,online,transfer,Peshawar,21,5,0,2024-02-22 08:00:00,0
TXN0002513,9318.8,electronics,transfer,Islamabad,10,6,0,2024-02-22 08:30:00,0
TXN0002514,3077.27,online,debit,Lahore,20,0,0,2024-02-22 09:00:00,0
TXN0002515,2324.98,healthcare,transfer,Karachi,18,2,0,2024-02-22 09:30:00,0
TXN0002516,24973.78,online,transfer,Lahore,12,4,0,2024-02-22 10:00:00,0
TXN0002517,20542.78,electronics,credit,Peshawar,18,3,1,2024-02-22 10:30:00,0
TXN0002518,4889.83,restaurant,credit,Islamabad,15,4,1,2024-02-22 11:00:00,0
TXN0002519,14976.5,online,transfer,Lahore,13,5,1,2024-02-22 11:30:00,0
TXN0002520,4816.56,grocery,credit,Islamabad,10,1,1,2024-02-22 12:00:00,0
TXN0002521,4418.59,travel,withdrawal,Karachi,13,1,1,2024-02-22 12:30:00,0
TXN0002522,1364.06,online,credit,Lahore,14,0,0,2024-02-22 13:00:00,0
TXN0002523,4446.67,atm,debit,Quetta,13,5,1,2024-02-22 13:30:00,0
TXN0002524,6167.43,restaurant,credit,Karachi,17,4,0,2024-02-22 14:00:00,0
TXN0002525,182.09,electronics,debit,Islamabad,13,2,0,2024-02-22 14:30:00,0
TXN0002526,4697.52,grocery,credit,Peshawar,8,3,0,2024-02-22 15:00:00,0
TXN0002527,12162.49,grocery,debit,Quetta,10,6,0,2024-02-22 15:30:00,0
TXN0002528,9116.63,atm,withdrawal,Multan,14,4,0,2024-02-22 16:00:00,0
TXN0002529,269491.32,atm,transfer,Lahore,1,5,0,2024-02-22 16:30:00,1
TXN0002530,19224.14,travel,debit,Multan,19,5,0,2024-02-22 17:00:00,0
TXN0002531,145.57,electronics,debit,Karachi,11,6,1,2024-02-22 17:30:00,0
TXN0002532,6514.34,healthcare,credit,Lahore,14,4,0,2024-02-22 18:00:00,0
TXN0002533,12384.82,restaurant,transfer,Lahore,16,3,0,2024-02-22 18:30:00,0
TXN0002534,6235.49,grocery,debit,Quetta,21,4,1,2024-02-22 19:00:00,0
TXN0002535,3131.26,atm,debit,Quetta,18,4,1,2024-02-22 19:30:00,0
TXN0002536,1171.78,online,credit,Quetta,20,3,0,2024-02-22 20:00:00,0
TXN0002537,17482.9,grocery,transfer,Quetta,20,2,1,2024-02-22 20:30:00,0
TXN0002538,5090.54,electronics,debit,Peshawar,9,6,0,2024-02-22 21:00:00,0
TXN0002539,16837.43,grocery,transfer,Islamabad,16,5,0,2024-02-22 21:30:00,0
TXN0002540,7052.26,electronics,withdrawal,Quetta,10,3,0,2024-02-22 22:00:00,0
TXN0002541,8971.58,online,debit,Karachi,13,0,0,2024-02-22 22:30:00,0
TXN0002542,13047.79,electronics,credit,Lahore,11,0,1,2024-02-22 23:00:00,0
TXN0002543,8610.63,electronics,debit,Multan,8,0,1,2024-02-22 23:30:00,0
TXN0002544,4060.71,online,debit,Quetta,16,0,1,2024-02-23 00:00:00,0
TXN0002545,5766.34,grocery,debit,Karachi,18,6,0,2024-02-23 00:30:00,0
TXN0002546,12998.26,atm,credit,Peshawar,13,1,0,2024-02-23 01:00:00,0
TXN0002547,3742.77,travel,transfer,Karachi,15,2,1,2024-02-23 01:30:00,0
TXN0002548,3929.77,travel,credit,Multan,9,1,1,2024-02-23 02:00:00,0
TXN0002549,804.67,healthcare,debit,Multan,14,4,0,2024-02-23 02:30:00,0
TXN0002550,19681.82,electronics,debit,Karachi,13,4,1,2024-02-23 03:00:00,0
TXN0002551,763.6,online,credit,Peshawar,9,3,1,2024-02-23 03:30:00,0
TXN0002552,8357.75,electronics,debit,Multan,9,0,0,2024-02-23 04:00:00,0
TXN0002553,4264.49,restaurant,debit,Peshawar,11,3,1,2024-02-23 04:30:00,0
TXN0002554,4161.88,atm,credit,Lahore,11,4,0,2024-02-23 05:00:00,0
TXN0002555,9104.28,grocery,withdrawal,Quetta,10,0,1,2024-02-23 05:30:00,0
TXN0002556,555.6,online,debit,Multan,15,6,1,2024-02-23 06:00:00,0
TXN0002557,7205.42,grocery,transfer,Karachi,21,5,0,2024-02-23 06:30:00,0
TXN0002558,11828.39,healthcare,debit,Islamabad,14,2,0,2024-02-23 07:00:00,0
TXN0002559,14091.99,electronics,credit,Islamabad,9,4,0,2024-02-23 07:30:00,0
TXN0002560,1495.75,atm,credit,Lahore,10,5,0,2024-02-23 08:00:00,0
TXN0002561,18216.82,electronics,transfer,Islamabad,17,3,0,2024-02-23 08:30:00,0
TXN0002562,8540.31,online,credit,Lahore,16,5,0,2024-02-23 09:00:00,0
TXN0002563,17086.73,healthcare,debit,Quetta,20,3,1,2024-02-23 09:30:00,0
TXN0002564,5313.07,restaurant,debit,Lahore,12,4,1,2024-02-23 10:00:00,0
TXN0002565,6247.67,grocery,debit,Peshawar,9,1,0,2024-02-23 10:30:00,0
TXN0002566,20110.23,online,credit,Peshawar,10,6,0,2024-02-23 11:00:00,0
TXN0002567,18413.45,electronics,transfer,Peshawar,15,6,0,2024-02-23 11:30:00,0
TXN0002568,4755.99,travel,credit,Multan,11,2,1,2024-02-23 12:00:00,0
TXN0002569,2566.19,electronics,transfer,Peshawar,21,6,1,2024-02-23 12:30:00,0
TXN0002570,3996.06,electronics,debit,Peshawar,9,5,1,2024-02-23 13:00:00,0
TXN0002571,3925.1,online,credit,Peshawar,9,6,1,2024-02-23 13:30:00,0
TXN0002572,2704.7,grocery,debit,Peshawar,13,5,0,2024-02-23 14:00:00,0
TXN0002573,2502.14,online,debit,Multan,15,4,1,2024-02-23 14:30:00,0
TXN0002574,15789.87,electronics,credit,Peshawar,14,6,1,2024-02-23 15:00:00,0
TXN0002575,579.38,electronics,transfer,Peshawar,11,4,1,2024-02-23 15:30:00,0
TXN0002576,537640.37,atm,debit,Quetta,1,6,0,2024-02-23 16:00:00,1
TXN0002577,1517.86,grocery,transfer,Multan,16,3,1,2024-02-23 16:30:00,0
TXN0002578,3378.93,electronics,transfer,Peshawar,11,0,0,2024-02-23 17:00:00,0
TXN0002579,508.15,travel,debit,Lahore,16,0,1,2024-02-23 17:30:00,0
TXN0002580,2517.4,travel,transfer,Quetta,12,0,1,2024-02-23 18:00:00,0
TXN0002581,11702.68,online,debit,Multan,21,3,1,2024-02-23 18:30:00,0
TXN0002582,17303.65,electronics,debit,Islamabad,19,0,0,2024-02-23 19:00:00,0
TXN0002583,2003.37,grocery,debit,Karachi,19,4,1,2024-02-23 19:30:00,0
TXN0002584,4982.22,restaurant,debit,Multan,18,1,1,2024-02-23 20:00:00,0
TXN0002585,5083.92,healthcare,transfer,Quetta,18,1,0,2024-02-23 20:30:00,0
TXN0002586,16544.87,grocery,transfer,Peshawar,21,6,1,2024-02-23 21:00:00,0
TXN0002587,11510.78,online,debit,Quetta,14,1,1,2024-02-23 21:30:00,0
TXN0002588,5757.2,electronics,debit,Karachi,19,0,1,2024-02-23 22:00:00,0
TXN0002589,8887.44,electronics,debit,Karachi,12,1,1,2024-02-23 22:30:00,0
TXN0002590,15037.13,electronics,transfer,Multan,9,5,1,2024-02-23 23:00:00,0
TXN0002591,76.68,online,debit,Peshawar,13,0,0,2024-02-23 23:30:00,0
TXN0002592,4125.23,grocery,credit,Peshawar,14,5,1,2024-02-24 00:00:00,0
TXN0002593,19022.19,restaurant,transfer,Lahore,21,4,1,2024-02-24 00:30:00,0
TXN0002594,10786.23,travel,credit,Karachi,18,5,0,2024-02-24 01:00:00,0
TXN0002595,6261.8,electronics,withdrawal,Peshawar,20,4,0,2024-02-24 01:30:00,0
TXN0002596,6034.13,atm,debit,Karachi,13,3,1,2024-02-24 02:00:00,0
TXN0002597,3418.87,grocery,withdrawal,Lahore,20,3,1,2024-02-24 02:30:00,0
TXN0002598,5880.43,travel,debit,Islamabad,21,6,1,2024-02-24 03:00:00,0
TXN0002599,8522.58,electronics,debit,Karachi,10,5,0,2024-02-24 03:30:00,0
TXN0002600,4335.27,electronics,transfer,Lahore,17,2,1,2024-02-24 04:00:00,0
TXN0002601,10018.39,electronics,transfer,Lahore,15,4,0,2024-02-24 04:30:00,0
TXN0002602,15799.63,grocery,transfer,Lahore,10,0,0,2024-02-24 05:00:00,0
TXN0002603,1344.37,grocery,debit,Quetta,21,2,0,2024-02-24 05:30:00,0
TXN0002604,4805.23,grocery,withdrawal,Multan,12,4,1,2024-02-24 06:00:00,0
TXN0002605,4194.26,healthcare,debit,Peshawar,16,0,1,2024-02-24 06:30:00,0
TXN0002606,9304.31,grocery,debit,Karachi,18,4,1,2024-02-24 07:00:00,0
TXN0002607,2300.04,grocery,debit,Multan,12,4,0,2024-02-24 07:30:00,0
TXN0002608,8178.79,healthcare,transfer,Quetta,14,0,1,2024-02-24 08:00:00,0
TXN0002609,16796.45,online,transfer,Karachi,18,4,1,2024-02-24 08:30:00,0
TXN0002610,4332.09,travel,credit,Multan,21,4,0,2024-02-24 09:00:00,0
TXN0002611,19354.36,grocery,debit,Quetta,14,4,0,2024-02-24 09:30:00,0
TXN0002612,39884.11,online,debit,Peshawar,12,6,0,2024-02-24 10:00:00,0
TXN0002613,897.22,grocery,debit,Lahore,9,3,0,2024-02-24 10:30:00,0
TXN0002614,2122.7,online,credit,Multan,12,1,0,2024-02-24 11:00:00,0
TXN0002615,24026.85,healthcare,transfer,Multan,14,4,1,2024-02-24 11:30:00,0
TXN0002616,25423.35,online,credit,Karachi,14,6,0,2024-02-24 12:00:00,0
TXN0002617,822.53,grocery,withdrawal,Lahore,11,0,1,2024-02-24 12:30:00,0
TXN0002618,120.9,online,debit,Peshawar,8,5,0,2024-02-24 13:00:00,0
TXN0002619,1405.31,online,debit,Karachi,13,4,1,2024-02-24 13:30:00,0
TXN0002620,44197.3,online,credit,Islamabad,20,6,1,2024-02-24 14:00:00,0
TXN0002621,1587.6,travel,transfer,Islamabad,21,3,0,2024-02-24 14:30:00,0
TXN0002622,5586.04,online,credit,Islamabad,10,6,0,2024-02-24 15:00:00,0
TXN0002623,15093.01,online,withdrawal,Peshawar,18,3,1,2024-02-24 15:30:00,0
TXN0002624,164.9,healthcare,credit,Islamabad,12,5,0,2024-02-24 16:00:00,0
TXN0002625,682796.59,atm,debit,Multan,0,4,0,2024-02-24 16:30:00,1
TXN0002626,2595.05,electronics,debit,Karachi,20,2,0,2024-02-24 17:00:00,0
TXN0002627,15863.45,atm,transfer,Multan,9,5,0,2024-02-24 17:30:00,0
TXN0002628,2666.58,grocery,transfer,Islamabad,19,1,0,2024-02-24 18:00:00,0
TXN0002629,9286.18,atm,debit,Karachi,14,0,0,2024-02-24 18:30:00,0
TXN0002630,8972.25,grocery,debit,Multan,21,6,0,2024-02-24 19:00:00,0
TXN0002631,2003.02,travel,credit,Peshawar,12,0,0,2024-02-24 19:30:00,0
TXN0002632,283.35,atm,credit,Lahore,21,0,1,2024-02-24 20:00:00,0
TXN0002633,4210.89,electronics,debit,Multan,14,0,1,2024-02-24 20:30:00,0
TXN0002634,2730.84,atm,credit,Quetta,16,3,0,2024-02-24 21:00:00,0
TXN0002635,13242.92,online,debit,Islamabad,11,6,0,2024-02-24 21:30:00,0
TXN0002636,490848.84,electronics,withdrawal,Quetta,0,1,1,2024-02-24 22:00:00,1
TXN0002637,4885.52,travel,debit,Lahore,16,4,0,2024-02-24 22:30:00,0
TXN0002638,7461.64,restaurant,transfer,Peshawar,20,4,0,2024-02-24 23:00:00,0
TXN0002639,7415.97,grocery,credit,Multan,17,2,0,2024-02-24 23:30:00,0
TXN0002640,14043.03,online,debit,Peshawar,18,4,0,2024-02-25 00:00:00,0
TXN0002641,4427.12,atm,credit,Lahore,21,1,1,2024-02-25 00:30:00,0
TXN0002642,2577.6,restaurant,debit,Quetta,20,4,0,2024-02-25 01:00:00,0
TXN0002643,2463.46,atm,transfer,Multan,11,3,1,2024-02-25 01:30:00,0
TXN0002644,6146.28,online,credit,Islamabad,12,5,0,2024-02-25 02:00:00,0
TXN0002645,4770.32,restaurant,debit,Karachi,20,4,1,2024-02-25 02:30:00,0
TXN0002646,4640.27,atm,debit,Peshawar,12,0,1,2024-02-25 03:00:00,0
TXN0002647,764.49,atm,transfer,Lahore,15,0,1,2024-02-25 03:30:00,0
TXN0002648,10143.93,grocery,debit,Multan,20,5,0,2024-02-25 04:00:00,0
TXN0002649,1923.71,electronics,credit,Quetta,11,0,0,2024-02-25 04:30:00,0
TXN0002650,1754.74,online,debit,Islamabad,11,0,0,2024-02-25 05:00:00,0
TXN0002651,4258.55,online,withdrawal,Quetta,20,3,1,2024-02-25 05:30:00,0
TXN0002652,2067.87,electronics,credit,Islamabad,14,3,0,2024-02-25 06:00:00,0
TXN0002653,7013.83,grocery,transfer,Multan,18,3,0,2024-02-25 06:30:00,0
TXN0002654,3714.89,online,debit,Karachi,12,4,1,2024-02-25 07:00:00,0
TXN0002655,4766.88,electronics,debit,Karachi,13,5,0,2024-02-25 07:30:00,0
TXN0002656,6163.15,grocery,debit,Lahore,13,0,1,2024-02-25 08:00:00,0
TXN0002657,1820.58,electronics,debit,Lahore,19,2,0,2024-02-25 08:30:00,0
TXN0002658,1354.47,atm,transfer,Islamabad,13,5,1,2024-02-25 09:00:00,0
TXN0002659,16990.28,travel,credit,Islamabad,21,2,1,2024-02-25 09:30:00,0
TXN0002660,4549.39,grocery,debit,Islamabad,17,0,1,2024-02-25 10:00:00,0
TXN0002661,4249.5,grocery,transfer,Islamabad,12,1,1,2024-02-25 10:30:00,0
TXN0002662,290.09,travel,debit,Multan,20,5,1,2024-02-25 11:00:00,0
TXN0002663,5512.86,atm,debit,Multan,20,4,1,2024-02-25 11:30:00,0
TXN0002664,6462.54,online,transfer,Karachi,12,2,1,2024-02-25 12:00:00,0
TXN0002665,6546.8,grocery,credit,Lahore,16,5,0,2024-02-25 12:30:00,0
TXN0002666,9821.51,travel,credit,Lahore,20,5,1,2024-02-25 13:00:00,0
TXN0002667,1563.08,restaurant,debit,Peshawar,15,3,0,2024-02-25 13:30:00,0
TXN0002668,2325.21,grocery,debit,Lahore,11,1,0,2024-02-25 14:00:00,0
TXN0002669,13316.67,online,debit,Lahore,14,3,0,2024-02-25 14:30:00,0
TXN0002670,23525.5,electronics,transfer,Quetta,15,1,1,2024-02-25 15:00:00,0
TXN0002671,1168.84,grocery,credit,Quetta,19,1,0,2024-02-25 15:30:00,0
TXN0002672,5507.66,grocery,debit,Peshawar,16,4,1,2024-02-25 16:00:00,0
TXN0002673,1928.18,online,transfer,Islamabad,12,5,0,2024-02-25 16:30:00,0
TXN0002674,495.63,grocery,credit,Peshawar,10,3,1,2024-02-25 17:00:00,0
TXN0002675,3150.31,grocery,transfer,Peshawar,20,3,1,2024-02-25 17:30:00,0
TXN0002676,1240.96,electronics,debit,Karachi,11,2,0,2024-02-25 18:00:00,0
TXN0002677,9901.15,grocery,debit,Multan,17,5,1,2024-02-25 18:30:00,0
TXN0002678,6103.84,travel,debit,Lahore,13,0,0,2024-02-25 19:00:00,0
TXN0002679,1242.33,grocery,debit,Karachi,17,0,1,2024-02-25 19:30:00,0
TXN0002680,74.28,electronics,transfer,Multan,18,2,1,2024-02-25 20:00:00,0
TXN0002681,13208.63,atm,transfer,Lahore,12,1,0,2024-02-25 20:30:00,0
TXN0002682,1550.57,online,credit,Peshawar,16,2,1,2024-02-25 21:00:00,0
TXN0002683,7455.63,travel,transfer,Lahore,20,2,0,2024-02-25 21:30:00,0
TXN0002684,3286.9,grocery,debit,Islamabad,18,3,0,2024-02-25 22:00:00,0
TXN0002685,7045.19,online,withdrawal,Islamabad,18,2,0,2024-02-25 22:30:00,0
TXN0002686,3034.33,grocery,withdrawal,Peshawar,21,6,1,2024-02-25 23:00:00,0
TXN0002687,727.63,grocery,credit,Quetta,10,1,0,2024-02-25 23:30:00,0
TXN0002688,2018.0,online,debit,Islamabad,9,0,0,2024-02-26 00:00:00,0
TXN0002689,1666.62,restaurant,transfer,Peshawar,13,4,0,2024-02-26 00:30:00,0
TXN0002690,4469.2,travel,debit,Karachi,20,5,0,2024-02-26 01:00:00,0
TXN0002691,8590.2,grocery,transfer,Quetta,14,2,1,2024-02-26 01:30:00,0
TXN0002692,2450.09,restaurant,debit,Islamabad,12,5,1,2024-02-26 02:00:00,0
TXN0002693,97.15,grocery,credit,Peshawar,8,2,0,2024-02-26 02:30:00,0
TXN0002694,616120.59,restaurant,credit,Peshawar,2,6,0,2024-02-26 03:00:00,1
TXN0002695,7446.35,electronics,debit,Karachi,10,5,0,2024-02-26 03:30:00,0
TXN0002696,26346.75,electronics,debit,Karachi,19,3,0,2024-02-26 04:00:00,0
TXN0002697,7122.47,online,debit,Quetta,21,3,0,2024-02-26 04:30:00,0
TXN0002698,5096.74,healthcare,credit,Multan,11,5,0,2024-02-26 05:00:00,0
TXN0002699,6815.3,restaurant,transfer,Islamabad,21,2,1,2024-02-26 05:30:00,0
TXN0002700,21037.68,travel,debit,Peshawar,17,6,0,2024-02-26 06:00:00,0
TXN0002701,315911.16,online,transfer,Quetta,2,6,0,2024-02-26 06:30:00,1
TXN0002702,3120.42,online,debit,Quetta,12,2,0,2024-02-26 07:00:00,0
TXN0002703,2166.65,online,transfer,Karachi,8,1,0,2024-02-26 07:30:00,0
TXN0002704,2437.36,atm,withdrawal,Peshawar,13,0,0,2024-02-26 08:00:00,0
TXN0002705,5616.23,grocery,debit,Lahore,21,0,0,2024-02-26 08:30:00,0
TXN0002706,10902.17,electronics,withdrawal,Multan,21,6,1,2024-02-26 09:00:00,0
TXN0002707,5596.85,healthcare,credit,Multan,16,4,1,2024-02-26 09:30:00,0
TXN0002708,561.63,restaurant,debit,Karachi,18,0,0,2024-02-26 10:00:00,0
TXN0002709,10286.69,grocery,transfer,Peshawar,8,4,1,2024-02-26 10:30:00,0
TXN0002710,13117.95,grocery,debit,Quetta,15,3,0,2024-02-26 11:00:00,0
TXN0002711,2734.27,healthcare,debit,Multan,15,4,1,2024-02-26 11:30:00,0
TXN0002712,8728.15,travel,credit,Quetta,10,4,0,2024-02-26 12:00:00,0
TXN0002713,4449.26,online,transfer,Islamabad,20,0,0,2024-02-26 12:30:00,0
TXN0002714,17594.41,grocery,transfer,Lahore,16,6,0,2024-02-26 13:00:00,0
TXN0002715,14926.29,restaurant,debit,Karachi,18,2,1,2024-02-26 13:30:00,0
TXN0002716,5962.8,grocery,withdrawal,Multan,20,6,1,2024-02-26 14:00:00,0
TXN0002717,277801.28,grocery,transfer,Islamabad,3,3,0,2024-02-26 14:30:00,1
TXN0002718,17188.6,grocery,withdrawal,Islamabad,18,1,0,2024-02-26 15:00:00,0
TXN0002719,5476.94,restaurant,debit,Lahore,15,4,1,2024-02-26 15:30:00,0
TXN0002720,3006.29,atm,transfer,Karachi,10,4,0,2024-02-26 16:00:00,0
TXN0002721,11208.54,atm,transfer,Karachi,17,5,0,2024-02-26 16:30:00,0
TXN0002722,1988.37,electronics,debit,Quetta,12,4,0,2024-02-26 17:00:00,0
TXN0002723,3935.13,restaurant,withdrawal,Karachi,10,6,1,2024-02-26 17:30:00,0
TXN0002724,16063.06,atm,debit,Islamabad,12,2,1,2024-02-26 18:00:00,0
TXN0002725,10311.09,atm,debit,Quetta,16,1,0,2024-02-26 18:30:00,0
TXN0002726,4137.58,healthcare,withdrawal,Karachi,19,6,0,2024-02-26 19:00:00,0
TXN0002727,1933.97,electronics,withdrawal,Lahore,11,5,1,2024-02-26 19:30:00,0
TXN0002728,3520.06,online,debit,Islamabad,13,6,0,2024-02-26 20:00:00,0
TXN0002729,2673.76,restaurant,debit,Peshawar,10,0,0,2024-02-26 20:30:00,0
TXN0002730,1549.54,atm,transfer,Lahore,10,3,0,2024-02-26 21:00:00,0
TXN0002731,10879.8,online,withdrawal,Lahore,12,2,0,2024-02-26 21:30:00,0
TXN0002732,2323.57,grocery,credit,Karachi,15,1,1,2024-02-26 22:00:00,0
TXN0002733,4843.54,online,credit,Quetta,21,3,0,2024-02-26 22:30:00,0
TXN0002734,3900.25,online,transfer,Quetta,15,0,0,2024-02-26 23:00:00,0
TXN0002735,32173.53,grocery,debit,Islamabad,10,3,0,2024-02-26 23:30:00,0
TXN0002736,521550.51,restaurant,withdrawal,Karachi,1,5,1,2024-02-27 00:00:00,1
TXN0002737,666.9,electronics,debit,Quetta,20,4,1,2024-02-27 00:30:00,0
TXN0002738,79254.82,electronics,credit,Multan,22,4,1,2024-02-27 01:00:00,1
TXN0002739,7147.51,online,credit,Peshawar,20,2,0,2024-02-27 01:30:00,0
TXN0002740,7317.61,travel,credit,Multan,15,3,0,2024-02-27 02:00:00,0
TXN0002741,4340.72,grocery,transfer,Karachi,10,6,0,2024-02-27 02:30:00,0
TXN0002742,4522.87,electronics,withdrawal,Karachi,17,4,1,2024-02-27 03:00:00,0
TXN0002743,443.53,grocery,transfer,Quetta,20,2,1,2024-02-27 03:30:00,0
TXN0002744,5814.4,grocery,transfer,Lahore,17,2,0,2024-02-27 04:00:00,0
TXN0002745,5621.37,grocery,debit,Karachi,9,5,0,2024-02-27 04:30:00,0
TXN0002746,1295.91,grocery,transfer,Lahore,17,2,1,2024-02-27 05:00:00,0
TXN0002747,877.09,electronics,debit,Islamabad,9,0,0,2024-02-27 05:30:00,0
TXN0002748,1055.21,online,debit,Islamabad,16,6,0,2024-02-27 06:00:00,0
TXN0002749,852.03,restaurant,debit,Quetta,14,4,0,2024-02-27 06:30:00,0
TXN0002750,7526.88,online,transfer,Islamabad,13,4,1,2024-02-27 07:00:00,0
TXN0002751,1750.05,atm,withdrawal,Multan,14,1,0,2024-02-27 07:30:00,0
TXN0002752,2316.73,electronics,transfer,Multan,15,0,1,2024-02-27 08:00:00,0
TXN0002753,1525.14,atm,debit,Multan,19,4,0,2024-02-27 08:30:00,0
TXN0002754,25329.38,online,debit,Quetta,8,5,1,2024-02-27 09:00:00,0
TXN0002755,15427.09,travel,credit,Quetta,15,4,1,2024-02-27 09:30:00,0
TXN0002756,2096.06,grocery,debit,Multan,10,1,1,2024-02-27 10:00:00,0
TXN0002757,3174.81,electronics,debit,Lahore,10,3,0,2024-02-27 10:30:00,0
TXN0002758,1884.69,online,transfer,Multan,13,3,0,2024-02-27 11:00:00,0
TXN0002759,5416.24,travel,withdrawal,Lahore,11,0,0,2024-02-27 11:30:00,0
TXN0002760,158.44,restaurant,credit,Islamabad,11,2,1,2024-02-27 12:00:00,0
TXN0002761,8902.53,grocery,debit,Lahore,11,1,1,2024-02-27 12:30:00,0
TXN0002762,5924.56,grocery,transfer,Karachi,17,1,0,2024-02-27 13:00:00,0
TXN0002763,18312.53,online,transfer,Peshawar,16,4,1,2024-02-27 13:30:00,0
TXN0002764,1436.77,restaurant,transfer,Karachi,15,5,1,2024-02-27 14:00:00,0
TXN0002765,13041.59,electronics,debit,Karachi,10,4,0,2024-02-27 14:30:00,0
TXN0002766,12560.24,online,credit,Quetta,8,5,1,2024-02-27 15:00:00,0
TXN0002767,1088.22,grocery,withdrawal,Peshawar,8,1,0,2024-02-27 15:30:00,0
TXN0002768,4067.42,online,debit,Quetta,8,2,0,2024-02-27 16:00:00,0
TXN0002769,1492.11,atm,transfer,Lahore,11,3,1,2024-02-27 16:30:00,0
TXN0002770,2351.97,restaurant,debit,Multan,21,0,0,2024-02-27 17:00:00,0
TXN0002771,2444.01,grocery,credit,Lahore,13,6,1,2024-02-27 17:30:00,0
TXN0002772,6499.71,electronics,transfer,Peshawar,11,5,0,2024-02-27 18:00:00,0
TXN0002773,4240.22,online,credit,Islamabad,18,3,0,2024-02-27 18:30:00,0
TXN0002774,23611.09,grocery,transfer,Lahore,18,0,0,2024-02-27 19:00:00,0
TXN0002775,1080.79,online,credit,Karachi,10,2,0,2024-02-27 19:30:00,0
TXN0002776,29103.1,online,withdrawal,Peshawar,15,1,0,2024-02-27 20:00:00,0
TXN0002777,2097.56,electronics,credit,Peshawar,21,2,0,2024-02-27 20:30:00,0
TXN0002778,11858.0,atm,debit,Lahore,15,5,0,2024-02-27 21:00:00,0
TXN0002779,3311.65,electronics,credit,Lahore,13,1,1,2024-02-27 21:30:00,0
TXN0002780,1235.3,healthcare,transfer,Quetta,16,4,0,2024-02-27 22:00:00,0
TXN0002781,15609.19,atm,transfer,Quetta,19,0,0,2024-02-27 22:30:00,0
TXN0002782,497032.7,atm,credit,Karachi,1,4,1,2024-02-27 23:00:00,1
TXN0002783,8603.59,grocery,credit,Peshawar,8,1,1,2024-02-27 23:30:00,0
TXN0002784,6685.87,restaurant,transfer,Islamabad,20,6,0,2024-02-28 00:00:00,0
TXN0002785,5105.58,atm,transfer,Islamabad,15,0,1,2024-02-28 00:30:00,0
TXN0002786,252222.51,grocery,transfer,Peshawar,1,0,0,2024-02-28 01:00:00,1
TXN0002787,10541.25,electronics,transfer,Karachi,8,4,0,2024-02-28 01:30:00,0
TXN0002788,734.93,electronics,credit,Quetta,11,0,1,2024-02-28 02:00:00,0
TXN0002789,208573.44,healthcare,debit,Quetta,3,1,1,2024-02-28 02:30:00,1
TXN0002790,18092.47,restaurant,debit,Quetta,14,6,0,2024-02-28 03:00:00,0
TXN0002791,547144.84,restaurant,withdrawal,Islamabad,1,5,1,2024-02-28 03:30:00,1
TXN0002792,1212.66,atm,debit,Islamabad,16,5,0,2024-02-28 04:00:00,0
TXN0002793,10088.07,travel,credit,Karachi,19,1,0,2024-02-28 04:30:00,0
TXN0002794,4599.81,grocery,withdrawal,Islamabad,19,4,1,2024-02-28 05:00:00,0
TXN0002795,4134.06,grocery,debit,Lahore,13,2,0,2024-02-28 05:30:00,0
TXN0002796,1178.42,grocery,transfer,Islamabad,17,1,1,2024-02-28 06:00:00,0
TXN0002797,5654.24,online,transfer,Quetta,16,5,1,2024-02-28 06:30:00,0
TXN0002798,773264.93,restaurant,withdrawal,Karachi,2,1,1,2024-02-28 07:00:00,1
TXN0002799,5179.59,healthcare,debit,Peshawar,15,0,0,2024-02-28 07:30:00,0
TXN0002800,11538.36,electronics,debit,Peshawar,10,0,0,2024-02-28 08:00:00,0
TXN0002801,2390.1,online,withdrawal,Karachi,11,1,0,2024-02-28 08:30:00,0
TXN0002802,5243.52,online,debit,Lahore,17,4,1,2024-02-28 09:00:00,0
TXN0002803,661966.84,travel,credit,Peshawar,2,2,0,2024-02-28 09:30:00,1
TXN0002804,9283.49,online,transfer,Quetta,13,0,1,2024-02-28 10:00:00,0
TXN0002805,116297.73,electronics,debit,Peshawar,23,5,1,2024-02-28 10:30:00,1
TXN0002806,4287.06,restaurant,withdrawal,Peshawar,13,6,0,2024-02-28 11:00:00,0
TXN0002807,11683.35,atm,transfer,Quetta,8,0,1,2024-02-28 11:30:00,0
TXN0002808,330.82,atm,debit,Islamabad,12,5,0,2024-02-28 12:00:00,0
TXN0002809,1049.18,grocery,debit,Lahore,16,6,1,2024-02-28 12:30:00,0
TXN0002810,1815.91,grocery,debit,Quetta,12,2,0,2024-02-28 13:00:00,0
TXN0002811,4112.67,electronics,debit,Quetta,13,6,1,2024-02-28 13:30:00,0
TXN0002812,14953.18,atm,transfer,Multan,10,0,1,2024-02-28 14:00:00,0
TXN0002813,3400.44,restaurant,debit,Karachi,15,6,0,2024-02-28 14:30:00,0
TXN0002814,8504.91,travel,debit,Lahore,17,4,0,2024-02-28 15:00:00,0
TXN0002815,9884.1,atm,withdrawal,Islamabad,18,5,0,2024-02-28 15:30:00,0
TXN0002816,7058.64,travel,credit,Multan,20,0,0,2024-02-28 16:00:00,0
TXN0002817,3535.9,electronics,debit,Quetta,11,0,0,2024-02-28 16:30:00,0
TXN0002818,6884.07,atm,withdrawal,Multan,11,1,1,2024-02-28 17:00:00,0
TXN0002819,3351.63,atm,debit,Islamabad,18,4,1,2024-02-28 17:30:00,0
TXN0002820,700.81,grocery,withdrawal,Multan,19,4,0,2024-02-28 18:00:00,0
TXN0002821,39473.82,electronics,transfer,Multan,12,1,0,2024-02-28 18:30:00,0
TXN0002822,1088.23,travel,transfer,Multan,21,6,1,2024-02-28 19:00:00,0
TXN0002823,600.79,grocery,transfer,Quetta,17,5,1,2024-02-28 19:30:00,0
TXN0002824,16864.75,restaurant,credit,Quetta,16,3,0,2024-02-28 20:00:00,0
TXN0002825,2874.39,online,transfer,Karachi,20,2,0,2024-02-28 20:30:00,0
TXN0002826,8405.37,grocery,transfer,Peshawar,15,4,0,2024-02-28 21:00:00,0
TXN0002827,3191.96,grocery,debit,Lahore,14,3,1,2024-02-28 21:30:00,0
TXN0002828,3973.47,healthcare,credit,Karachi,12,5,1,2024-02-28 22:00:00,0
TXN0002829,2431.72,atm,transfer,Islamabad,16,2,1,2024-02-28 22:30:00,0
TXN0002830,3361.11,atm,credit,Multan,16,4,1,2024-02-28 23:00:00,0
TXN0002831,4230.56,grocery,transfer,Quetta,17,0,0,2024-02-28 23:30:00,0
TXN0002832,10195.62,restaurant,credit,Multan,17,4,0,2024-02-29 00:00:00,0
TXN0002833,5731.92,travel,credit,Quetta,9,2,0,2024-02-29 00:30:00,0
TXN0002834,22997.36,online,debit,Lahore,11,6,1,2024-02-29 01:00:00,0
TXN0002835,342.26,healthcare,debit,Karachi,15,3,1,2024-02-29 01:30:00,0
TXN0002836,714946.58,grocery,credit,Karachi,0,6,0,2024-02-29 02:00:00,1
TXN0002837,7020.88,travel,credit,Islamabad,21,0,0,2024-02-29 02:30:00,0
TXN0002838,20225.55,grocery,credit,Karachi,8,2,1,2024-02-29 03:00:00,0
TXN0002839,403.26,travel,transfer,Karachi,20,5,0,2024-02-29 03:30:00,0
TXN0002840,6817.14,electronics,transfer,Peshawar,12,6,0,2024-02-29 04:00:00,0
TXN0002841,15372.94,restaurant,transfer,Lahore,15,2,1,2024-02-29 04:30:00,0
TXN0002842,2215.81,electronics,debit,Multan,9,4,0,2024-02-29 05:00:00,0
TXN0002843,16718.67,online,credit,Karachi,9,5,1,2024-02-29 05:30:00,0
TXN0002844,153.82,restaurant,debit,Islamabad,20,1,0,2024-02-29 06:00:00,0
TXN0002845,10547.73,healthcare,credit,Multan,15,1,0,2024-02-29 06:30:00,0
TXN0002846,21638.03,online,debit,Quetta,17,6,0,2024-02-29 07:00:00,0
TXN0002847,8564.81,travel,debit,Karachi,19,0,1,2024-02-29 07:30:00,0
TXN0002848,4624.69,grocery,debit,Karachi,16,2,1,2024-02-29 08:00:00,0
TXN0002849,367.35,grocery,debit,Multan,14,3,1,2024-02-29 08:30:00,0
TXN0002850,20217.22,online,credit,Quetta,15,0,1,2024-02-29 09:00:00,0
TXN0002851,5083.5,grocery,withdrawal,Peshawar,12,5,0,2024-02-29 09:30:00,0
TXN0002852,235.4,electronics,debit,Lahore,8,6,1,2024-02-29 10:00:00,0
TXN0002853,9364.85,grocery,transfer,Peshawar,11,0,0,2024-02-29 10:30:00,0
TXN0002854,5259.73,online,credit,Islamabad,9,6,0,2024-02-29 11:00:00,0
TXN0002855,1062.27,travel,debit,Multan,10,4,0,2024-02-29 11:30:00,0
TXN0002856,1929.15,grocery,debit,Karachi,19,5,0,2024-02-29 12:00:00,0
TXN0002857,533.31,electronics,debit,Peshawar,10,3,0,2024-02-29 12:30:00,0
TXN0002858,6832.04,online,transfer,Lahore,16,2,0,2024-02-29 13:00:00,0
TXN0002859,7783.51,online,debit,Islamabad,20,5,0,2024-02-29 13:30:00,0
TXN0002860,5637.59,travel,debit,Peshawar,17,2,1,2024-02-29 14:00:00,0
TXN0002861,13590.62,atm,debit,Karachi,11,2,0,2024-02-29 14:30:00,0
TXN0002862,15786.76,grocery,credit,Lahore,9,0,1,2024-02-29 15:00:00,0
TXN0002863,7649.08,grocery,transfer,Karachi,10,4,0,2024-02-29 15:30:00,0
TXN0002864,102.71,grocery,debit,Karachi,10,0,1,2024-02-29 16:00:00,0
TXN0002865,9505.57,online,credit,Islamabad,21,1,0,2024-02-29 16:30:00,0
TXN0002866,4330.27,atm,credit,Lahore,14,1,1,2024-02-29 17:00:00,0
TXN0002867,6669.53,grocery,debit,Quetta,15,2,0,2024-02-29 17:30:00,0
TXN0002868,8377.59,online,debit,Karachi,20,4,1,2024-02-29 18:00:00,0
TXN0002869,3449.18,travel,credit,Lahore,18,5,1,2024-02-29 18:30:00,0
TXN0002870,19920.82,healthcare,credit,Karachi,20,2,1,2024-02-29 19:00:00,0
TXN0002871,1150.73,atm,transfer,Peshawar,13,5,0,2024-02-29 19:30:00,0
TXN0002872,8906.04,online,transfer,Peshawar,11,2,0,2024-02-29 20:00:00,0
TXN0002873,34.95,online,debit,Lahore,13,0,1,2024-02-29 20:30:00,0
TXN0002874,20685.01,healthcare,debit,Islamabad,20,2,1,2024-02-29 21:00:00,0
TXN0002875,954.81,healthcare,credit,Quetta,18,2,0,2024-02-29 21:30:00,0
TXN0002876,797.54,online,transfer,Peshawar,8,4,0,2024-02-29 22:00:00,0
TXN0002877,3239.81,travel,debit,Islamabad,20,4,0,2024-02-29 22:30:00,0
TXN0002878,3741.7,travel,withdrawal,Quetta,17,6,0,2024-02-29 23:00:00,0
TXN0002879,1929.44,travel,credit,Peshawar,15,5,0,2024-02-29 23:30:00,0
TXN0002880,7038.16,online,debit,Quetta,8,4,1,2024-03-01 00:00:00,0
TXN0002881,4680.29,electronics,transfer,Multan,12,2,1,2024-03-01 00:30:00,0
TXN0002882,278.19,restaurant,debit,Karachi,9,4,1,2024-03-01 01:00:00,0
TXN0002883,3081.21,travel,credit,Lahore,13,4,1,2024-03-01 01:30:00,0
TXN0002884,13304.1,atm,credit,Peshawar,16,3,0,2024-03-01 02:00:00,0
TXN0002885,9361.77,travel,debit,Peshawar,12,3,0,2024-03-01 02:30:00,0
TXN0002886,10324.12,atm,transfer,Karachi,11,1,1,2024-03-01 03:00:00,0
TXN0002887,9581.72,electronics,transfer,Peshawar,21,0,0,2024-03-01 03:30:00,0
TXN0002888,2979.8,online,debit,Peshawar,9,6,0,2024-03-01 04:00:00,0
TXN0002889,839.9,travel,debit,Multan,19,6,1,2024-03-01 04:30:00,0
TXN0002890,2544.77,electronics,debit,Peshawar,10,0,1,2024-03-01 05:00:00,0
TXN0002891,14260.11,restaurant,transfer,Peshawar,13,4,0,2024-03-01 05:30:00,0
TXN0002892,31486.76,grocery,debit,Peshawar,15,1,1,2024-03-01 06:00:00,0
TXN0002893,5447.33,travel,credit,Islamabad,21,1,0,2024-03-01 06:30:00,0
TXN0002894,77.98,grocery,debit,Peshawar,15,5,1,2024-03-01 07:00:00,0
TXN0002895,1207.0,restaurant,debit,Karachi,12,6,0,2024-03-01 07:30:00,0
TXN0002896,3109.81,electronics,transfer,Multan,12,3,1,2024-03-01 08:00:00,0
TXN0002897,6913.1,online,transfer,Peshawar,17,1,0,2024-03-01 08:30:00,0
TXN0002898,624.5,grocery,credit,Quetta,21,2,0,2024-03-01 09:00:00,0
TXN0002899,22967.94,travel,transfer,Multan,20,5,0,2024-03-01 09:30:00,0
TXN0002900,3634.1,restaurant,credit,Multan,10,6,1,2024-03-01 10:00:00,0
TXN0002901,19496.64,grocery,debit,Quetta,14,4,0,2024-03-01 10:30:00,0
TXN0002902,12132.02,online,debit,Karachi,20,2,0,2024-03-01 11:00:00,0
TXN0002903,11266.27,grocery,debit,Islamabad,13,0,1,2024-03-01 11:30:00,0
TXN0002904,7465.86,travel,transfer,Karachi,8,6,1,2024-03-01 12:00:00,0
TXN0002905,7884.78,online,withdrawal,Islamabad,11,3,0,2024-03-01 12:30:00,0
TXN0002906,385155.65,online,debit,Lahore,2,2,0,2024-03-01 13:00:00,1
TXN0002907,7926.42,online,debit,Quetta,18,4,1,2024-03-01 13:30:00,0
TXN0002908,6454.62,online,debit,Multan,13,2,1,2024-03-01 14:00:00,0
TXN0002909,34389.73,electronics,transfer,Multan,18,2,0,2024-03-01 14:30:00,0
TXN0002910,10542.82,travel,transfer,Multan,21,1,0,2024-03-01 15:00:00,0
TXN0002911,12002.75,grocery,debit,Quetta,19,3,1,2024-03-01 15:30:00,0
TXN0002912,16474.78,atm,transfer,Quetta,19,0,0,2024-03-01 16:00:00,0
TXN0002913,364192.72,atm,transfer,Islamabad,3,4,0,2024-03-01 16:30:00,1
TXN0002914,700.2,grocery,debit,Multan,13,5,0,2024-03-01 17:00:00,0
TXN0002915,5276.07,grocery,credit,Karachi,19,5,1,2024-03-01 17:30:00,0
TXN0002916,5773.7,grocery,credit,Islamabad,17,4,1,2024-03-01 18:00:00,0
TXN0002917,14137.24,healthcare,debit,Multan,13,0,0,2024-03-01 18:30:00,0
TXN0002918,4692.78,atm,credit,Quetta,19,4,0,2024-03-01 19:00:00,0
TXN0002919,6767.65,electronics,debit,Quetta,16,1,0,2024-03-01 19:30:00,0
TXN0002920,5990.48,travel,credit,Quetta,16,5,1,2024-03-01 20:00:00,0
TXN0002921,311.61,electronics,transfer,Multan,9,6,0,2024-03-01 20:30:00,0
TXN0002922,7640.56,online,credit,Quetta,11,5,1,2024-03-01 21:00:00,0
TXN0002923,14084.1,atm,debit,Lahore,16,6,0,2024-03-01 21:30:00,0
TXN0002924,1371.06,travel,debit,Quetta,21,2,1,2024-03-01 22:00:00,0
TXN0002925,7217.76,restaurant,credit,Multan,20,1,0,2024-03-01 22:30:00,0
TXN0002926,7203.55,online,debit,Islamabad,11,5,1,2024-03-01 23:00:00,0
TXN0002927,555064.8,grocery,credit,Quetta,1,1,1,2024-03-01 23:30:00,1
TXN0002928,1054.22,online,debit,Peshawar,17,1,0,2024-03-02 00:00:00,0
TXN0002929,31316.99,travel,transfer,Lahore,19,0,1,2024-03-02 00:30:00,0
TXN0002930,4003.3,restaurant,transfer,Multan,10,5,0,2024-03-02 01:00:00,0
TXN0002931,2064.18,electronics,transfer,Quetta,10,6,1,2024-03-02 01:30:00,0
TXN0002932,1503.41,travel,debit,Peshawar,16,3,0,2024-03-02 02:00:00,0
TXN0002933,8811.37,online,transfer,Multan,18,6,1,2024-03-02 02:30:00,0
TXN0002934,7521.5,online,debit,Islamabad,17,0,1,2024-03-02 03:00:00,0
TXN0002935,8252.54,electronics,transfer,Lahore,15,0,0,2024-03-02 03:30:00,0
TXN0002936,736.98,healthcare,debit,Quetta,8,1,1,2024-03-02 04:00:00,0
TXN0002937,17919.48,electronics,transfer,Islamabad,17,3,0,2024-03-02 04:30:00,0
TXN0002938,3944.76,electronics,credit,Multan,21,0,0,2024-03-02 05:00:00,0
TXN0002939,3007.67,restaurant,transfer,Peshawar,9,3,0,2024-03-02 05:30:00,0
TXN0002940,4964.55,grocery,transfer,Multan,10,5,1,2024-03-02 06:00:00,0
TXN0002941,3955.24,grocery,debit,Multan,21,1,1,2024-03-02 06:30:00,0
TXN0002942,15935.96,online,withdrawal,Lahore,18,0,1,2024-03-02 07:00:00,0
TXN0002943,21190.06,grocery,debit,Quetta,9,3,0,2024-03-02 07:30:00,0
TXN0002944,2892.96,healthcare,withdrawal,Islamabad,10,4,0,2024-03-02 08:00:00,0
TXN0002945,15957.03,travel,transfer,Lahore,15,6,1,2024-03-02 08:30:00,0
TXN0002946,12168.6,online,withdrawal,Peshawar,18,0,0,2024-03-02 09:00:00,0
TXN0002947,21366.92,grocery,debit,Quetta,18,0,1,2024-03-02 09:30:00,0
TXN0002948,2256.25,electronics,debit,Lahore,19,0,1,2024-03-02 10:00:00,0
TXN0002949,6882.29,online,transfer,Peshawar,21,3,0,2024-03-02 10:30:00,0
TXN0002950,2567.65,online,withdrawal,Peshawar,13,2,0,2024-03-02 11:00:00,0
TXN0002951,13902.47,atm,debit,Islamabad,21,5,0,2024-03-02 11:30:00,0
TXN0002952,42.71,electronics,debit,Multan,14,6,0,2024-03-02 12:00:00,0
TXN0002953,6655.95,online,debit,Peshawar,17,0,1,2024-03-02 12:30:00,0
TXN0002954,3314.47,electronics,transfer,Peshawar,20,4,0,2024-03-02 13:00:00,0
TXN0002955,3116.94,online,transfer,Multan,17,4,0,2024-03-02 13:30:00,0
TXN0002956,8282.99,online,debit,Karachi,13,1,0,2024-03-02 14:00:00,0
TXN0002957,15256.52,grocery,debit,Peshawar,8,2,1,2024-03-02 14:30:00,0
TXN0002958,7516.38,online,credit,Quetta,18,2,0,2024-03-02 15:00:00,0
TXN0002959,15348.0,grocery,debit,Lahore,10,3,0,2024-03-02 15:30:00,0
TXN0002960,2458.69,online,transfer,Multan,20,1,1,2024-03-02 16:00:00,0
TXN0002961,5863.46,online,credit,Multan,8,6,1,2024-03-02 16:30:00,0
TXN0002962,4790.5,grocery,transfer,Multan,19,3,1,2024-03-02 17:00:00,0
TXN0002963,628877.03,restaurant,transfer,Quetta,22,1,0,2024-03-02 17:30:00,1
TXN0002964,6510.09,travel,credit,Multan,19,5,1,2024-03-02 18:00:00,0
TXN0002965,8666.42,restaurant,debit,Quetta,16,2,1,2024-03-02 18:30:00,0
TXN0002966,7170.23,grocery,transfer,Islamabad,20,6,0,2024-03-02 19:00:00,0
TXN0002967,10662.94,restaurant,debit,Karachi,16,5,0,2024-03-02 19:30:00,0
TXN0002968,6776.72,grocery,transfer,Multan,12,6,1,2024-03-02 20:00:00,0
TXN0002969,552.66,travel,debit,Karachi,11,3,0,2024-03-02 20:30:00,0
TXN0002970,990.42,restaurant,transfer,Multan,19,1,0,2024-03-02 21:00:00,0
TXN0002971,7260.13,grocery,debit,Quetta,16,2,1,2024-03-02 21:30:00,0
TXN0002972,2572.44,grocery,debit,Lahore,16,2,0,2024-03-02 22:00:00,0
TXN0002973,663.97,atm,debit,Karachi,10,6,0,2024-03-02 22:30:00,0
TXN0002974,4491.38,online,withdrawal,Karachi,12,6,1,2024-03-02 23:00:00,0
TXN0002975,6465.28,online,withdrawal,Quetta,10,6,1,2024-03-02 23:30:00,0
TXN0002976,3188.86,grocery,debit,Karachi,17,0,0,2024-03-03 00:00:00,0
TXN0002977,10196.13,online,debit,Islamabad,9,3,1,2024-03-03 00:30:00,0
TXN0002978,8257.44,grocery,debit,Quetta,8,0,1,2024-03-03 01:00:00,0
TXN0002979,481844.35,restaurant,debit,Karachi,2,6,0,2024-03-03 01:30:00,1
TXN0002980,11247.82,online,transfer,Karachi,17,6,0,2024-03-03 02:00:00,0
TXN0002981,8368.8,atm,credit,Karachi,9,2,0,2024-03-03 02:30:00,0
TXN0002982,8116.64,grocery,transfer,Quetta,15,3,1,2024-03-03 03:00:00,0
TXN0002983,6449.23,restaurant,transfer,Lahore,18,3,1,2024-03-03 03:30:00,0
TXN0002984,91.64,online,credit,Peshawar,15,5,0,2024-03-03 04:00:00,0
TXN0002985,60510.89,restaurant,transfer,Multan,23,4,0,2024-03-03 04:30:00,1
TXN0002986,3773.38,electronics,debit,Karachi,14,1,0,2024-03-03 05:00:00,0
TXN0002987,22863.04,atm,debit,Peshawar,14,4,0,2024-03-03 05:30:00,0
TXN0002988,13629.32,online,transfer,Peshawar,9,4,1,2024-03-03 06:00:00,0
TXN0002989,7087.93,grocery,debit,Karachi,16,6,1,2024-03-03 06:30:00,0
TXN0002990,2324.76,travel,debit,Karachi,10,2,1,2024-03-03 07:00:00,0
TXN0002991,1822.41,grocery,withdrawal,Multan,9,5,1,2024-03-03 07:30:00,0
TXN0002992,3328.79,electronics,credit,Peshawar,19,1,1,2024-03-03 08:00:00,0
TXN0002993,5178.78,electronics,credit,Lahore,10,6,1,2024-03-03 08:30:00,0
TXN0002994,2808.56,travel,transfer,Peshawar,9,6,0,2024-03-03 09:00:00,0
TXN0002995,5787.69,online,debit,Lahore,15,4,1,2024-03-03 09:30:00,0
TXN0002996,1446.14,online,withdrawal,Islamabad,12,4,1,2024-03-03 10:00:00,0
TXN0002997,30429.95,grocery,debit,Lahore,10,3,1,2024-03-03 10:30:00,0
TXN0002998,913.64,atm,credit,Multan,12,2,1,2024-03-03 11:00:00,0
TXN0002999,21499.41,restaurant,transfer,Quetta,18,4,0,2024-03-03 11:30:00,0
